[1,["93/7ohd/lJmK/JRiOwlXdD","3d78ndzdBEuowEnQDBFDPn","dd9JfGFHxN+IwZyogJUSuh","bdx3mNeddE/bR90RlyGfHb","0aDx+EahBAMa2e+o5fItb6","c5NnGY3l9A3q5bZdk+27qx","9df8VwTbpLfprGiUNZLl4Q","2fQYvx/IZEg7LF9EsqYMJL","1dfv6MTFZGX4LauGAGCcSU","bcZ+fPgARIY7oo9556UHu5","e2UrG8tdxEVrwpEvoLTMxR","635zY1s25CjYd6lDTzGyuc","c2q50Q01tNMrNXVOAtbWiY","a42k01l7VGypzMX/YiYaCb","e2bVgnR9pOxJm9j4QT+4KT","33eJBJxAtOI5K4zqJNBZ8W","6bTwmPX0ZHi4V+6+9XtNM2","4eyc4gLaZAB7PuR8DX65s6"],["_textureSetter","0","1","2","3","4","5","6","7","9","+","8、","bestComboIcon","levelGiftBoxIcon","levelGiftBoxLight","star","starNumBg","wartchlevelGiftBoxIcon"],["cc.SpriteFrame",["cc.SpriteAtlas",["_name","_spriteFrames"],2,11]],[[1,0,1,2]],[[[[0,"levelGiftBoxImg.plist",[{},"0",6,0,"1",6,1,"2",6,2,"3",6,3,"4",6,4,"5",6,5,"6",6,6,"7",6,7,"9",6,8,"+",6,9,"8、",6,10,"bestComboIcon",6,11,"levelGiftBoxIcon",6,12,"levelGiftBoxLight",6,13,"star",6,14,"starNumBg",6,15,"wartchlevelGiftBoxIcon",6,16]]],0,0,[0,0,0,0,0,0,0,0,0,0,0,0,0,0,0,0,0],[1,2,3,4,5,6,7,8,9,10,11,12,13,14,15,16,17],[1,2,3,4,5,6,7,8,9,10,11,12,13,14,15,16,17]],[[{"name":"3","rect":[310,821,68,76],"offset":[0,0],"originalSize":[68,76],"capInsets":[0,0,0,0]}],[0],0,[0],[0],[0]],[[{"name":"7","rect":[443,388,67,76],"offset":[0,0],"originalSize":[67,76],"capInsets":[0,0,0,0]}],[0],0,[0],[0],[0]],[[{"name":"6","rect":[294,443,70,76],"offset":[0,0],"originalSize":[70,76],"capInsets":[0,0,0,0]}],[0],0,[0],[0],[0]],[[{"name":"0","rect":[294,599,70,76],"offset":[0,0],"originalSize":[70,76],"capInsets":[0,0,0,0]}],[0],0,[0],[0],[0]],[[{"name":"wartchlevelGiftBoxIcon","rect":[2,365,376,290],"offset":[-1,-1],"originalSize":[378,292],"rotated":1,"capInsets":[0,0,0,0]}],[0],0,[0],[0],[0]],[[{"name":"8、","rect":[366,571,69,76],"offset":[0,0],"originalSize":[69,76],"capInsets":[0,0,0,0]}],[0],0,[0],[0],[0]],[[{"name":"5","rect":[310,743,68,76],"offset":[0,0],"originalSize":[68,76],"capInsets":[0,0,0,0]}],[0],0,[0],[0],[0]],[[{"name":"9","rect":[294,365,70,76],"offset":[0,0],"originalSize":[70,76],"capInsets":[0,0,0,0]}],[0],0,[0],[0],[0]],[[{"name":"2","rect":[310,899,68,76],"offset":[0,0],"originalSize":[68,76],"capInsets":[0,0,0,0]}],[0],0,[0],[0],[0]],[[{"name":"bestComboIcon","rect":[443,2,384,67],"offset":[0,0],"originalSize":[384,67],"rotated":1,"capInsets":[0,0,0,0]}],[0],0,[0],[0],[0]],[[{"name":"4","rect":[294,521,70,76],"offset":[0,0],"originalSize":[70,76],"capInsets":[0,0,0,0]}],[0],0,[0],[0],[0]],[[{"name":"1","rect":[443,466,56,76],"offset":[0,0],"originalSize":[56,76],"capInsets":[0,0,0,0]}],[0],0,[0],[0],[0]],[[{"name":"+","rect":[294,677,63,64],"offset":[0,-5],"originalSize":[63,76],"capInsets":[0,0,0,0]}],[0],0,[0],[0],[0]]]]