[1,["41VZL9mfBIU7M+ubXCTI5G"],0,[["sp.SkeletonData",["_name","_atlasText","textureNames","_skeletonJson","textures"],-1,3]],[[0,0,1,2,3,4,5]],[[0,"zuma","\nzuma.png\nsize: 256,128\nformat: RGBA8888\nfilter: Linear,Linear\nrepeat: none\n1\n  rotate: false\n  xy: 2, 27\n  size: 96, 96\n  orig: 98, 98\n  offset: 1, 1\n  index: -1\n2\n  rotate: false\n  xy: 100, 5\n  size: 34, 34\n  orig: 42, 42\n  offset: 4, 4\n  index: -1\n3_1\n  rotate: false\n  xy: 100, 41\n  size: 36, 36\n  orig: 42, 42\n  offset: 2, 2\n  index: -1\n3_2\n  rotate: false\n  xy: 100, 79\n  size: 32, 44\n  orig: 65, 50\n  offset: 31, 3\n  index: -1\n3_3\n  rotate: false\n  xy: 37, 3\n  size: 30, 22\n  orig: 35, 26\n  offset: 3, 2\n  index: -1\n3_4\n  rotate: true\n  xy: 2, 2\n  size: 23, 33\n  orig: 31, 51\n  offset: 2, 12\n  index: -1\n5\n  rotate: false\n  xy: 69, 5\n  size: 20, 20\n  orig: 26, 26\n  offset: 3, 3\n  index: -1\n",["zuma.png"],{"skeleton":{"hash":"Ym27DVfTm3nJXjy+Xy1VbLJMgdg","spine":"3.8.99","x":-360,"y":-605.6,"width":720,"height":1280,"images":"./images/","audio":"D:/项目（zhao）/祖玛"},"bones":[{"name":"root"},{"name":"bone","parent":"root"},{"name":"bone2","parent":"root"},{"name":"bone8","parent":"root"},{"name":"bone4","parent":"bone8"},{"name":"bone5","parent":"bone8"},{"name":"bone6","parent":"bone8"},{"name":"bone7","parent":"bone8"},{"name":"bone9","parent":"root","rotation":159.92},{"name":"bone10","parent":"bone9"},{"name":"bone11","parent":"bone9"},{"name":"bone12","parent":"bone9"},{"name":"bone13","parent":"bone9"},{"name":"bone21","parent":"bone"},{"name":"bone3","parent":"bone21","x":5.94,"y":41.07},{"name":"bone14","parent":"bone21","x":38.9,"y":12.82},{"name":"bone15","parent":"bone21","x":34.46,"y":-27.56},{"name":"bone16","parent":"bone21","x":-0.12,"y":-37.83},{"name":"bone17","parent":"bone21","x":-31.33,"y":-25.21},{"name":"bone18","parent":"bone21","x":-39.29,"y":6.66},{"name":"bone19","parent":"bone21","x":-30.33,"y":31.89},{"name":"bone20","parent":"bone21","x":-30.33,"y":31.89},{"name":"bone22","parent":"bone"},{"name":"bone23","parent":"bone22","x":5.94,"y":41.07},{"name":"bone24","parent":"bone22","x":38.9,"y":12.82},{"name":"bone25","parent":"bone22","x":34.46,"y":-27.56},{"name":"bone26","parent":"bone22","x":-0.12,"y":-37.83},{"name":"bone27","parent":"bone22","x":-31.33,"y":-25.21},{"name":"bone28","parent":"bone22","x":-39.29,"y":6.66},{"name":"bone29","parent":"bone22","x":-30.33,"y":31.89},{"name":"bone30","parent":"bone22","x":-30.33,"y":31.89}],"slots":[{"name":"1","bone":"bone","attachment":"1"},{"name":"3","bone":"bone","color":"ffffff81","attachment":"1","blend":"additive"},{"name":"2","bone":"bone2","color":"ffffff00","attachment":"2"},{"name":"3_5","bone":"bone7","attachment":"3_1"},{"name":"3_9","bone":"bone13","attachment":"3_1","blend":"additive"},{"name":"3_2","bone":"bone4","attachment":"3_2"},{"name":"3_6","bone":"bone10","attachment":"3_2","blend":"additive"},{"name":"3_3","bone":"bone5","attachment":"3_3"},{"name":"3_7","bone":"bone11","attachment":"3_3","blend":"additive"},{"name":"3_4","bone":"bone6","attachment":"3_4"},{"name":"3_8","bone":"bone12","attachment":"3_4","blend":"additive"},{"name":"5","bone":"bone3","color":"ffffff00","attachment":"5"},{"name":"13","bone":"bone23","color":"ffffff00","attachment":"5"},{"name":"6","bone":"bone14","color":"ffffff00","attachment":"5"},{"name":"14","bone":"bone24","color":"ffffff00","attachment":"5"},{"name":"7","bone":"bone15","color":"ffffff00","attachment":"5"},{"name":"15","bone":"bone25","color":"ffffff00","attachment":"5"},{"name":"8","bone":"bone16","color":"ffffff00","attachment":"5"},{"name":"16","bone":"bone26","color":"ffffff00","attachment":"5"},{"name":"9","bone":"bone17","color":"ffffff00","attachment":"5"},{"name":"17","bone":"bone27","color":"ffffff00","attachment":"5"},{"name":"10","bone":"bone18","color":"ffffff00","attachment":"5"},{"name":"18","bone":"bone28","color":"ffffff00","attachment":"5"},{"name":"11","bone":"bone19","color":"ffffff00","attachment":"5"},{"name":"19","bone":"bone29","color":"ffffff00","attachment":"5"},{"name":"12","bone":"bone20","color":"ffffff00","attachment":"5"},{"name":"20","bone":"bone30","color":"ffffff00","attachment":"5"}],"skins":[{"name":"default","attachments":{"1":{"1":{"x":-0.01,"y":0.62,"width":98,"height":98}},"2":{"2":{"x":-0.01,"y":-0.38,"width":42,"height":42}},"3":{"1":{"x":-0.01,"y":0.62,"width":98,"height":98}},"5":{"5":{"width":26,"height":26}},"6":{"5":{"width":26,"height":26}},"7":{"5":{"width":26,"height":26}},"8":{"5":{"width":26,"height":26}},"9":{"5":{"width":26,"height":26}},"10":{"5":{"width":26,"height":26}},"11":{"5":{"width":26,"height":26}},"12":{"5":{"width":26,"height":26}},"13":{"5":{"width":26,"height":26}},"14":{"5":{"width":26,"height":26}},"15":{"5":{"width":26,"height":26}},"16":{"5":{"width":26,"height":26}},"17":{"5":{"width":26,"height":26}},"18":{"5":{"width":26,"height":26}},"19":{"5":{"width":26,"height":26}},"20":{"5":{"width":26,"height":26}},"3_2":{"3_2":{"x":-0.51,"y":-8.38,"width":65,"height":50}},"3_3":{"3_3":{"x":8.49,"y":21.62,"width":35,"height":26}},"3_4":{"3_4":{"x":-14.51,"y":8.12,"rotation":-25.76,"width":31,"height":51}},"3_5":{"3_1":{"x":-12.01,"y":-12.38,"width":42,"height":42}},"3_6":{"3_2":{"x":-0.51,"y":-8.38,"width":65,"height":50}},"3_7":{"3_3":{"x":8.49,"y":21.62,"width":35,"height":26}},"3_8":{"3_4":{"x":-14.51,"y":8.12,"rotation":-25.76,"width":31,"height":51}},"3_9":{"3_1":{"x":-12.01,"y":-12.38,"width":42,"height":42}}}}],"animations":{"animation":{"slots":{"3":{"color":[{"color":"ffffff7a","curve":0.25,"c3":0.75},{"time":1.5,"color":"ffffff00","curve":0.25,"c3":0.75},{"time":3,"color":"ffffff7a"}]},"5":{"color":[{"color":"ffffff93","curve":"stepped"},{"time":1.3333,"color":"ffffff93"},{"time":1.6333,"color":"ffffff00","curve":"stepped"},{"time":1.6667,"color":"ffffff00"},{"time":2.1667,"color":"ffffff93","curve":"stepped"},{"time":3,"color":"ffffff93"}]},"6":{"color":[{"color":"ffffffff"},{"time":0.6667,"color":"ffffff91"},{"time":1.6667,"color":"ffffffff"},{"time":1.9667,"color":"ffffff00","curve":"stepped"},{"time":2,"color":"ffffff00"},{"time":2.5,"color":"ffffffff","curve":"stepped"},{"time":3,"color":"ffffffff"}]},"7":{"color":[{"color":"ffffffb5","curve":"stepped"},{"time":0.6667,"color":"ffffffb5"},{"time":0.9667,"color":"ffffff00","curve":"stepped"},{"time":1,"color":"ffffff00"},{"time":1.5,"color":"ffffffb5","curve":"stepped"},{"time":3,"color":"ffffffb5"}]},"8":{"color":[{"color":"ffffffff"},{"time":0.3,"color":"ffffff00","curve":"stepped"},{"time":0.3333,"color":"ffffff00"},{"time":0.8333,"color":"ffffffff","curve":"stepped"},{"time":3,"color":"ffffffff"}]},"9":{"color":[{"color":"ffffffff","curve":"stepped"},{"time":0.5,"color":"ffffffff"},{"time":0.8,"color":"ffffff00","curve":"stepped"},{"time":0.8333,"color":"ffffff00"},{"time":1.3333,"color":"ffffffff","curve":"stepped"},{"time":3,"color":"ffffffff"}]},"10":{"color":[{"color":"ffffffff","curve":"stepped"},{"time":1,"color":"ffffffff"},{"time":1.3,"color":"ffffff00","curve":"stepped"},{"time":1.3333,"color":"ffffff00"},{"time":1.8333,"color":"ffffffff","curve":"stepped"},{"time":3,"color":"ffffffff"}]},"11":{"color":[{"color":"ffffffff","curve":"stepped"},{"time":1.5,"color":"ffffffff"},{"time":1.8,"color":"ffffff00","curve":"stepped"},{"time":1.8333,"color":"ffffff00"},{"time":2.3333,"color":"ffffffff","curve":"stepped"},{"time":3,"color":"ffffffff"}]},"12":{"color":[{"color":"ffffff9e"},{"time":0.8333,"color":"ffffffff"},{"time":1.4,"color":"ffffff95"},{"time":1.8333,"color":"ffffffff"},{"time":2.1333,"color":"ffffff00","curve":"stepped"},{"time":2.1667,"color":"ffffff00"},{"time":2.6667,"color":"ffffffff"},{"time":3,"color":"ffffff9e"}]},"13":{"color":[{"color":"ffffff71"},{"time":0.1333,"color":"ffffff00","curve":"stepped"},{"time":0.1667,"color":"ffffff00"},{"time":0.6667,"color":"ffffffff"},{"time":1.5,"color":"ffffff7d"},{"time":2.8333,"color":"ffffffff"},{"time":3,"color":"ffffff71"}]},"14":{"color":[{"color":"ffffffff","curve":"stepped"},{"time":0.1667,"color":"ffffffff"},{"time":0.4667,"color":"ffffff00","curve":"stepped"},{"time":0.5,"color":"ffffff00"},{"time":1,"color":"ffffffff","curve":"stepped"},{"time":1.5,"color":"ffffffff","curve":"stepped"},{"time":3,"color":"ffffffff"}]},"15":{"color":[{"color":"ffffffa5","curve":"stepped"},{"time":1.5,"color":"ffffffa5","curve":"stepped"},{"time":2.1667,"color":"ffffffa5"},{"time":2.4667,"color":"ffffff00","curve":"stepped"},{"time":2.5,"color":"ffffff00"},{"time":3,"color":"ffffffa5"}]},"16":{"color":[{"color":"ffffffff","curve":"stepped"},{"time":1.5,"color":"ffffffff"},{"time":1.8,"color":"ffffff00","curve":"stepped"},{"time":1.8333,"color":"ffffff00"},{"time":2.3333,"color":"ffffffff","curve":"stepped"},{"time":3,"color":"ffffffff"}]},"17":{"color":[{"color":"ffffffff"},{"time":1,"color":"ffffff76"},{"time":2,"color":"ffffffff"},{"time":2.3,"color":"ffffff00","curve":"stepped"},{"time":2.3333,"color":"ffffff00"},{"time":2.8333,"color":"ffffff8c"},{"time":3,"color":"ffffffff"}]},"18":{"color":[{"color":"ffffff55"},{"time":0.3333,"color":"ffffffff","curve":"stepped"},{"time":1.5,"color":"ffffffff","curve":"stepped"},{"time":2.5,"color":"ffffffff"},{"time":2.8,"color":"ffffff00","curve":"stepped"},{"time":2.8333,"color":"ffffff00"},{"time":3,"color":"ffffff55"}]},"19":{"color":[{"color":"ffffffff"},{"time":0.3,"color":"ffffff00","curve":"stepped"},{"time":0.3333,"color":"ffffff00"},{"time":0.8333,"color":"ffffffff","curve":"stepped"},{"time":1.5,"color":"ffffffff","curve":"stepped"},{"time":3,"color":"ffffffff"}]},"20":{"color":[{"color":"ffffffff","curve":"stepped"},{"time":0.3333,"color":"ffffffff"},{"time":0.6333,"color":"ffffff00","curve":"stepped"},{"time":0.6667,"color":"ffffff00"},{"time":1.1667,"color":"ffffffff"},{"time":2.0333,"color":"ffffff9a"},{"time":3,"color":"ffffffff"}]},"3_2":{"color":[{"time":0.5,"color":"ffffffff","curve":0.25,"c3":0.75},{"time":0.9667,"color":"ffffff00","curve":0.25,"c3":0.75},{"time":1.5,"color":"ffffffff"}]},"3_3":{"color":[{"time":1,"color":"ffffffff","curve":0.25,"c3":0.75},{"time":1.4667,"color":"ffffff00","curve":0.25,"c3":0.75},{"time":2,"color":"ffffffff"}]},"3_4":{"color":[{"time":1.5333,"color":"ffffffff","curve":0.25,"c3":0.75},{"time":1.9667,"color":"ffffff00","curve":0.25,"c3":0.75},{"time":2.5,"color":"ffffffff"}]},"3_5":{"color":[{"time":2,"color":"ffffffff","curve":0.25,"c3":0.75},{"time":2.4667,"color":"ffffff00","curve":0.25,"c3":0.75},{"time":3,"color":"ffffffff"}]},"3_6":{"color":[{"color":"ffffffb5","curve":0.382,"c2":0.57,"c3":0.735},{"time":0.1667,"color":"ffffff98"},{"time":0.6667,"color":"ffffffff","curve":0.25,"c3":0.75},{"time":1.1333,"color":"ffffff00","curve":0.25,"c3":0.75},{"time":1.6667,"color":"ffffffff","curve":0.25,"c3":0.75},{"time":2.1667,"color":"ffffff98"},{"time":2.6667,"color":"ffffffff","curve":0.243,"c3":0.649,"c4":0.6},{"time":3,"color":"ffffffb5"}]},"3_7":{"color":[{"color":"ffffffd2"},{"time":0.1667,"color":"ffffffff","curve":0.25,"c3":0.75},{"time":0.6667,"color":"ffffff7a"},{"time":1.1667,"color":"ffffffff","curve":0.25,"c3":0.75},{"time":1.6333,"color":"ffffff00","curve":0.25,"c3":0.75},{"time":2.1667,"color":"ffffffff","curve":0.25,"c3":0.75},{"time":2.6667,"color":"ffffff7a"},{"time":3,"color":"ffffffd2"}]},"3_8":{"color":[{"color":"ffffffa2","curve":0.382,"c2":0.57,"c3":0.735},{"time":0.1667,"color":"ffffff7d"},{"time":0.7,"color":"ffffffff","curve":0.25,"c3":0.75},{"time":1.1667,"color":"ffffff7d"},{"time":1.7,"color":"ffffffff","curve":0.25,"c3":0.75},{"time":2.1333,"color":"ffffff00","curve":0.25,"c3":0.75},{"time":2.6667,"color":"ffffffff","curve":0.243,"c3":0.649,"c4":0.6},{"time":3,"color":"ffffffa2"}]},"3_9":{"color":[{"color":"ffffffbd","curve":0.382,"c2":0.58,"c3":0.733},{"time":0.1667,"color":"ffffffff"},{"time":0.6667,"color":"ffffff7b"},{"time":1.1667,"color":"ffffffff"},{"time":1.6667,"color":"ffffff7b"},{"time":2.1667,"color":"ffffffff"},{"time":2.6333,"color":"ffffff00","curve":0.243,"c3":0.653,"c4":0.62},{"time":3,"color":"ffffffbd"}]}},"bones":{"bone":{"rotate":[{},{"time":1,"angle":-120},{"time":2,"angle":120},{"time":3}]},"bone2":{"rotate":[{},{"time":1,"angle":-120},{"time":2,"angle":120},{"time":3}]},"bone5":{"rotate":[{},{"time":0.5,"angle":-120},{"time":1,"angle":120},{"time":1.5},{"time":2,"angle":-120},{"time":2.5,"angle":120},{"time":3}],"scale":[{"x":0.883,"y":0.883},{"time":1.4667,"x":0.379,"y":0.379,"curve":"stepped"},{"time":1.5,"x":1.399,"y":1.399},{"time":3,"x":0.883,"y":0.883}]},"bone6":{"rotate":[{},{"time":0.5333,"angle":-120},{"time":1,"angle":120},{"time":1.5333},{"time":2,"angle":-120},{"time":2.5,"angle":120},{"time":3}],"scale":[{"x":1.188,"y":1.188},{"time":1.9667,"x":0.601,"y":0.601,"curve":"stepped"},{"time":2,"x":1.486,"y":1.486},{"time":3,"x":1.188,"y":1.188}]},"bone4":{"rotate":[{},{"time":0.5,"angle":-120},{"time":1,"angle":120},{"time":1.5},{"time":2,"angle":-120},{"time":2.5,"angle":120},{"time":3}],"scale":[{"x":0.711,"y":0.711},{"time":0.9667,"x":0.379,"y":0.379,"curve":"stepped"},{"time":1,"x":1.399,"y":1.399},{"time":3,"x":0.711,"y":0.711}]},"bone7":{"rotate":[{},{"time":0.5,"angle":-120},{"time":1,"angle":120},{"time":1.5},{"time":2,"angle":-120},{"time":2.5,"angle":120},{"time":3}],"scale":[{"x":1.227,"y":1.227},{"time":2.4667,"x":0.379,"y":0.379,"curve":"stepped"},{"time":2.5,"x":1.399,"y":1.399},{"time":3,"x":1.227,"y":1.227}]},"bone10":{"rotate":[{"angle":40},{"time":0.1667},{"time":0.6667,"angle":-120},{"time":1.1667,"angle":120},{"time":1.6667},{"time":2.1667,"angle":-120},{"time":2.6667,"angle":120},{"time":3,"angle":40}],"scale":[{"x":0.769,"y":0.769},{"time":0.1667,"x":0.711,"y":0.711},{"time":1.1333,"x":0.379,"y":0.379,"curve":"stepped"},{"time":1.1667,"x":1.399,"y":1.399},{"time":3,"x":0.769,"y":0.769}]},"bone11":{"rotate":[{"angle":40},{"time":0.1667},{"time":0.6667,"angle":-120},{"time":1.1667,"angle":120},{"time":1.6667},{"time":2.1667,"angle":-120},{"time":2.6667,"angle":120},{"time":3,"angle":40}],"scale":[{"x":0.941,"y":0.941},{"time":0.1667,"x":0.883,"y":0.883},{"time":1.6333,"x":0.379,"y":0.379,"curve":"stepped"},{"time":1.6667,"x":1.399,"y":1.399},{"time":3,"x":0.941,"y":0.941}]},"bone12":{"rotate":[{"angle":40},{"time":0.1667},{"time":0.7,"angle":-120},{"time":1.1667,"angle":120},{"time":1.7},{"time":2.1667,"angle":-120},{"time":2.6667,"angle":120},{"time":3,"angle":40}],"scale":[{"x":1.237,"y":1.237},{"time":0.1667,"x":1.188,"y":1.188},{"time":2.1333,"x":0.601,"y":0.601,"curve":"stepped"},{"time":2.1667,"x":1.486,"y":1.486},{"time":3,"x":1.237,"y":1.237}]},"bone13":{"rotate":[{"angle":40},{"time":0.1667},{"time":0.6667,"angle":-120},{"time":1.1667,"angle":120},{"time":1.6667},{"time":2.1667,"angle":-120},{"time":2.6667,"angle":120},{"time":3,"angle":40}],"scale":[{"x":1.285,"y":1.285},{"time":0.1667,"x":1.227,"y":1.227},{"time":2.6333,"x":0.379,"y":0.379,"curve":"stepped"},{"time":2.6667,"x":1.399,"y":1.399},{"time":3,"x":1.285,"y":1.285}]},"bone9":{"rotate":[{"curve":0.25,"c3":0.75},{"time":1.5,"angle":-92.52,"curve":0.25,"c3":0.75},{"time":3}]},"bone3":{"translate":[{"x":-2.67,"y":-18.46},{"time":1.6333,"x":-5.94,"y":-41.07,"curve":"stepped"},{"time":1.6667},{"time":3,"x":-2.67,"y":-18.46}],"scale":[{"x":0.991,"y":0.991},{"time":1.6333,"x":0,"y":0,"curve":"stepped"},{"time":1.6667,"x":1.8,"y":1.8},{"time":3,"x":0.991,"y":0.991}]},"bone14":{"translate":[{"x":-14.06,"y":-4.32},{"time":1.9667,"x":-38.9,"y":-12.82,"curve":"stepped"},{"time":2,"x":-1.43},{"time":3,"x":-14.06,"y":-4.32}],"scale":[{"x":1.326,"y":1.326},{"time":1.9667,"x":0,"y":0,"curve":"stepped"},{"time":2,"x":2,"y":2},{"time":3,"x":1.326,"y":1.326}]},"bone15":{"translate":[{"x":-23.23,"y":18.58},{"time":0.9667,"x":-34.46,"y":27.56,"curve":"stepped"},{"time":1,"x":-4.77,"y":56.2},{"time":3,"x":-23.23,"y":18.58}],"scale":[{"x":0.749,"y":0.749},{"time":0.9667,"x":0,"y":0,"curve":"stepped"},{"time":1,"x":2.3,"y":2.3},{"time":3,"x":0.749,"y":0.749}]},"bone16":{"translate":[{"x":0.11,"y":34},{"time":0.3,"x":0.12,"y":37.83,"curve":"stepped"},{"time":0.3333},{"time":3,"x":0.11,"y":34}],"scale":[{"x":0.101,"y":0.101},{"time":0.3,"x":0,"y":0,"curve":"stepped"},{"time":0.3333},{"time":3,"x":0.101,"y":0.101}]},"bone17":{"translate":[{"x":22.88,"y":18.41},{"time":0.8,"x":31.33,"y":25.21,"curve":"stepped"},{"time":0.8333,"x":-10.57,"y":32.63},{"time":3,"x":22.88,"y":18.41}],"scale":[{"x":0.404,"y":0.404},{"time":0.8,"x":0,"y":0,"curve":"stepped"},{"time":0.8333,"x":1.5,"y":1.5},{"time":3,"x":0.404,"y":0.404}]},"bone18":{"translate":[{"x":22.08,"y":-3.74},{"time":1.3,"x":39.29,"y":-6.66,"curve":"stepped"},{"time":1.3333},{"time":3,"x":22.08,"y":-3.74}],"scale":[{"x":0.351,"y":0.351},{"time":1.3,"x":0,"y":0,"curve":"stepped"},{"time":1.3333,"x":0.8,"y":0.8},{"time":3,"x":0.351,"y":0.351}]},"bone19":{"translate":[{"x":11.93,"y":-12.54},{"time":1.8,"x":30.33,"y":-31.89,"curve":"stepped"},{"time":1.8333},{"time":3,"x":11.93,"y":-12.54}],"scale":[{"x":0.607,"y":0.607},{"time":1.8,"x":0,"y":0,"curve":"stepped"},{"time":1.8333},{"time":3,"x":0.607,"y":0.607}]},"bone20":{"translate":[{"x":8.52,"y":-8.96},{"time":2.1333,"x":30.33,"y":-31.89,"curve":"stepped"},{"time":2.1667},{"time":3,"x":8.52,"y":-8.96}],"scale":[{"x":1.438,"y":1.438},{"time":2.1333,"x":0,"y":0,"curve":"stepped"},{"time":2.1667,"x":2,"y":2},{"time":3,"x":1.438,"y":1.438}]},"bone23":{"translate":[{"x":-5.67,"y":-39.22},{"time":0.1333,"x":-5.94,"y":-41.07,"curve":"stepped"},{"time":0.1667},{"time":1.5,"x":-2.67,"y":-18.46},{"time":3,"x":-5.67,"y":-39.22}],"scale":[{"x":0.081,"y":0.081},{"time":0.1333,"x":0,"y":0,"curve":"stepped"},{"time":0.1667,"x":1.8,"y":1.8},{"time":1.5,"x":0.991,"y":0.991},{"time":3,"x":0.081,"y":0.081}]},"bone24":{"translate":[{"x":-33.01,"y":-10.8},{"time":0.4667,"x":-38.9,"y":-12.82,"curve":"stepped"},{"time":0.5,"x":-1.43},{"time":1.5,"x":-14.06,"y":-4.32},{"time":3,"x":-33.01,"y":-10.8}],"scale":[{"x":0.315,"y":0.315},{"time":0.4667,"x":0,"y":0,"curve":"stepped"},{"time":0.5,"x":2,"y":2},{"time":1.5,"x":1.326,"y":1.326},{"time":3,"x":0.315,"y":0.315}]},"bone25":{"translate":[{"x":-5.81,"y":4.64},{"time":1.5,"x":-23.23,"y":18.58},{"time":2.4667,"x":-34.46,"y":27.56,"curve":"stepped"},{"time":2.5},{"time":3,"x":-5.81,"y":4.64}],"scale":[{"x":1.912,"y":1.912},{"time":1.5,"x":0.749,"y":0.749},{"time":2.4667,"x":0,"y":0,"curve":"stepped"},{"time":2.5,"x":2.3,"y":2.3},{"time":3,"x":1.912,"y":1.912}]},"bone26":{"translate":[{"x":0.05,"y":14.88},{"time":1.5,"x":0.11,"y":34},{"time":1.8,"x":0.12,"y":37.83,"curve":"stepped"},{"time":1.8333},{"time":3,"x":0.05,"y":14.88}],"scale":[{"x":0.607,"y":0.607},{"time":1.5,"x":0.101,"y":0.101},{"time":1.8,"x":0,"y":0,"curve":"stepped"},{"time":1.8333},{"time":3,"x":0.607,"y":0.607}]},"bone27":{"translate":[{"x":7.04,"y":5.67},{"time":1.5,"x":22.88,"y":18.41},{"time":2.3,"x":31.33,"y":25.21,"curve":"stepped"},{"time":2.3333},{"time":3,"x":7.04,"y":5.67}],"scale":[{"x":1.163,"y":1.163},{"time":1.5,"x":0.404,"y":0.404},{"time":2.3,"x":0,"y":0,"curve":"stepped"},{"time":2.3333,"x":1.5,"y":1.5},{"time":3,"x":1.163,"y":1.163}]},"bone28":{"translate":[{"x":2.21,"y":-0.37},{"time":1.5,"x":22.08,"y":-3.74},{"time":2.8,"x":39.29,"y":-6.66,"curve":"stepped"},{"time":2.8333},{"time":3,"x":2.21,"y":-0.37}],"scale":[{"x":0.755,"y":0.755},{"time":1.5,"x":0.351,"y":0.351},{"time":2.8,"x":0,"y":0,"curve":"stepped"},{"time":2.8333,"x":0.8,"y":0.8},{"time":3,"x":0.755,"y":0.755}]},"bone29":{"translate":[{"x":27.26,"y":-28.67},{"time":0.3,"x":30.33,"y":-31.89,"curve":"stepped"},{"time":0.3333},{"time":1.5,"x":11.93,"y":-12.54},{"time":3,"x":27.26,"y":-28.67}],"scale":[{"x":0.101,"y":0.101},{"time":0.3,"x":0,"y":0,"curve":"stepped"},{"time":0.3333},{"time":1.5,"x":0.607,"y":0.607},{"time":3,"x":0.101,"y":0.101}]},"bone30":{"translate":[{"x":23.86,"y":-25.08},{"time":0.6333,"x":30.33,"y":-31.89,"curve":"stepped"},{"time":0.6667},{"time":1.5,"x":8.52,"y":-8.96},{"time":3,"x":23.86,"y":-25.08}],"scale":[{"x":0.427,"y":0.427},{"time":0.6333,"x":0,"y":0,"curve":"stepped"},{"time":0.6667,"x":2,"y":2},{"time":1.5,"x":1.438,"y":1.438},{"time":3,"x":0.427,"y":0.427}]},"bone22":{"rotate":[{"angle":1.26,"curve":0.25,"c3":0.75},{"time":1.5,"angle":-25.18,"curve":0.25,"c3":0.75},{"time":3,"angle":1.26}]},"bone21":{"rotate":[{"curve":"stepped"},{"time":3}]}}}}},[0]]],0,0,[0],[-1],[0]]