[1,["066UFp+PhFbYD64NAkhBOp"],0,[["sp.SkeletonData",["_name","_atlasText","textureNames","_skeletonJson","textures"],-1,3]],[[0,0,1,2,3,4,5]],[[0,"thunder","\nthunder.png\nsize: 406,404\nformat: RGBA8888\nfilter: Linear,Linear\nrepeat: none\nb380001\n  rotate: true\n  xy: 370, 365\n  size: 37, 34\n  orig: 100, 100\n  offset: 29, 35\n  index: -1\nb380002\n  rotate: false\n  xy: 288, 259\n  size: 80, 84\n  orig: 100, 100\n  offset: 6, 14\n  index: -1\nb380003\n  rotate: true\n  xy: 2, 11\n  size: 92, 86\n  orig: 100, 100\n  offset: 6, 13\n  index: -1\nb380004\n  rotate: false\n  xy: 90, 17\n  size: 90, 81\n  orig: 100, 100\n  offset: 8, 16\n  index: -1\nb380005\n  rotate: false\n  xy: 182, 22\n  size: 85, 76\n  orig: 100, 100\n  offset: 11, 14\n  index: -1\nb380006\n  rotate: false\n  xy: 281, 117\n  size: 81, 69\n  orig: 100, 100\n  offset: 12, 17\n  index: -1\nb380007\n  rotate: false\n  xy: 286, 188\n  size: 84, 69\n  orig: 100, 100\n  offset: 11, 17\n  index: -1\nb380008\n  rotate: false\n  xy: 269, 12\n  size: 80, 56\n  orig: 100, 100\n  offset: 13, 23\n  index: -1\nb380009\n  rotate: false\n  xy: 287, 345\n  size: 81, 57\n  orig: 100, 100\n  offset: 12, 24\n  index: -1\nb380010\n  rotate: false\n  xy: 276, 70\n  size: 81, 45\n  orig: 100, 100\n  offset: 12, 27\n  index: -1\nb380011\n  rotate: true\n  xy: 364, 92\n  size: 57, 37\n  orig: 100, 100\n  offset: 15, 35\n  index: -1\nledian0001\n  rotate: false\n  xy: 364, 151\n  size: 40, 35\n  orig: 80, 160\n  offset: 22, 125\n  index: -1\nledian0002\n  rotate: false\n  xy: 351, 5\n  size: 41, 63\n  orig: 80, 160\n  offset: 17, 97\n  index: -1\nledian0003\n  rotate: false\n  xy: 2, 105\n  size: 51, 154\n  orig: 80, 160\n  offset: 16, 0\n  index: -1\nledian0004\n  rotate: true\n  xy: 142, 233\n  size: 50, 142\n  orig: 80, 160\n  offset: 21, 4\n  index: -1\nledian0005\n  rotate: true\n  xy: 142, 343\n  size: 59, 143\n  orig: 80, 160\n  offset: 11, 0\n  index: -1\nledian0006\n  rotate: false\n  xy: 74, 264\n  size: 66, 138\n  orig: 80, 160\n  offset: 7, 0\n  index: -1\nledian0007\n  rotate: true\n  xy: 142, 285\n  size: 56, 144\n  orig: 80, 160\n  offset: 9, 0\n  index: -1\nledian0008\n  rotate: false\n  xy: 2, 261\n  size: 70, 141\n  orig: 80, 160\n  offset: 10, 1\n  index: -1\nledian0010\n  rotate: false\n  xy: 101, 121\n  size: 36, 141\n  orig: 80, 160\n  offset: 20, 4\n  index: -1\nledian0011\n  rotate: true\n  xy: 139, 145\n  size: 40, 140\n  orig: 80, 160\n  offset: 17, 3\n  index: -1\nledian0012\n  rotate: false\n  xy: 55, 117\n  size: 44, 142\n  orig: 80, 160\n  offset: 15, 1\n  index: -1\nledian0013\n  rotate: true\n  xy: 139, 187\n  size: 44, 139\n  orig: 80, 160\n  offset: 16, 3\n  index: -1\nledian0014\n  rotate: true\n  xy: 139, 100\n  size: 43, 135\n  orig: 80, 160\n  offset: 17, 3\n  index: -1\n",["thunder.png"],{"skeleton":{"hash":"Pcc25yU+5NSgMzE3wfTzbJuip2A","spine":"3.6.53","width":400,"height":663.3,"fps":50,"images":"./images/"},"bones":[{"name":"thunder"},{"name":"dianji","parent":"thunder","y":59.81,"scaleX":4,"scaleY":4,"color":"b0f504ff"},{"name":"flash","parent":"thunder","y":283.11,"scaleX":3,"scaleY":3,"color":"5a07faff"}],"slots":[{"name":"ledian0001","bone":"flash","color":"ffffff00","attachment":"ledian0001","blend":"additive"},{"name":"b380001","bone":"dianji","color":"ffffff00","attachment":"b380001","blend":"additive"}],"skins":{"default":{"b380001":{"b380001":{"width":100,"height":100},"b380002":{"width":100,"height":100},"b380003":{"width":100,"height":100},"b380004":{"width":100,"height":100},"b380005":{"width":100,"height":100},"b380006":{"width":100,"height":100},"b380007":{"width":100,"height":100},"b380008":{"width":100,"height":100},"b380009":{"width":100,"height":100},"b380010":{"width":100,"height":100},"b380011":{"width":100,"height":100}},"ledian0001":{"ledian0001":{"width":80,"height":160},"ledian0002":{"width":80,"height":160},"ledian0003":{"width":80,"height":160},"ledian0004":{"width":80,"height":160},"ledian0005":{"width":80,"height":160},"ledian0006":{"width":80,"height":160},"ledian0007":{"width":80,"height":160},"ledian0008":{"width":80,"height":160},"ledian0010":{"width":80,"height":160},"ledian0011":{"width":80,"height":160},"ledian0012":{"width":80,"height":160},"ledian0013":{"width":80,"height":160},"ledian0014":{"width":80,"height":160}}}},"animations":{"thunder":{"slots":{"b380001":{"color":[{"time":0,"color":"ffffff00","curve":"stepped"},{"time":0.02,"color":"ffffff00"},{"time":0.04,"color":"ffffffff","curve":"stepped"},{"time":0.18,"color":"ffffffff"},{"time":0.24,"color":"ffffff00"}],"attachment":[{"time":0,"name":"b380001"},{"time":0.04,"name":"b380001"},{"time":0.06,"name":"b380002"},{"time":0.08,"name":"b380003"},{"time":0.1,"name":"b380004"},{"time":0.12,"name":"b380005"},{"time":0.14,"name":"b380006"},{"time":0.16,"name":"b380007"},{"time":0.18,"name":"b380008"},{"time":0.2,"name":"b380009"},{"time":0.22,"name":"b380010"},{"time":0.24,"name":"b380011"}]},"ledian0001":{"color":[{"time":0,"color":"ffffff00"},{"time":0.02,"color":"ffffffff","curve":"stepped"},{"time":0.18,"color":"ffffffff"},{"time":0.24,"color":"ffffff00"}],"attachment":[{"time":0,"name":"ledian0001"},{"time":0.02,"name":"ledian0002"},{"time":0.04,"name":"ledian0003"},{"time":0.06,"name":"ledian0004"},{"time":0.08,"name":"ledian0005"},{"time":0.1,"name":"ledian0006"},{"time":0.12,"name":"ledian0007"},{"time":0.14,"name":"ledian0008"},{"time":0.16,"name":"ledian0010"},{"time":0.18,"name":"ledian0011"},{"time":0.2,"name":"ledian0012"},{"time":0.22,"name":"ledian0013"},{"time":0.24,"name":"ledian0014"}]}},"bones":{"thunder":{"rotate":[{"time":0.04,"angle":0,"curve":"stepped"},{"time":0.1,"angle":0,"curve":"stepped"},{"time":0.24,"angle":0}],"translate":[{"time":0.04,"x":0,"y":0,"curve":"stepped"},{"time":0.1,"x":0,"y":0,"curve":"stepped"},{"time":0.24,"x":0,"y":0}],"scale":[{"time":0.04,"x":1,"y":1,"curve":"stepped"},{"time":0.1,"x":1,"y":1,"curve":"stepped"},{"time":0.24,"x":1,"y":1}]},"dianji":{"rotate":[{"time":0,"angle":0}],"translate":[{"time":0,"x":0,"y":0}],"scale":[{"time":0,"x":1,"y":1}],"shear":[{"time":0,"x":0,"y":0}]},"flash":{"rotate":[{"time":0,"angle":0,"curve":"stepped"},{"time":0.24,"angle":0}],"translate":[{"time":0,"x":0,"y":0,"curve":"stepped"},{"time":0.24,"x":0,"y":0}],"scale":[{"time":0,"x":1,"y":1,"curve":"stepped"},{"time":0.24,"x":1,"y":1}]}}}}},[0]]],0,0,[0],[-1],[0]]