[1,["a70B1/ooxJjKVLnApV8vFj"],0,[["sp.SkeletonData",["_name","_atlasText","textureNames","_skeletonJson","textures"],-1,3]],[[0,0,1,2,3,4,5]],[[0,"boss","\nboss.png\nsize: 663,663\nformat: RGBA8888\nfilter: Linear,Linear\nrepeat: none\nb380001\n  rotate: false\n  xy: 399, 434\n  size: 100, 100\n  orig: 100, 100\n  offset: 0, 0\n  index: -1\nb380002\n  rotate: false\n  xy: 399, 332\n  size: 100, 100\n  orig: 100, 100\n  offset: 0, 0\n  index: -1\nb380003\n  rotate: false\n  xy: 390, 230\n  size: 100, 100\n  orig: 100, 100\n  offset: 0, 0\n  index: -1\nb380004\n  rotate: false\n  xy: 546, 459\n  size: 100, 100\n  orig: 100, 100\n  offset: 0, 0\n  index: -1\nb380005\n  rotate: false\n  xy: 546, 357\n  size: 100, 100\n  orig: 100, 100\n  offset: 0, 0\n  index: -1\nb380006\n  rotate: false\n  xy: 546, 255\n  size: 100, 100\n  orig: 100, 100\n  offset: 0, 0\n  index: -1\nb380007\n  rotate: false\n  xy: 365, 128\n  size: 100, 100\n  orig: 100, 100\n  offset: 0, 0\n  index: -1\nb380008\n  rotate: false\n  xy: 365, 26\n  size: 100, 100\n  orig: 100, 100\n  offset: 0, 0\n  index: -1\nb380009\n  rotate: false\n  xy: 467, 128\n  size: 100, 100\n  orig: 100, 100\n  offset: 0, 0\n  index: -1\nb380010\n  rotate: false\n  xy: 467, 26\n  size: 100, 100\n  orig: 100, 100\n  offset: 0, 0\n  index: -1\nb380011\n  rotate: false\n  xy: 533, 561\n  size: 100, 100\n  orig: 100, 100\n  offset: 0, 0\n  index: -1\nbiyanjing\n  rotate: true\n  xy: 330, 376\n  size: 158, 67\n  orig: 158, 67\n  offset: 0, 0\n  index: -1\nhuangguan02\n  rotate: false\n  xy: 569, 53\n  size: 63, 59\n  orig: 63, 59\n  offset: 0, 0\n  index: -1\nledian0001\n  rotate: false\n  xy: 2, 348\n  size: 80, 160\n  orig: 80, 160\n  offset: 0, 0\n  index: -1\nledian0002\n  rotate: true\n  xy: 209, 581\n  size: 80, 160\n  orig: 80, 160\n  offset: 0, 0\n  index: -1\nledian0003\n  rotate: false\n  xy: 2, 186\n  size: 80, 160\n  orig: 80, 160\n  offset: 0, 0\n  index: -1\nledian0004\n  rotate: false\n  xy: 84, 348\n  size: 80, 160\n  orig: 80, 160\n  offset: 0, 0\n  index: -1\nledian0005\n  rotate: true\n  xy: 371, 581\n  size: 80, 160\n  orig: 80, 160\n  offset: 0, 0\n  index: -1\nledian0006\n  rotate: false\n  xy: 2, 24\n  size: 80, 160\n  orig: 80, 160\n  offset: 0, 0\n  index: -1\nledian0007\n  rotate: false\n  xy: 84, 186\n  size: 80, 160\n  orig: 80, 160\n  offset: 0, 0\n  index: -1\nledian0008\n  rotate: false\n  xy: 84, 24\n  size: 80, 160\n  orig: 80, 160\n  offset: 0, 0\n  index: -1\nledian0010\n  rotate: false\n  xy: 166, 348\n  size: 80, 160\n  orig: 80, 160\n  offset: 0, 0\n  index: -1\nledian0011\n  rotate: false\n  xy: 166, 186\n  size: 80, 160\n  orig: 80, 160\n  offset: 0, 0\n  index: -1\nledian0012\n  rotate: false\n  xy: 166, 24\n  size: 80, 160\n  orig: 80, 160\n  offset: 0, 0\n  index: -1\nledian0013\n  rotate: false\n  xy: 248, 374\n  size: 80, 160\n  orig: 80, 160\n  offset: 0, 0\n  index: -1\nledian0014\n  rotate: false\n  xy: 248, 212\n  size: 80, 160\n  orig: 80, 160\n  offset: 0, 0\n  index: -1\nqibo0001\n  rotate: false\n  xy: 407, 536\n  size: 120, 43\n  orig: 120, 43\n  offset: 0, 0\n  index: -1\nqibo0002\n  rotate: true\n  xy: 501, 414\n  size: 120, 43\n  orig: 120, 43\n  offset: 0, 0\n  index: -1\nqibo0003\n  rotate: true\n  xy: 501, 292\n  size: 120, 43\n  orig: 120, 43\n  offset: 0, 0\n  index: -1\nqibo0004\n  rotate: true\n  xy: 320, 90\n  size: 120, 43\n  orig: 120, 43\n  offset: 0, 0\n  index: -1\nsaihong08\n  rotate: false\n  xy: 209, 511\n  size: 37, 23\n  orig: 37, 23\n  offset: 0, 0\n  index: -1\nsaihong09\n  rotate: true\n  xy: 635, 623\n  size: 38, 22\n  orig: 38, 22\n  offset: 0, 0\n  index: -1\nshenti10\n  rotate: false\n  xy: 2, 510\n  size: 205, 151\n  orig: 205, 151\n  offset: 0, 0\n  index: -1\ntongkong04\n  rotate: true\n  xy: 2, 2\n  size: 20, 22\n  orig: 20, 22\n  offset: 0, 0\n  index: -1\ntongkong05\n  rotate: false\n  xy: 330, 216\n  size: 21, 24\n  orig: 21, 24\n  offset: 0, 0\n  index: -1\nyanbai06\n  rotate: false\n  xy: 569, 186\n  size: 76, 67\n  orig: 76, 67\n  offset: 0, 0\n  index: -1\nyanbai07\n  rotate: false\n  xy: 569, 114\n  size: 71, 70\n  orig: 71, 70\n  offset: 0, 0\n  index: -1\nyanjing_jk\n  rotate: true\n  xy: 248, 57\n  size: 153, 70\n  orig: 153, 70\n  offset: 0, 0\n  index: -1\nyanpi03\n  rotate: true\n  xy: 330, 242\n  size: 132, 58\n  orig: 132, 58\n  offset: 0, 0\n  index: -1\nyingzi11\n  rotate: false\n  xy: 209, 536\n  size: 196, 43\n  orig: 196, 43\n  offset: 0, 0\n  index: -1\nzuiba01\n  rotate: false\n  xy: 248, 16\n  size: 80, 39\n  orig: 80, 39\n  offset: 0, 0\n  index: -1\nzuiba_zk\n  rotate: false\n  xy: 492, 246\n  size: 42, 44\n  orig: 42, 44\n  offset: 0, 0\n  index: -1\n",["boss.png"],{"skeleton":{"hash":"fHavUUhPQ77x28mWYwJtCcFKOJU","spine":"3.6.53","width":453.36,"height":873.64,"fps":50,"images":"./images/"},"bones":[{"name":"root"},{"name":"baoji","parent":"root","x":6.02,"y":76.23,"scaleX":3.921,"scaleY":3.921,"color":"fbf70bff"},{"name":"shenti10","parent":"root","length":62.55,"rotation":91.34,"x":9.5,"y":9.73},{"name":"huangguan02","parent":"shenti10","length":33.63,"rotation":33.43,"x":114.89,"y":66.41},{"name":"jizhong","parent":"root","x":4.82,"y":-22.15,"scaleX":3.778,"scaleY":3.778,"color":"fbd30cff"},{"name":"leidian","parent":"root","y":375.12,"scaleX":3.428,"scaleY":4.734,"color":"b90beeff"},{"name":"saihong08","parent":"shenti10","x":40.76,"y":-54.34},{"name":"saihong09","parent":"shenti10","x":39.64,"y":45.94},{"name":"shenti12","parent":"shenti10","length":36.48,"rotation":2.99,"x":62.09,"y":0.19},{"name":"shenti11","parent":"shenti12","length":27.29,"rotation":2.92,"x":36.49,"y":0.02},{"name":"shenti13","parent":"shenti10","rotation":-91.34,"x":46.72,"y":112.56,"color":"0050aeff"},{"name":"shenti14","parent":"shenti10","rotation":-91.34,"x":44.99,"y":-86.68,"color":"04347dff"},{"name":"yanpi03","parent":"shenti10","x":63.24,"y":-1.63,"color":"cc0987ff"},{"name":"tongkong04","parent":"yanpi03","x":4.1,"y":23.61,"color":"c9ea12ff"},{"name":"tongkong05","parent":"yanpi03","x":4.85,"y":-27.63,"color":"c9ea12ff"},{"name":"yingzi11","parent":"root","rotation":91.34,"x":3.45,"y":2.46,"color":"1b044aff"},{"name":"zuiba01","parent":"shenti10","rotation":-92.73,"x":22.18,"y":-5.86,"color":"850217ff"},{"name":"zuiba1","parent":"zuiba01","x":-0.69,"y":-1.5,"color":"850217ff"}],"slots":[{"name":"yingzi11","bone":"yingzi11","attachment":"yingzi11"},{"name":"shenti10","bone":"shenti14","attachment":"shenti10"},{"name":"saihong09","bone":"saihong09","attachment":"saihong09"},{"name":"saihong08","bone":"saihong08","attachment":"saihong08"},{"name":"yanbai07","bone":"yanpi03","attachment":"yanbai07"},{"name":"yanbai06","bone":"yanpi03","attachment":"yanbai06"},{"name":"tongkong05","bone":"tongkong05","attachment":"tongkong05"},{"name":"tongkong04","bone":"tongkong04","attachment":"tongkong04"},{"name":"yanpi03","bone":"yanpi03","attachment":"yanpi03"},{"name":"huangguan02","bone":"huangguan02","attachment":"huangguan02"},{"name":"zuiba_zk","bone":"zuiba1","color":"ffffff00","attachment":"zuiba_zk"},{"name":"zuiba01","bone":"zuiba01","attachment":"zuiba01"},{"name":"qibo0001","bone":"jizhong","color":"ffffff00","attachment":"qibo0001","blend":"additive"},{"name":"ledian0001","bone":"leidian","color":"ffffff00","attachment":"ledian0001","blend":"additive"},{"name":"b380001","bone":"baoji","color":"ffffff00","attachment":"b380001","blend":"additive"}],"skins":{"default":{"b380001":{"b380001":{"width":100,"height":100},"b380002":{"width":100,"height":100},"b380003":{"width":100,"height":100},"b380004":{"width":100,"height":100},"b380005":{"width":100,"height":100},"b380006":{"width":100,"height":100},"b380007":{"width":100,"height":100},"b380008":{"width":100,"height":100},"b380009":{"width":100,"height":100},"b380010":{"width":100,"height":100},"b380011":{"width":100,"height":100}},"huangguan02":{"huangguan02":{"x":13.47,"y":1.75,"rotation":-124.77,"width":63,"height":59}},"ledian0001":{"ledian0001":{"width":80,"height":160},"ledian0002":{"width":80,"height":160},"ledian0003":{"width":80,"height":160},"ledian0004":{"width":80,"height":160},"ledian0005":{"width":80,"height":160},"ledian0006":{"width":80,"height":160},"ledian0007":{"width":80,"height":160},"ledian0008":{"width":80,"height":160},"ledian0010":{"width":80,"height":160},"ledian0011":{"width":80,"height":160},"ledian0012":{"width":80,"height":160},"ledian0013":{"width":80,"height":160},"ledian0014":{"width":80,"height":160}},"qibo0001":{"qibo0001":{"width":120,"height":43},"qibo0002":{"width":120,"height":43},"qibo0003":{"width":120,"height":43},"qibo0004":{"width":120,"height":43}},"saihong08":{"saihong08":{"x":-0.6,"y":1.58,"rotation":-91.34,"width":37,"height":23}},"saihong09":{"saihong09":{"x":0.31,"y":-0.17,"rotation":-91.34,"width":38,"height":22}},"shenti10":{"shenti10":{"type":"mesh","hull":22,"width":205,"height":151,"uvs":[0.48257,0,0.36018,0,0.23497,0.05648,0.11729,0.15618,0.03538,0.29166,0.00001,0.45498,0.00001,0.68208,0.03864,0.82898,0.11545,0.93906,0.2298,1,0.36504,0.99999,0.52215,1,0.68926,0.99999,0.82009,0.97171,0.92325,0.89758,0.99131,0.77175,1,0.6401,1,0.50718,0.94954,0.3338,0.86506,0.18121,0.74361,0.05851,0.60427,0,0.50709,0.09229,0.53689,0.2199,0.56555,0.38954,0.57816,0.56851,0.56993,0.80664,0.54861,0.91289,0.3294,0.07945,0.6458,0.0675,0.2972,0.19688,0.7223,0.19512,0.2575,0.3661,0.79259,0.35718,0.22718,0.5709,0.84522,0.56997,0.22327,0.78362,0.86659,0.75948,0.73595,0.80297,0.39828,0.80431],"triangles":[14,38,37,14,37,15,38,35,37,15,37,16,37,35,16,35,17,16,17,33,18,17,35,33,33,19,18,33,31,19,9,8,36,8,7,36,7,6,36,36,34,39,36,6,34,6,5,34,34,5,32,5,4,32,4,3,32,32,3,30,32,30,23,23,30,22,30,28,22,23,29,31,23,22,29,3,2,30,30,2,28,31,20,19,31,29,20,28,1,22,1,0,22,22,21,29,22,0,21,28,2,1,29,21,20,25,32,24,24,32,23,24,31,33,24,23,31,11,27,12,11,10,27,10,9,36,10,39,27,10,36,39,12,27,38,12,38,13,38,27,26,14,13,38,27,39,26,38,26,25,39,34,25,26,39,25,32,25,34,38,25,35,25,33,35,25,24,33],"vertices":[3,8,70.67,8.82,0.00402,9,34.58,7.04,0.98202,10,97.85,87.79,0.01396,3,8,72.56,33.84,0.10721,9,37.75,31.93,0.77801,10,72.76,87.79,0.11479,3,8,65.99,60.08,0.21665,9,32.53,58.47,0.51274,10,47.09,79.26,0.27062,3,8,52.8,85.27,0.22888,9,20.64,84.3,0.30158,10,22.97,64.21,0.46953,3,8,33.67,103.55,0.16908,9,2.47,103.54,0.16152,10,6.18,43.75,0.6694,3,8,9.63,112.65,0.06978,9,-21.08,113.85,0.05331,10,-1.07,19.09,0.8769,3,2,31.55,113.99,0.04294,8,-24.57,115.23,0.00048,10,-1.07,-15.2,0.95659,3,2,9.19,106.59,0.15495,8,-47.28,109.01,0.01161,10,6.85,-37.38,0.83344,3,2,-7.8,91.23,0.28352,8,-65.04,94.56,0.02689,10,22.59,-54.01,0.68959,3,2,-17.54,68.01,0.45759,8,-75.99,71.89,0.04019,10,46.03,-63.21,0.50222,3,2,-18.19,40.3,0.71025,8,-78.08,44.24,0.03494,10,73.76,-63.21,0.25481,4,2,-18.94,8.1,0.9694,8,-80.51,12.12,0.0019,10,105.97,-63.21,0.02773,11,-93.26,-66.13,0.00097,2,2,-19.74,-26.15,0.84298,11,-59,-66.13,0.15702,2,2,-16.1,-53.06,0.59485,11,-32.18,-61.86,0.40515,2,2,-5.4,-74.47,0.38062,11,-11.03,-50.67,0.61938,2,2,13.27,-88.86,0.19056,11,2.92,-31.67,0.80944,2,2,33.1,-91.1,0.04976,11,4.7,-11.79,0.95024,4,2,53.17,-91.57,0.00368,8,-13.7,-91.17,0.00519,9,-54.78,-88.52,0.00745,11,4.7,8.28,0.98369,4,2,79.58,-81.84,0.10508,8,13.18,-82.83,0.06325,9,-27.5,-81.56,0.09634,11,-5.64,34.46,0.73533,4,2,103.02,-65.07,0.14198,8,37.47,-67.3,0.13836,9,-2.46,-67.29,0.28938,11,-22.96,57.5,0.43028,4,2,122.12,-40.61,0.07176,8,57.82,-43.88,0.12074,9,19.06,-44.93,0.64332,11,-47.86,76.03,0.16418,4,2,131.62,-12.26,0.00613,8,68.79,-16.06,0.0055,9,31.43,-17.71,0.96516,11,-76.42,84.87,0.02321,3,8,56.39,4.86,0.00118,9,20.13,3.81,0.99447,10,102.88,73.86,0.00435,3,8,36.72,0.22,0.45601,9,0.24,0.19,0.54389,10,108.99,54.59,0.0001,4,2,73,-2.95,0.12889,8,10.73,-3.71,0.86272,9,-25.91,-2.41,0.0005,11,-84.36,26.05,0.00789,2,2,45.93,-4.9,0.98562,11,-81.78,-0.98,0.01438,2,2,10.02,-2.38,0.99516,11,-83.46,-36.94,0.00484,4,2,-5.92,2.37,0.99147,8,-67.81,5.72,0.00047,10,111.39,-50.06,0.00712,11,-87.83,-52.98,0.00094,3,8,61.08,41.03,0.17103,9,26.65,39.7,0.66563,10,66.45,75.79,0.16334,4,2,121.23,-20.53,0.02455,8,57.98,-23.78,0.0515,9,20.25,-24.87,0.86465,11,-67.91,74.67,0.0593,3,8,43.89,48.95,0.30178,9,9.89,48.49,0.45382,10,59.85,58.06,0.2444,4,2,101.6,-35.76,0.12746,8,37.58,-37.96,0.21419,9,-0.85,-37.99,0.45922,11,-52.23,55.4,0.19912,4,2,78.02,60.1,0.01329,8,19.03,59,0.39566,9,-14.43,59.79,0.19709,10,51.71,32.51,0.39395,4,2,76.8,-49.59,0.27972,8,12.09,-50.48,0.13941,9,-26.94,-49.2,0.13805,11,-37.82,30.93,0.44281,4,2,47.25,67.04,0.12933,8,-11.34,67.53,0.26897,9,-44.32,69.86,0.04156,10,45.5,1.59,0.56014,4,2,44.43,-59.63,0.30376,8,-20.76,-58.82,0.01231,9,-60.18,-55.84,0.01055,11,-27.03,-1.2,0.67338,4,2,15.15,68.59,0.32936,8,-43.31,70.75,0.09858,9,-76.09,74.71,0.00113,10,44.7,-30.53,0.57093,2,2,15.72,-63.34,0.36751,11,-22.65,-29.82,0.63249,2,2,9.78,-36.41,0.70959,11,-49.43,-36.38,0.29041,3,2,11.19,32.79,0.71447,8,-49.13,35.21,0.09226,10,80.57,-33.66,0.19327],"edges":[0,2,2,4,4,6,6,8,8,10,10,12,12,14,14,16,16,18,20,22,22,24,24,26,26,28,28,30,30,32,32,34,34,36,36,38,38,40,40,42,0,42,0,44,44,46,46,48,48,50,50,52,22,54,54,52,4,56,56,44,44,58,58,40,6,60,60,46,46,62,62,38,8,64,64,48,48,66,66,36,18,20]}},"tongkong04":{"tongkong04":{"x":-0.9,"y":1.44,"rotation":-91.34,"width":20,"height":22}},"tongkong05":{"tongkong05":{"x":-0.89,"y":-0.84,"rotation":-91.34,"width":21,"height":24}},"yanbai06":{"yanbai06":{"x":3.04,"y":39.43,"rotation":-91.34,"width":76,"height":67}},"yanbai07":{"yanbai07":{"x":0.68,"y":-40.04,"rotation":-91.34,"width":71,"height":70}},"yanpi03":{"biyanjing":{"x":0.68,"y":1.9,"rotation":-91.34,"width":158,"height":67},"yanjing_jk":{"x":1.54,"y":1.48,"rotation":-91.14,"width":153,"height":70},"yanpi03":{"x":2.62,"y":0.06,"rotation":-91.34,"width":132,"height":58}},"yingzi11":{"yingzi11":{"x":-0.25,"y":4.66,"rotation":-91.34,"width":196,"height":43}},"zuiba01":{"zuiba01":{"x":-2.87,"y":-7.01,"rotation":1.39,"width":80,"height":39}},"zuiba_zk":{"zuiba_zk":{"x":-1.31,"y":-2.3,"rotation":2.78,"width":42,"height":44}}}},"animations":{"appear":{"slots":{"huangguan02":{"color":[{"time":0,"color":"ffffff00"},{"time":0.14,"color":"ffffffff"}]},"saihong08":{"color":[{"time":0,"color":"ffffff00"},{"time":0.14,"color":"ffffffff"}]},"saihong09":{"color":[{"time":0,"color":"ffffff00"},{"time":0.14,"color":"ffffffff"}]},"shenti10":{"color":[{"time":0,"color":"ffffff00"},{"time":0.14,"color":"ffffffff"}]},"tongkong04":{"color":[{"time":0,"color":"ffffff00"},{"time":0.14,"color":"ffffffff"}]},"tongkong05":{"color":[{"time":0,"color":"ffffff00"},{"time":0.14,"color":"ffffffff"}]},"yanbai06":{"color":[{"time":0,"color":"ffffff00"},{"time":0.14,"color":"ffffffff"}]},"yanbai07":{"color":[{"time":0,"color":"ffffff00"},{"time":0.14,"color":"ffffffff"}]},"yanpi03":{"color":[{"time":0,"color":"ffffff00"},{"time":0.14,"color":"ffffffff"}],"attachment":[{"time":0,"name":"yanpi03"},{"time":0.14,"name":"yanpi03"},{"time":0.16,"name":"biyanjing"},{"time":0.28,"name":"yanpi03"}]},"yingzi11":{"color":[{"time":0,"color":"ffffff00"},{"time":0.14,"color":"ffffffff"}]},"zuiba01":{"color":[{"time":0,"color":"ffffff00"},{"time":0.14,"color":"ffffffff"}]}},"bones":{"shenti10":{"rotate":[{"time":0,"angle":0,"curve":"stepped"},{"time":0.14,"angle":0,"curve":"stepped"},{"time":0.16,"angle":0,"curve":"stepped"},{"time":0.22,"angle":0,"curve":"stepped"},{"time":0.34,"angle":0}],"translate":[{"time":0,"x":0,"y":1080.34},{"time":0.14,"x":0,"y":12.05,"curve":[0.365,0.63,0.702,1]},{"time":0.16,"x":0,"y":0,"curve":[0.25,0,0.75,1]},{"time":0.22,"x":0,"y":-3.93,"curve":[0.253,0,0.622,0.48]},{"time":0.34,"x":0,"y":0}],"scale":[{"time":0,"x":1,"y":1,"curve":"stepped"},{"time":0.14,"x":1,"y":1,"curve":"stepped"},{"time":0.16,"x":1,"y":1,"curve":"stepped"},{"time":0.22,"x":1,"y":1,"curve":"stepped"},{"time":0.34,"x":1,"y":1}]},"yingzi11":{"rotate":[{"time":0,"angle":0,"curve":"stepped"},{"time":0.14,"angle":0,"curve":"stepped"},{"time":0.16,"angle":0,"curve":"stepped"},{"time":0.22,"angle":0,"curve":"stepped"},{"time":0.34,"angle":0}],"translate":[{"time":0,"x":0,"y":0,"curve":"stepped"},{"time":0.14,"x":0,"y":0,"curve":"stepped"},{"time":0.16,"x":0,"y":0,"curve":"stepped"},{"time":0.22,"x":0,"y":0,"curve":"stepped"},{"time":0.34,"x":0,"y":0}],"scale":[{"time":0,"x":0.121,"y":0.121,"curve":[0.25,0,0.75,1]},{"time":0.14,"x":1,"y":1,"curve":[0.25,0,0.75,1]},{"time":0.16,"x":1.1,"y":1.1,"curve":[0.265,0,0.618,0.43]},{"time":0.22,"x":1.072,"y":1.072,"curve":[0.351,0.4,0.757,1]},{"time":0.34,"x":1,"y":1}]},"saihong08":{"rotate":[{"time":0.14,"angle":0,"curve":"stepped"},{"time":0.22,"angle":0,"curve":"stepped"},{"time":0.34,"angle":0}],"translate":[{"time":0,"x":0,"y":0},{"time":0.14,"x":12.52,"y":-0.29},{"time":0.16,"x":7.3,"y":-0.17},{"time":0.22,"x":-16.37,"y":0.38},{"time":0.34,"x":-5.67,"y":0.13}],"scale":[{"time":0.14,"x":1,"y":1,"curve":"stepped"},{"time":0.22,"x":1,"y":1},{"time":0.34,"x":0.972,"y":0.972}]},"saihong09":{"rotate":[{"time":0.14,"angle":0,"curve":"stepped"},{"time":0.22,"angle":0,"curve":"stepped"},{"time":0.34,"angle":0}],"translate":[{"time":0,"x":0,"y":0},{"time":0.14,"x":12.52,"y":-0.29},{"time":0.16,"x":7.3,"y":-0.17},{"time":0.22,"x":-16.37,"y":0.38},{"time":0.34,"x":-5.67,"y":0.13}],"scale":[{"time":0.14,"x":1,"y":1,"curve":"stepped"},{"time":0.22,"x":1,"y":1},{"time":0.34,"x":0.972,"y":0.972}]},"zuiba01":{"rotate":[{"time":0.14,"angle":0,"curve":"stepped"},{"time":0.22,"angle":0,"curve":"stepped"},{"time":0.34,"angle":0}],"translate":[{"time":0,"x":0,"y":0},{"time":0.14,"x":12.52,"y":-0.29},{"time":0.16,"x":8.3,"y":-0.19},{"time":0.22,"x":-21.85,"y":0.51},{"time":0.34,"x":-5.67,"y":0.13}],"scale":[{"time":0,"x":1,"y":1,"curve":"stepped"},{"time":0.14,"x":1,"y":1,"curve":"stepped"},{"time":0.16,"x":1,"y":1},{"time":0.22,"x":0.906,"y":0.906},{"time":0.34,"x":0.972,"y":0.972}]},"yanpi03":{"rotate":[{"time":0,"angle":0,"curve":"stepped"},{"time":0.14,"angle":0,"curve":"stepped"},{"time":0.22,"angle":0,"curve":"stepped"},{"time":0.34,"angle":0}],"translate":[{"time":0,"x":0,"y":0},{"time":0.14,"x":15.49,"y":-0.71},{"time":0.16,"x":12.3,"y":-0.29},{"time":0.22,"x":-17.37,"y":0.41},{"time":0.34,"x":-7,"y":-0.74}],"scale":[{"time":0,"x":1,"y":1},{"time":0.14,"x":0.956,"y":0.956},{"time":0.16,"x":1,"y":1,"curve":"stepped"},{"time":0.22,"x":1,"y":1},{"time":0.34,"x":0.995,"y":0.995}]},"shenti12":{"rotate":[{"time":0,"angle":0},{"time":0.14,"angle":-2.49,"curve":"stepped"},{"time":0.16,"angle":-2.49},{"time":0.22,"angle":-0.6},{"time":0.34,"angle":0}],"translate":[{"time":0,"x":0,"y":0},{"time":0.14,"x":8.34,"y":-0.19,"curve":"stepped"},{"time":0.16,"x":8.34,"y":-0.19},{"time":0.22,"x":-3,"y":0.07},{"time":0.34,"x":-1.14,"y":0.03}],"scale":[{"time":0,"x":1,"y":1,"curve":"stepped"},{"time":0.14,"x":1,"y":1,"curve":"stepped"},{"time":0.16,"x":1,"y":1,"curve":"stepped"},{"time":0.22,"x":1,"y":1},{"time":0.34,"x":0.975,"y":0.975}]},"shenti11":{"rotate":[{"time":0,"angle":0},{"time":0.14,"angle":-2.49,"curve":"stepped"},{"time":0.16,"angle":-2.49},{"time":0.22,"angle":-0.6},{"time":0.34,"angle":0}],"translate":[{"time":0,"x":0,"y":0},{"time":0.14,"x":6.8,"y":-0.51,"curve":"stepped"},{"time":0.16,"x":6.8,"y":-0.51},{"time":0.22,"x":-4.19,"y":0.24},{"time":0.34,"x":-3.25,"y":0.25}],"scale":[{"time":0,"x":1,"y":1,"curve":"stepped"},{"time":0.14,"x":1,"y":1,"curve":"stepped"},{"time":0.16,"x":1,"y":1,"curve":"stepped"},{"time":0.22,"x":1,"y":1},{"time":0.34,"x":0.988,"y":0.988}]},"shenti14":{"rotate":[{"time":0,"angle":0,"curve":"stepped"},{"time":0.14,"angle":0,"curve":"stepped"},{"time":0.16,"angle":0},{"time":0.22,"angle":-0.6},{"time":0.34,"angle":0}],"translate":[{"time":0,"x":0,"y":0},{"time":0.14,"x":0.21,"y":9.09,"curve":"stepped"},{"time":0.16,"x":0.21,"y":9.09},{"time":0.22,"x":-4.84,"y":-1.69},{"time":0.34,"x":-1,"y":-2.5}],"scale":[{"time":0,"x":1,"y":1,"curve":"stepped"},{"time":0.14,"x":1,"y":1,"curve":"stepped"},{"time":0.16,"x":1,"y":1,"curve":"stepped"},{"time":0.22,"x":1,"y":1,"curve":"stepped"},{"time":0.34,"x":1,"y":1}]},"shenti13":{"rotate":[{"time":0,"angle":0,"curve":"stepped"},{"time":0.14,"angle":0,"curve":"stepped"},{"time":0.16,"angle":0},{"time":0.22,"angle":-0.6},{"time":0.34,"angle":0}],"translate":[{"time":0,"x":0,"y":0},{"time":0.14,"x":-0.34,"y":-14.4,"curve":"stepped"},{"time":0.16,"x":-0.34,"y":-14.4},{"time":0.22,"x":-4.76,"y":1.91},{"time":0.34,"x":-0.87,"y":3.17}],"scale":[{"time":0,"x":1,"y":1,"curve":"stepped"},{"time":0.14,"x":1,"y":1,"curve":"stepped"},{"time":0.16,"x":1,"y":1,"curve":"stepped"},{"time":0.22,"x":1,"y":1,"curve":"stepped"},{"time":0.34,"x":1,"y":1}]},"huangguan02":{"rotate":[{"time":0,"angle":0},{"time":0.14,"angle":-3.61},{"time":0.16,"angle":-11.21},{"time":0.22,"angle":-2.86},{"time":0.28,"angle":5.48},{"time":0.34,"angle":-3.51}],"translate":[{"time":0,"x":0,"y":0},{"time":0.14,"x":8.72,"y":2.96},{"time":0.16,"x":8.89,"y":2.57},{"time":0.22,"x":-0.96,"y":4.64},{"time":0.28,"x":-10.81,"y":6.7},{"time":0.34,"x":-2.11,"y":-2.46}],"scale":[{"time":0,"x":1,"y":1,"curve":"stepped"},{"time":0.14,"x":1,"y":1,"curve":"stepped"},{"time":0.22,"x":1,"y":1,"curve":"stepped"},{"time":0.34,"x":1,"y":1}]},"tongkong04":{"rotate":[{"time":0,"angle":0,"curve":"stepped"},{"time":0.14,"angle":0,"curve":"stepped"},{"time":0.22,"angle":0,"curve":"stepped"},{"time":0.34,"angle":0}],"translate":[{"time":0,"x":0,"y":0,"curve":"stepped"},{"time":0.14,"x":0,"y":0,"curve":"stepped"},{"time":0.22,"x":0,"y":0},{"time":0.34,"x":-1.47,"y":0.03}],"scale":[{"time":0.14,"x":1,"y":1,"curve":"stepped"},{"time":0.22,"x":1,"y":1,"curve":"stepped"},{"time":0.34,"x":1,"y":1}]},"tongkong05":{"rotate":[{"time":0,"angle":0,"curve":"stepped"},{"time":0.14,"angle":0,"curve":"stepped"},{"time":0.22,"angle":0,"curve":"stepped"},{"time":0.34,"angle":0}],"translate":[{"time":0,"x":0,"y":0,"curve":"stepped"},{"time":0.14,"x":0,"y":0,"curve":"stepped"},{"time":0.22,"x":0,"y":0},{"time":0.34,"x":-1.47,"y":0.03}],"scale":[{"time":0.14,"x":1,"y":1,"curve":"stepped"},{"time":0.22,"x":1,"y":1,"curve":"stepped"},{"time":0.34,"x":1,"y":1}]},"root":{"rotate":[{"time":0.22,"angle":0,"curve":"stepped"},{"time":0.34,"angle":0}],"translate":[{"time":0.22,"x":0,"y":0,"curve":"stepped"},{"time":0.34,"x":0,"y":0}],"scale":[{"time":0.22,"x":1,"y":1,"curve":"stepped"},{"time":0.34,"x":1,"y":1}]},"jizhong":{"rotate":[{"time":0.22,"angle":0,"curve":"stepped"},{"time":0.34,"angle":0}],"translate":[{"time":0.22,"x":0,"y":0,"curve":"stepped"},{"time":0.34,"x":0,"y":0}],"scale":[{"time":0.22,"x":1,"y":1,"curve":"stepped"},{"time":0.34,"x":1,"y":1}]},"zuiba1":{"rotate":[{"time":0.22,"angle":0,"curve":"stepped"},{"time":0.34,"angle":0}],"translate":[{"time":0.22,"x":0,"y":0,"curve":"stepped"},{"time":0.34,"x":0,"y":0}],"scale":[{"time":0.22,"x":1,"y":1,"curve":"stepped"},{"time":0.34,"x":1,"y":1}]}}},"attack":{"slots":{"qibo0001":{"color":[{"time":0.44,"color":"ffffff00"},{"time":0.48,"color":"ffffffff","curve":"stepped"},{"time":0.52,"color":"ffffffff"},{"time":0.56,"color":"ffffff00"}],"attachment":[{"time":0.44,"name":"qibo0001"},{"time":0.46,"name":"qibo0001"},{"time":0.48,"name":"qibo0002"},{"time":0.5,"name":"qibo0003"},{"time":0.52,"name":"qibo0004"}]},"yanpi03":{"color":[{"time":0,"color":"fdfdfdff"}],"attachment":[{"time":0,"name":"yanpi03"},{"time":0.4,"name":"yanpi03"},{"time":0.46,"name":"biyanjing"},{"time":0.6,"name":"yanpi03"}]}},"bones":{"shenti10":{"rotate":[{"time":0,"angle":0,"curve":"stepped"},{"time":0.1,"angle":0,"curve":"stepped"},{"time":0.4,"angle":0,"curve":"stepped"},{"time":0.46,"angle":0,"curve":"stepped"},{"time":0.54,"angle":0,"curve":"stepped"},{"time":0.66,"angle":0,"curve":"stepped"},{"time":0.8,"angle":0,"curve":"stepped"},{"time":1,"angle":0}],"translate":[{"time":0,"x":0,"y":0,"curve":[0.25,0,0.75,1]},{"time":0.1,"x":0,"y":-4.22,"curve":[0.385,0.6,0.774,1.2]},{"time":0.4,"x":0,"y":179.35,"curve":[0.25,0,0.75,1]},{"time":0.46,"x":0,"y":0,"curve":[0.25,0,0.75,1]},{"time":0.54,"x":0,"y":-3.93,"curve":[0.253,0,0.622,0.48]},{"time":0.66,"x":0,"y":-3.31,"curve":[0.371,0.48,0.752,1]},{"time":0.8,"x":0,"y":-2.54,"curve":[0.25,0,0.75,1]},{"time":1,"x":0,"y":0}],"scale":[{"time":0,"x":1,"y":1,"curve":"stepped"},{"time":0.1,"x":1,"y":1,"curve":"stepped"},{"time":0.4,"x":1,"y":1,"curve":"stepped"},{"time":0.46,"x":1,"y":1,"curve":"stepped"},{"time":0.54,"x":1,"y":1,"curve":"stepped"},{"time":0.66,"x":1,"y":1,"curve":"stepped"},{"time":0.8,"x":1,"y":1,"curve":"stepped"},{"time":1,"x":1,"y":1}]},"yingzi11":{"rotate":[{"time":0,"angle":0,"curve":"stepped"},{"time":0.1,"angle":0,"curve":"stepped"},{"time":0.4,"angle":0,"curve":"stepped"},{"time":0.46,"angle":0,"curve":"stepped"},{"time":0.54,"angle":0,"curve":"stepped"},{"time":0.66,"angle":0,"curve":"stepped"},{"time":0.8,"angle":0,"curve":"stepped"},{"time":1,"angle":0}],"translate":[{"time":0,"x":0,"y":0,"curve":"stepped"},{"time":0.1,"x":0,"y":0,"curve":"stepped"},{"time":0.4,"x":0,"y":0,"curve":"stepped"},{"time":0.46,"x":0,"y":0,"curve":"stepped"},{"time":0.54,"x":0,"y":0,"curve":"stepped"},{"time":0.66,"x":0,"y":0,"curve":"stepped"},{"time":0.8,"x":0,"y":0,"curve":"stepped"},{"time":1,"x":0,"y":0}],"scale":[{"time":0,"x":1,"y":1},{"time":0.1,"x":1.1,"y":1.1,"curve":[0.253,0.7,0.679,1]},{"time":0.4,"x":0.511,"y":0.511,"curve":[0.25,0,0.75,1]},{"time":0.46,"x":1,"y":1,"curve":[0.25,0,0.75,1]},{"time":0.54,"x":1.1,"y":1.1,"curve":[0.25,0,0.75,1]},{"time":0.66,"x":1,"y":1},{"time":0.8,"x":1.053,"y":1.053},{"time":1,"x":1,"y":1}]},"saihong08":{"rotate":[{"time":0,"angle":0,"curve":"stepped"},{"time":0.54,"angle":0,"curve":"stepped"},{"time":0.66,"angle":0,"curve":"stepped"},{"time":1,"angle":0}],"translate":[{"time":0,"x":-5.67,"y":0.13,"curve":[0.375,0.5,0.75,1]},{"time":0.1,"x":-11.55,"y":0.27,"curve":[0.253,0.7,0.679,1]},{"time":0.4,"x":12.52,"y":-0.29},{"time":0.46,"x":7.3,"y":-0.17},{"time":0.54,"x":-24.96,"y":0.38},{"time":0.66,"x":6.23,"y":-0.15},{"time":0.8,"x":-1.93,"y":0.05},{"time":1,"x":-5.67,"y":0.13}],"scale":[{"time":0,"x":0.972,"y":0.972,"curve":[0.375,0.5,0.75,1]},{"time":0.54,"x":1,"y":1,"curve":"stepped"},{"time":0.66,"x":1,"y":1},{"time":1,"x":0.972,"y":0.972}]},"saihong09":{"rotate":[{"time":0,"angle":0,"curve":"stepped"},{"time":0.54,"angle":0,"curve":"stepped"},{"time":0.66,"angle":0,"curve":"stepped"},{"time":1,"angle":0}],"translate":[{"time":0,"x":-5.67,"y":0.13,"curve":[0.375,0.5,0.75,1]},{"time":0.1,"x":-11.55,"y":0.27,"curve":[0.253,0.7,0.679,1]},{"time":0.4,"x":12.52,"y":-0.29},{"time":0.46,"x":7.3,"y":-0.17},{"time":0.54,"x":-24.96,"y":0.38},{"time":0.66,"x":6.23,"y":-0.15},{"time":0.8,"x":-1.93,"y":0.05},{"time":1,"x":-5.67,"y":0.13}],"scale":[{"time":0,"x":0.972,"y":0.972},{"time":0.54,"x":1,"y":1,"curve":"stepped"},{"time":0.66,"x":1,"y":1},{"time":1,"x":0.972,"y":0.972}]},"zuiba01":{"rotate":[{"time":0,"angle":0,"curve":"stepped"},{"time":0.54,"angle":0,"curve":"stepped"},{"time":0.66,"angle":0,"curve":"stepped"},{"time":1,"angle":0}],"translate":[{"time":0,"x":-5.67,"y":0.13,"curve":[0.375,0.5,0.75,1]},{"time":0.1,"x":-11.55,"y":0.27,"curve":[0.253,0.7,0.679,1]},{"time":0.4,"x":12.52,"y":-0.29},{"time":0.46,"x":8.3,"y":-0.19},{"time":0.54,"x":-25.84,"y":0.7},{"time":0.66,"x":8.7,"y":-0.2},{"time":0.8,"x":-4.86,"y":0.11},{"time":1,"x":-5.67,"y":0.13}],"scale":[{"time":0,"x":0.972,"y":0.972,"curve":[0.375,0.5,0.75,1]},{"time":0.1,"x":1,"y":1,"curve":"stepped"},{"time":0.4,"x":1,"y":1,"curve":"stepped"},{"time":0.46,"x":1,"y":1},{"time":0.54,"x":0.906,"y":0.906},{"time":0.66,"x":1.053,"y":1.053},{"time":0.8,"x":1,"y":1},{"time":1,"x":0.972,"y":0.972}]},"yanpi03":{"rotate":[{"time":0,"angle":0,"curve":"stepped"},{"time":0.2,"angle":0,"curve":"stepped"},{"time":0.3,"angle":0,"curve":"stepped"},{"time":0.54,"angle":0,"curve":"stepped"},{"time":0.66,"angle":0,"curve":"stepped"},{"time":1,"angle":0}],"translate":[{"time":0,"x":-7,"y":-0.74,"curve":[0.375,0.5,0.75,1]},{"time":0.1,"x":-11.55,"y":0.27,"curve":[0.288,0.39,0.629,0.72]},{"time":0.2,"x":0,"y":0,"curve":[0.25,0,0.625,0.5]},{"time":0.3,"x":12.84,"y":-0.65,"curve":[0.375,0.5,0.75,1]},{"time":0.4,"x":15.49,"y":-0.71},{"time":0.46,"x":12.3,"y":-0.29},{"time":0.54,"x":-27.43,"y":-1.59},{"time":0.66,"x":11.69,"y":-0.27},{"time":0.8,"x":-4.86,"y":0.11},{"time":1,"x":-7,"y":-0.74}],"scale":[{"time":0,"x":0.995,"y":0.995,"curve":[0.375,0.5,0.75,1]},{"time":0.1,"x":1,"y":1,"curve":"stepped"},{"time":0.2,"x":1,"y":1,"curve":[0.25,0,0.75,1]},{"time":0.4,"x":0.956,"y":0.956},{"time":0.46,"x":1,"y":1,"curve":"stepped"},{"time":0.54,"x":1,"y":1,"curve":"stepped"},{"time":0.66,"x":1,"y":1,"curve":"stepped"},{"time":0.8,"x":1,"y":1},{"time":1,"x":0.995,"y":0.995}]},"shenti12":{"rotate":[{"time":0,"angle":0,"curve":[0.381,0.55,0.742,1]},{"time":0.1,"angle":-1},{"time":0.4,"angle":-2.49,"curve":"stepped"},{"time":0.46,"angle":-2.49},{"time":0.54,"angle":-0.6},{"time":0.66,"angle":0,"curve":"stepped"},{"time":0.8,"angle":0,"curve":"stepped"},{"time":1,"angle":0}],"translate":[{"time":0,"x":-1.14,"y":0.03,"curve":[0.381,0.55,0.742,1]},{"time":0.1,"x":-5,"y":0.12},{"time":0.4,"x":8.34,"y":-0.19,"curve":"stepped"},{"time":0.46,"x":8.34,"y":-0.19},{"time":0.54,"x":-3,"y":0.07},{"time":0.66,"x":5,"y":-0.12},{"time":0.8,"x":-2.54,"y":0.06},{"time":1,"x":-1.14,"y":0.03}],"scale":[{"time":0,"x":0.975,"y":0.975,"curve":[0.381,0.55,0.742,1]},{"time":0.1,"x":1,"y":1,"curve":"stepped"},{"time":0.4,"x":1,"y":1,"curve":"stepped"},{"time":0.46,"x":1,"y":1,"curve":"stepped"},{"time":0.54,"x":1,"y":1,"curve":"stepped"},{"time":0.66,"x":1,"y":1,"curve":"stepped"},{"time":0.8,"x":1,"y":1},{"time":1,"x":0.975,"y":0.975}]},"shenti11":{"rotate":[{"time":0,"angle":0,"curve":[0.363,0.44,0.755,1]},{"time":0.1,"angle":-1},{"time":0.4,"angle":-2.49,"curve":"stepped"},{"time":0.46,"angle":-2.49},{"time":0.54,"angle":-0.6},{"time":0.66,"angle":0,"curve":"stepped"},{"time":0.8,"angle":0,"curve":"stepped"},{"time":1,"angle":0}],"translate":[{"time":0,"x":-3.25,"y":0.25,"curve":[0.363,0.44,0.755,1]},{"time":0.1,"x":-6.99,"y":0.41},{"time":0.4,"x":6.8,"y":-0.51,"curve":"stepped"},{"time":0.46,"x":6.8,"y":-0.51},{"time":0.54,"x":-4.19,"y":0.24},{"time":0.66,"x":2.99,"y":-0.23},{"time":0.8,"x":-4.22,"y":0.32},{"time":1,"x":-3.25,"y":0.25}],"scale":[{"time":0,"x":0.988,"y":0.988,"curve":[0.363,0.44,0.755,1]},{"time":0.1,"x":1,"y":1,"curve":"stepped"},{"time":0.4,"x":1,"y":1,"curve":"stepped"},{"time":0.46,"x":1,"y":1,"curve":"stepped"},{"time":0.54,"x":1,"y":1,"curve":"stepped"},{"time":0.66,"x":1,"y":1,"curve":"stepped"},{"time":0.8,"x":1,"y":1},{"time":1,"x":0.988,"y":0.988}]},"shenti14":{"rotate":[{"time":0,"angle":0,"curve":[0.375,0.5,0.75,1]},{"time":0.1,"angle":-1},{"time":0.4,"angle":0,"curve":"stepped"},{"time":0.46,"angle":0},{"time":0.54,"angle":-0.6},{"time":0.66,"angle":0,"curve":"stepped"},{"time":0.8,"angle":0,"curve":"stepped"},{"time":1,"angle":0}],"translate":[{"time":0,"x":-1,"y":-2.5,"curve":[0.375,0.5,0.75,1]},{"time":0.1,"x":-8.07,"y":-2.81},{"time":0.4,"x":0.21,"y":9.09,"curve":"stepped"},{"time":0.46,"x":0.21,"y":9.09},{"time":0.54,"x":-4.84,"y":-1.69},{"time":0.66,"x":4.02,"y":0.91},{"time":0.8,"x":-3.02,"y":-0.93},{"time":1,"x":-1,"y":-2.5}],"scale":[{"time":0,"x":1,"y":1,"curve":"stepped"},{"time":0.1,"x":1,"y":1,"curve":"stepped"},{"time":0.4,"x":1,"y":1,"curve":"stepped"},{"time":0.46,"x":1,"y":1,"curve":"stepped"},{"time":0.54,"x":1,"y":1,"curve":"stepped"},{"time":0.66,"x":1,"y":1,"curve":"stepped"},{"time":0.8,"x":1,"y":1,"curve":"stepped"},{"time":1,"x":1,"y":1}]},"shenti13":{"rotate":[{"time":0,"angle":0,"curve":[0.375,0.5,0.75,1]},{"time":0.1,"angle":-1},{"time":0.4,"angle":0,"curve":"stepped"},{"time":0.46,"angle":0},{"time":0.54,"angle":-0.6},{"time":0.66,"angle":0,"curve":"stepped"},{"time":0.8,"angle":0,"curve":"stepped"},{"time":1,"angle":0}],"translate":[{"time":0,"x":-0.87,"y":3.17,"curve":[0.375,0.5,0.75,1]},{"time":0.1,"x":-7.93,"y":3.19},{"time":0.4,"x":-0.34,"y":-14.4,"curve":"stepped"},{"time":0.46,"x":-0.34,"y":-14.4},{"time":0.54,"x":-4.76,"y":1.91},{"time":0.66,"x":3.98,"y":-1.09},{"time":0.8,"x":-1.95,"y":2.05},{"time":1,"x":-0.87,"y":3.17}],"scale":[{"time":0,"x":1,"y":1,"curve":"stepped"},{"time":0.1,"x":1,"y":1,"curve":"stepped"},{"time":0.4,"x":1,"y":1,"curve":"stepped"},{"time":0.46,"x":1,"y":1,"curve":"stepped"},{"time":0.54,"x":1,"y":1,"curve":"stepped"},{"time":0.66,"x":1,"y":1,"curve":"stepped"},{"time":0.8,"x":1,"y":1,"curve":"stepped"},{"time":1,"x":1,"y":1}]},"huangguan02":{"rotate":[{"time":0,"angle":-3.51,"curve":[0.382,0.57,0.737,1]},{"time":0.1,"angle":4.7},{"time":0.3,"angle":9.43},{"time":0.4,"angle":-3.61},{"time":0.46,"angle":-11.21},{"time":0.54,"angle":-1.67},{"time":0.6,"angle":5.48},{"time":0.66,"angle":1.26},{"time":0.74,"angle":-4.36},{"time":0.9,"angle":0},{"time":1,"angle":-3.51}],"translate":[{"time":0,"x":-2.11,"y":-2.46},{"time":0.1,"x":-15.6,"y":6.95},{"time":0.3,"x":-2.81,"y":4.37},{"time":0.4,"x":8.72,"y":2.96},{"time":0.46,"x":8.89,"y":2.57},{"time":0.54,"x":-2.37,"y":4.93},{"time":0.6,"x":-10.81,"y":6.7},{"time":0.66,"x":-3.47,"y":1.47},{"time":0.74,"x":6.31,"y":-5.51},{"time":0.9,"x":0,"y":0},{"time":1,"x":-2.11,"y":-2.46}],"scale":[{"time":0,"x":1,"y":1,"curve":"stepped"},{"time":0.54,"x":1,"y":1,"curve":"stepped"},{"time":0.66,"x":1,"y":1,"curve":"stepped"},{"time":0.74,"x":1,"y":1,"curve":"stepped"},{"time":0.9,"x":1,"y":1,"curve":"stepped"},{"time":1,"x":1,"y":1}]},"tongkong04":{"rotate":[{"time":0,"angle":0,"curve":"stepped"},{"time":0.54,"angle":0,"curve":"stepped"},{"time":0.66,"angle":0,"curve":"stepped"},{"time":1,"angle":0}],"translate":[{"time":0,"x":-1.47,"y":0.03,"curve":[0.375,0.5,0.75,1]},{"time":0.54,"x":0,"y":0,"curve":"stepped"},{"time":0.66,"x":0,"y":0},{"time":1,"x":-1.47,"y":0.03}],"scale":[{"time":0.54,"x":1,"y":1,"curve":"stepped"},{"time":0.66,"x":1,"y":1}]},"tongkong05":{"rotate":[{"time":0,"angle":0,"curve":"stepped"},{"time":0.54,"angle":0,"curve":"stepped"},{"time":0.66,"angle":0,"curve":"stepped"},{"time":1,"angle":0}],"translate":[{"time":0,"x":-1.47,"y":0.03,"curve":[0.375,0.5,0.75,1]},{"time":0.54,"x":0,"y":0,"curve":"stepped"},{"time":0.66,"x":0,"y":0},{"time":1,"x":-1.47,"y":0.03}],"scale":[{"time":0.54,"x":1,"y":1,"curve":"stepped"},{"time":0.66,"x":1,"y":1}]},"root":{"rotate":[{"time":0.54,"angle":0,"curve":"stepped"},{"time":0.66,"angle":0}],"translate":[{"time":0.54,"x":0,"y":0,"curve":"stepped"},{"time":0.66,"x":0,"y":0}],"scale":[{"time":0.54,"x":1,"y":1,"curve":"stepped"},{"time":0.66,"x":1,"y":1}]},"jizhong":{"rotate":[{"time":0,"angle":0,"curve":"stepped"},{"time":0.46,"angle":0}],"translate":[{"time":0,"x":0,"y":0,"curve":"stepped"},{"time":0.44,"x":0,"y":0}],"scale":[{"time":0,"x":1,"y":1,"curve":"stepped"},{"time":0.44,"x":1,"y":1}]}}},"death":{"slots":{"huangguan02":{"color":[{"time":0,"color":"ffffffff","curve":"stepped"},{"time":0.4,"color":"ffffffff"},{"time":0.6,"color":"ffffff00"}]},"saihong08":{"color":[{"time":0,"color":"ffffffff","curve":"stepped"},{"time":0.2,"color":"ffffffff"},{"time":0.6,"color":"ffffff00"}]},"saihong09":{"color":[{"time":0,"color":"ffffffff","curve":"stepped"},{"time":0.2,"color":"ffffffff"},{"time":0.6,"color":"ffffff00"}]},"shenti10":{"color":[{"time":0,"color":"ffffffff","curve":"stepped"},{"time":0.4,"color":"ffffffff"},{"time":0.6,"color":"ffffff00"}]},"tongkong04":{"color":[{"time":0,"color":"ffffffff"},{"time":0.1,"color":"ffffff00","curve":"stepped"},{"time":0.24,"color":"ffffff00","curve":"stepped"},{"time":0.6,"color":"ffffff00"}]},"tongkong05":{"color":[{"time":0,"color":"ffffffff"},{"time":0.1,"color":"ffffff00","curve":"stepped"},{"time":0.24,"color":"ffffff00","curve":"stepped"},{"time":0.6,"color":"ffffff00"}]},"yanbai06":{"color":[{"time":0,"color":"ffffffff","curve":"stepped"},{"time":0.2,"color":"ffffffff"},{"time":0.6,"color":"ffffff00"}]},"yanbai07":{"color":[{"time":0,"color":"ffffffff","curve":"stepped"},{"time":0.2,"color":"ffffffff"},{"time":0.6,"color":"ffffff00"}]},"yanpi03":{"color":[{"time":0,"color":"ffffffff","curve":"stepped"},{"time":0.2,"color":"ffffffff"},{"time":0.6,"color":"ffffff00"}],"attachment":[{"time":0.1,"name":"yanjing_jk"},{"time":0.6,"name":"yanpi03"}]},"yingzi11":{"color":[{"time":0,"color":"ffffffff","curve":"stepped"},{"time":0.4,"color":"ffffffff"},{"time":0.6,"color":"ffffff00"}]},"zuiba01":{"color":[{"time":0,"color":"ffffffff"},{"time":0.04,"color":"ffffff00","curve":"stepped"},{"time":0.22,"color":"ffffff00"},{"time":0.24,"color":"ffffffff"},{"time":0.6,"color":"ffffff00"}],"attachment":[{"time":0.24,"name":"zuiba01"}]},"zuiba_zk":{"color":[{"time":0,"color":"ffffff00","curve":"stepped"},{"time":0.02,"color":"ffffff00"},{"time":0.04,"color":"ffffffff","curve":"stepped"},{"time":0.22,"color":"ffffffff"},{"time":0.24,"color":"ffffff00"}]}},"bones":{"shenti10":{"rotate":[{"time":0,"angle":0},{"time":0.1,"angle":1.36,"curve":[0.371,0.48,0.752,1]},{"time":0.22,"angle":0,"curve":"stepped"},{"time":0.6,"angle":0}],"translate":[{"time":0,"x":0,"y":0,"curve":[0.25,0,0.75,1]},{"time":0.1,"x":-6,"y":5.69,"curve":[0.371,0.48,0.752,1]},{"time":0.22,"x":3,"y":-3.62,"curve":"stepped"},{"time":0.6,"x":3,"y":-3.62}],"scale":[{"time":0,"x":1,"y":1,"curve":"stepped"},{"time":0.1,"x":1,"y":1,"curve":[0.371,0.48,0.752,1]},{"time":0.22,"x":0.96,"y":1,"curve":"stepped"},{"time":0.6,"x":0.96,"y":1}],"shear":[{"time":0,"x":0,"y":0},{"time":0.1,"x":11.25,"y":0},{"time":0.22,"x":-1.9,"y":0}]},"shenti12":{"rotate":[{"time":0,"angle":0,"curve":[0.381,0.55,0.742,1]},{"time":0.1,"angle":8.31},{"time":0.2,"angle":-10.66},{"time":0.6,"angle":-26.35}],"translate":[{"time":0,"x":-1.14,"y":0.03,"curve":[0.381,0.55,0.742,1]},{"time":0.1,"x":9.31,"y":6.46},{"time":0.2,"x":-5,"y":0.12},{"time":0.6,"x":-43.64,"y":-12.85}],"scale":[{"time":0,"x":0.975,"y":0.975,"curve":[0.381,0.55,0.742,1]},{"time":0.1,"x":1,"y":1,"curve":"stepped"},{"time":0.2,"x":1,"y":1,"curve":"stepped"},{"time":0.6,"x":1,"y":1}]},"shenti11":{"rotate":[{"time":0,"angle":0,"curve":[0.363,0.44,0.755,1]},{"time":0.1,"angle":22.86},{"time":0.2,"angle":-10.24},{"time":0.6,"angle":-27.15}],"translate":[{"time":0,"x":-3.25,"y":0.25,"curve":[0.363,0.44,0.755,1]},{"time":0.1,"x":8.85,"y":2.66},{"time":0.2,"x":-5.79,"y":0.08},{"time":0.6,"x":7.14,"y":-20.78}],"scale":[{"time":0,"x":0.988,"y":0.988,"curve":[0.363,0.44,0.755,1]},{"time":0.1,"x":1,"y":1,"curve":"stepped"},{"time":0.2,"x":1,"y":1,"curve":"stepped"},{"time":0.6,"x":1,"y":1}]},"root":{"rotate":[{"time":0,"angle":0,"curve":"stepped"},{"time":0.1,"angle":0,"curve":"stepped"},{"time":0.24,"angle":0,"curve":"stepped"},{"time":0.6,"angle":0}],"translate":[{"time":0,"x":0,"y":0,"curve":"stepped"},{"time":0.1,"x":0,"y":0,"curve":"stepped"},{"time":0.24,"x":0,"y":0,"curve":"stepped"},{"time":0.6,"x":0,"y":0}],"scale":[{"time":0,"x":1,"y":1,"curve":"stepped"},{"time":0.1,"x":1,"y":1,"curve":"stepped"},{"time":0.24,"x":1,"y":1,"curve":"stepped"},{"time":0.6,"x":1,"y":1}]},"shenti13":{"rotate":[{"time":0,"angle":0,"curve":"stepped"},{"time":0.1,"angle":0},{"time":0.2,"angle":-0.4,"curve":"stepped"},{"time":0.6,"angle":-0.4}],"translate":[{"time":0,"x":-0.87,"y":3.17,"curve":[0.375,0.5,0.75,1]},{"time":0.1,"x":3.98,"y":-1.09},{"time":0.2,"x":-3.17,"y":1.27},{"time":0.6,"x":-33.63,"y":28.36}],"scale":[{"time":0,"x":1,"y":1,"curve":"stepped"},{"time":0.1,"x":1,"y":1,"curve":"stepped"},{"time":0.2,"x":1,"y":1},{"time":0.6,"x":0.606,"y":0.606}]},"shenti14":{"rotate":[{"time":0,"angle":0,"curve":"stepped"},{"time":0.1,"angle":0},{"time":0.24,"angle":-0.4,"curve":"stepped"},{"time":0.6,"angle":-0.4}],"translate":[{"time":0,"x":-1,"y":-2.5,"curve":[0.375,0.5,0.75,1]},{"time":0.1,"x":4.02,"y":0.91},{"time":0.24,"x":-3.23,"y":-1.12},{"time":0.6,"x":-45.54,"y":-18.69}],"scale":[{"time":0,"x":1,"y":1,"curve":"stepped"},{"time":0.1,"x":1,"y":1,"curve":"stepped"},{"time":0.24,"x":1,"y":1},{"time":0.6,"x":0.523,"y":0.523}]},"yanpi03":{"rotate":[{"time":0,"angle":0},{"time":0.1,"angle":0.91},{"time":0.24,"angle":0,"curve":"stepped"},{"time":0.6,"angle":0}],"translate":[{"time":0,"x":-7,"y":-0.74,"curve":[0.375,0.5,0.75,1]},{"time":0.1,"x":27.34,"y":-1.01},{"time":0.24,"x":-11.58,"y":0.27},{"time":0.6,"x":-38.99,"y":0.27}],"scale":[{"time":0,"x":0.995,"y":0.995,"curve":[0.375,0.5,0.75,1]},{"time":0.1,"x":0.948,"y":0.948},{"time":0.24,"x":1,"y":1,"curve":"stepped"},{"time":0.6,"x":1,"y":1}],"shear":[{"time":0,"x":0,"y":0}]},"yingzi11":{"rotate":[{"time":0,"angle":0,"curve":"stepped"},{"time":0.1,"angle":0,"curve":"stepped"},{"time":0.24,"angle":0,"curve":"stepped"},{"time":0.6,"angle":0}],"translate":[{"time":0,"x":0,"y":0,"curve":"stepped"},{"time":0.1,"x":0,"y":0,"curve":"stepped"},{"time":0.24,"x":0,"y":0,"curve":"stepped"},{"time":0.6,"x":0,"y":0}],"scale":[{"time":0,"x":1,"y":1,"curve":"stepped"},{"time":0.1,"x":1,"y":1},{"time":0.24,"x":1.067,"y":1.067},{"time":0.6,"x":1.3,"y":1.3}],"shear":[{"time":0,"x":0,"y":0}]},"huangguan02":{"rotate":[{"time":0,"angle":-3.51,"curve":[0.382,0.57,0.737,1]},{"time":0.1,"angle":17.25},{"time":0.2,"angle":-6.66},{"time":0.6,"angle":-16}],"translate":[{"time":0,"x":-2.11,"y":-2.46},{"time":0.1,"x":-8.83,"y":16.33},{"time":0.2,"x":4.72,"y":-4.43},{"time":0.6,"x":-32.68,"y":-22.09}],"scale":[{"time":0,"x":1,"y":1,"curve":"stepped"},{"time":0.1,"x":1,"y":1,"curve":"stepped"},{"time":0.2,"x":1,"y":1,"curve":"stepped"},{"time":0.6,"x":1,"y":1}]},"zuiba01":{"rotate":[{"time":0,"angle":0,"curve":[0.375,0.5,0.75,1]},{"time":0.1,"angle":0.91},{"time":0.24,"angle":0,"curve":"stepped"},{"time":0.6,"angle":0}],"translate":[{"time":0,"x":-5.67,"y":0.13,"curve":[0.375,0.5,0.75,1]},{"time":0.1,"x":19.69,"y":-0.72},{"time":0.24,"x":-14.56,"y":0.34},{"time":0.6,"x":-25.17,"y":0.85}],"scale":[{"time":0,"x":0.972,"y":0.972,"curve":[0.375,0.5,0.75,1]},{"time":0.1,"x":0.998,"y":0.998},{"time":0.24,"x":0.938,"y":0.938,"curve":"stepped"},{"time":0.6,"x":0.938,"y":0.938}]},"saihong08":{"rotate":[{"time":0,"angle":0,"curve":[0.375,0.5,0.75,1]},{"time":0.1,"angle":0.91},{"time":0.24,"angle":0,"curve":"stepped"},{"time":0.6,"angle":0}],"translate":[{"time":0,"x":-5.67,"y":0.13,"curve":[0.375,0.5,0.75,1]},{"time":0.1,"x":21.22,"y":-0.85},{"time":0.24,"x":-10.91,"y":0.25},{"time":0.6,"x":-37.03,"y":0.25}],"scale":[{"time":0,"x":0.972,"y":0.972,"curve":[0.375,0.5,0.75,1]},{"time":0.1,"x":0.948,"y":0.948},{"time":0.24,"x":1,"y":1,"curve":"stepped"},{"time":0.6,"x":1,"y":1}]},"saihong09":{"rotate":[{"time":0,"angle":0,"curve":[0.375,0.5,0.75,1]},{"time":0.1,"angle":0.91},{"time":0.24,"angle":0,"curve":"stepped"},{"time":0.6,"angle":0}],"translate":[{"time":0,"x":-5.67,"y":0.13,"curve":[0.375,0.5,0.75,1]},{"time":0.1,"x":21.22,"y":-0.85},{"time":0.24,"x":-10.91,"y":0.25},{"time":0.6,"x":-37.03,"y":0.25}],"scale":[{"time":0,"x":0.972,"y":0.972},{"time":0.1,"x":0.948,"y":0.948},{"time":0.24,"x":1,"y":1,"curve":"stepped"},{"time":0.6,"x":1,"y":1}]},"tongkong04":{"rotate":[{"time":0,"angle":0,"curve":"stepped"},{"time":0.1,"angle":0,"curve":"stepped"},{"time":0.24,"angle":0,"curve":"stepped"},{"time":0.6,"angle":0}],"translate":[{"time":0,"x":-1.47,"y":0.03,"curve":[0.375,0.5,0.75,1]},{"time":0.1,"x":0,"y":0,"curve":"stepped"},{"time":0.24,"x":0,"y":0,"curve":"stepped"},{"time":0.6,"x":0,"y":0}],"scale":[{"time":0,"x":1,"y":1,"curve":"stepped"},{"time":0.1,"x":1,"y":1,"curve":"stepped"},{"time":0.24,"x":1,"y":1,"curve":"stepped"},{"time":0.6,"x":1,"y":1}]},"tongkong05":{"rotate":[{"time":0,"angle":0,"curve":"stepped"},{"time":0.1,"angle":0,"curve":"stepped"},{"time":0.24,"angle":0,"curve":"stepped"},{"time":0.6,"angle":0}],"translate":[{"time":0,"x":-1.47,"y":0.03,"curve":[0.375,0.5,0.75,1]},{"time":0.1,"x":0,"y":0,"curve":"stepped"},{"time":0.24,"x":0,"y":0,"curve":"stepped"},{"time":0.6,"x":0,"y":0}],"scale":[{"time":0,"x":1,"y":1,"curve":"stepped"},{"time":0.1,"x":1,"y":1,"curve":"stepped"},{"time":0.24,"x":1,"y":1,"curve":"stepped"},{"time":0.6,"x":1,"y":1}]},"zuiba1":{"rotate":[{"time":0,"angle":0,"curve":"stepped"},{"time":0.1,"angle":0,"curve":"stepped"},{"time":0.6,"angle":0}],"translate":[{"time":0,"x":0,"y":0,"curve":"stepped"},{"time":0.1,"x":0,"y":0,"curve":"stepped"},{"time":0.16,"x":0,"y":0,"curve":"stepped"},{"time":0.24,"x":0,"y":0,"curve":"stepped"},{"time":0.6,"x":0,"y":0}],"scale":[{"time":0,"x":1.272,"y":1.272,"curve":"stepped"},{"time":0.1,"x":1.272,"y":1.272,"curve":"stepped"},{"time":0.16,"x":1.272,"y":1.272},{"time":0.24,"x":1.272,"y":0.396,"curve":"stepped"},{"time":0.6,"x":1.272,"y":0.396}],"shear":[{"time":0,"x":0,"y":0}]}}},"free":{"bones":{"shenti10":{"rotate":[{"time":0,"angle":0,"curve":"stepped"},{"time":0.3,"angle":0,"curve":"stepped"},{"time":0.6,"angle":0}],"translate":[{"time":0,"x":0,"y":0,"curve":[0.25,0,0.75,1]},{"time":0.3,"x":0,"y":-6.02,"curve":[0.25,0,0.75,1]},{"time":0.6,"x":0,"y":0}],"scale":[{"time":0,"x":1,"y":1,"curve":[0.25,0,0.75,1]},{"time":0.3,"x":0.97,"y":0.97,"curve":[0.25,0,0.75,1]},{"time":0.6,"x":1,"y":1}]},"shenti12":{"rotate":[{"time":0,"angle":0,"curve":"stepped"},{"time":0.12,"angle":0,"curve":"stepped"},{"time":0.42,"angle":0,"curve":"stepped"},{"time":0.6,"angle":0}],"translate":[{"time":0,"x":-1.14,"y":0.03,"curve":[0.381,0.55,0.742,1]},{"time":0.12,"x":0,"y":0,"curve":[0.25,0,0.75,1]},{"time":0.42,"x":-3.09,"y":0.07,"curve":[0.245,0,0.637,0.56]},{"time":0.6,"x":-1.14,"y":0.03}],"scale":[{"time":0,"x":0.975,"y":0.975,"curve":[0.381,0.55,0.742,1]},{"time":0.12,"x":1,"y":1,"curve":[0.25,0,0.75,1]},{"time":0.42,"x":0.933,"y":0.933,"curve":[0.245,0,0.637,0.56]},{"time":0.6,"x":0.975,"y":0.975}]},"shenti11":{"rotate":[{"time":0,"angle":0,"curve":"stepped"},{"time":0.18,"angle":0,"curve":"stepped"},{"time":0.48,"angle":0,"curve":"stepped"},{"time":0.6,"angle":0}],"translate":[{"time":0,"x":-3.25,"y":0.25,"curve":[0.363,0.44,0.755,1]},{"time":0.18,"x":0,"y":0,"curve":[0.25,0,0.75,1]},{"time":0.48,"x":-5.15,"y":0.39,"curve":[0.258,0,0.619,0.45]},{"time":0.6,"x":-3.25,"y":0.25}],"scale":[{"time":0,"x":0.988,"y":0.988,"curve":[0.363,0.44,0.755,1]},{"time":0.18,"x":1,"y":1,"curve":[0.25,0,0.75,1]},{"time":0.48,"x":0.98,"y":0.98,"curve":[0.258,0,0.619,0.45]},{"time":0.6,"x":0.988,"y":0.988}]},"yanpi03":{"rotate":[{"time":0,"angle":0,"curve":"stepped"},{"time":0.14,"angle":0,"curve":"stepped"},{"time":0.44,"angle":0,"curve":"stepped"},{"time":0.6,"angle":0}],"translate":[{"time":0,"x":-7,"y":-0.74,"curve":[0.375,0.5,0.75,1]},{"time":0.14,"x":0,"y":0,"curve":[0.25,0,0.75,1]},{"time":0.44,"x":-14.83,"y":-1.46,"curve":[0.25,0,0.625,0.5]},{"time":0.6,"x":-7,"y":-0.74}],"scale":[{"time":0,"x":0.995,"y":0.995,"curve":[0.375,0.5,0.75,1]},{"time":0.14,"x":1,"y":1,"curve":[0.25,0,0.75,1]},{"time":0.44,"x":0.989,"y":0.989,"curve":[0.25,0,0.625,0.5]},{"time":0.6,"x":0.995,"y":0.995}]},"saihong09":{"rotate":[{"time":0,"angle":0,"curve":"stepped"},{"time":0.14,"angle":0,"curve":"stepped"},{"time":0.44,"angle":0,"curve":"stepped"},{"time":0.6,"angle":0}],"translate":[{"time":0,"x":-5.67,"y":0.13,"curve":[0.375,0.5,0.75,1]},{"time":0.14,"x":0,"y":0,"curve":[0.25,0,0.75,1]},{"time":0.44,"x":-14.26,"y":-3.9,"curve":[0.25,0,0.625,0.5]},{"time":0.6,"x":-5.67,"y":0.13}],"scale":[{"time":0,"x":0.972,"y":0.972,"curve":[0.375,0.5,0.75,1]},{"time":0.14,"x":1,"y":1,"curve":[0.25,0,0.75,1]},{"time":0.44,"x":0.944,"y":0.944,"curve":[0.25,0,0.625,0.5]},{"time":0.6,"x":0.972,"y":0.972}]},"saihong08":{"rotate":[{"time":0,"angle":0,"curve":"stepped"},{"time":0.14,"angle":0,"curve":"stepped"},{"time":0.44,"angle":0,"curve":"stepped"},{"time":0.6,"angle":0}],"translate":[{"time":0,"x":-5.67,"y":0.13,"curve":[0.375,0.5,0.75,1]},{"time":0.14,"x":0,"y":0,"curve":[0.25,0,0.75,1]},{"time":0.44,"x":-14.81,"y":2.46,"curve":[0.25,0,0.625,0.5]},{"time":0.6,"x":-5.67,"y":0.13}],"scale":[{"time":0,"x":0.972,"y":0.972,"curve":[0.375,0.5,0.75,1]},{"time":0.14,"x":1,"y":1,"curve":[0.25,0,0.75,1]},{"time":0.44,"x":0.944,"y":0.944,"curve":[0.25,0,0.625,0.5]},{"time":0.6,"x":0.972,"y":0.972}]},"zuiba01":{"rotate":[{"time":0,"angle":0,"curve":"stepped"},{"time":0.14,"angle":0,"curve":"stepped"},{"time":0.44,"angle":0,"curve":"stepped"},{"time":0.6,"angle":0}],"translate":[{"time":0,"x":-5.67,"y":0.13,"curve":[0.375,0.5,0.75,1]},{"time":0.14,"x":0.7,"y":-0.02,"curve":[0.25,0,0.75,1]},{"time":0.44,"x":-15.44,"y":0.36,"curve":[0.25,0,0.625,0.5]},{"time":0.6,"x":-5.67,"y":0.13}],"scale":[{"time":0,"x":0.972,"y":0.972,"curve":[0.375,0.5,0.75,1]},{"time":0.14,"x":1,"y":1,"curve":[0.25,0,0.75,1]},{"time":0.44,"x":0.912,"y":0.912,"curve":[0.25,0,0.625,0.5]},{"time":0.6,"x":0.972,"y":0.972}]},"huangguan02":{"rotate":[{"time":0,"angle":-3.51,"curve":[0.382,0.57,0.737,1]},{"time":0.1,"angle":-7.27,"curve":[0.25,0,0.75,1]},{"time":0.4,"angle":0.03,"curve":[0.244,0,0.646,0.59]},{"time":0.6,"angle":-3.51}],"translate":[{"time":0,"x":-2.11,"y":-2.46,"curve":[0.382,0.57,0.737,1]},{"time":0.1,"x":-0.74,"y":-4.46,"curve":[0.25,0,0.75,1]},{"time":0.4,"x":-5.22,"y":2.1,"curve":[0.244,0,0.646,0.59]},{"time":0.6,"x":-2.11,"y":-2.46}],"scale":[{"time":0,"x":1,"y":1,"curve":"stepped"},{"time":0.1,"x":1,"y":1,"curve":"stepped"},{"time":0.4,"x":1,"y":1,"curve":"stepped"},{"time":0.6,"x":1,"y":1}]},"tongkong04":{"rotate":[{"time":0,"angle":0,"curve":"stepped"},{"time":0.6,"angle":0}],"translate":[{"time":0,"x":-1.47,"y":0.03,"curve":[0.375,0.5,0.75,1]},{"time":0.14,"x":0,"y":0,"curve":[0.25,0,0.75,1]},{"time":0.44,"x":-2.93,"y":0.07,"curve":[0.25,0,0.75,1]},{"time":0.6,"x":-1.47,"y":0.03}]},"tongkong05":{"rotate":[{"time":0,"angle":0,"curve":"stepped"},{"time":0.6,"angle":0}],"translate":[{"time":0,"x":-1.47,"y":0.03,"curve":[0.375,0.5,0.75,1]},{"time":0.14,"x":0,"y":0,"curve":[0.25,0,0.75,1]},{"time":0.44,"x":-2.93,"y":0.07,"curve":[0.25,0,0.75,1]},{"time":0.6,"x":-1.47,"y":0.03}]},"shenti13":{"rotate":[{"time":0,"angle":0,"curve":"stepped"},{"time":0.14,"angle":0,"curve":"stepped"},{"time":0.44,"angle":0,"curve":"stepped"},{"time":0.6,"angle":0}],"translate":[{"time":0,"x":-0.87,"y":3.17,"curve":[0.375,0.5,0.75,1]},{"time":0.14,"x":0,"y":0,"curve":[0.25,0,0.75,1]},{"time":0.44,"x":-1.74,"y":6.34,"curve":[0.25,0,0.625,0.5]},{"time":0.6,"x":-0.87,"y":3.17}],"scale":[{"time":0,"x":1,"y":1,"curve":"stepped"},{"time":0.14,"x":1,"y":1,"curve":"stepped"},{"time":0.44,"x":1,"y":1,"curve":"stepped"},{"time":0.6,"x":1,"y":1}]},"shenti14":{"rotate":[{"time":0,"angle":0,"curve":"stepped"},{"time":0.14,"angle":0,"curve":"stepped"},{"time":0.44,"angle":0,"curve":"stepped"},{"time":0.6,"angle":0}],"translate":[{"time":0,"x":-1,"y":-2.5,"curve":[0.375,0.5,0.75,1]},{"time":0.14,"x":0,"y":0,"curve":[0.25,0,0.75,1]},{"time":0.44,"x":-2.01,"y":-4.99,"curve":[0.25,0,0.625,0.5]},{"time":0.6,"x":-1,"y":-2.5}],"scale":[{"time":0,"x":1,"y":1,"curve":"stepped"},{"time":0.14,"x":1,"y":1,"curve":"stepped"},{"time":0.44,"x":1,"y":1,"curve":"stepped"},{"time":0.6,"x":1,"y":1}]},"yingzi11":{"rotate":[{"time":0,"angle":0,"curve":"stepped"},{"time":0.3,"angle":0,"curve":"stepped"},{"time":0.6,"angle":0}],"translate":[{"time":0,"x":0,"y":0,"curve":"stepped"},{"time":0.3,"x":0,"y":0,"curve":"stepped"},{"time":0.6,"x":0,"y":0}],"scale":[{"time":0,"x":1,"y":1,"curve":[0.25,0,0.75,1]},{"time":0.3,"x":1.118,"y":1.118,"curve":[0.25,0,0.75,1]},{"time":0.6,"x":1,"y":1}]}}},"hit1":{"slots":{"b380001":{"color":[{"time":0,"color":"ffffff00"},{"time":0.04,"color":"ffffffff","curve":"stepped"},{"time":0.12,"color":"ffffffff"},{"time":0.22,"color":"ffffff00"}],"attachment":[{"time":0.02,"name":"b380001"},{"time":0.04,"name":"b380002"},{"time":0.06,"name":"b380003"},{"time":0.08,"name":"b380004"},{"time":0.1,"name":"b380005"},{"time":0.12,"name":"b380006"},{"time":0.14,"name":"b380007"},{"time":0.16,"name":"b380008"},{"time":0.18,"name":"b380009"},{"time":0.2,"name":"b380010"},{"time":0.22,"name":"b380011"}]},"ledian0001":{"color":[{"time":0,"color":"ffffff00"},{"time":0.08,"color":"ffffffff"},{"time":0.24,"color":"ffffff00"}],"attachment":[{"time":0,"name":"ledian0001"},{"time":0.02,"name":"ledian0002"},{"time":0.04,"name":"ledian0003"},{"time":0.06,"name":"ledian0004"},{"time":0.08,"name":"ledian0005"},{"time":0.1,"name":"ledian0006"},{"time":0.12,"name":"ledian0007"},{"time":0.14,"name":"ledian0008"},{"time":0.16,"name":"ledian0010"},{"time":0.18,"name":"ledian0011"},{"time":0.2,"name":"ledian0012"},{"time":0.22,"name":"ledian0013"},{"time":0.24,"name":"ledian0014"}]},"yanpi03":{"attachment":[{"time":0.04,"name":"biyanjing"},{"time":0.08,"name":"yanjing_jk"},{"time":0.22,"name":"biyanjing"},{"time":0.32,"name":"yanpi03"}]},"zuiba01":{"color":[{"time":0,"color":"ffffffff","curve":"stepped"},{"time":0.06,"color":"ffffffff"},{"time":0.08,"color":"ffffff00","curve":"stepped"},{"time":0.2,"color":"ffffff00"},{"time":0.22,"color":"ffffffff","curve":"stepped"},{"time":0.42,"color":"ffffffff"}],"attachment":[{"time":0.22,"name":"zuiba01"}]},"zuiba_zk":{"color":[{"time":0,"color":"ffffff00","curve":"stepped"},{"time":0.06,"color":"ffffff00"},{"time":0.08,"color":"ffffffff","curve":"stepped"},{"time":0.2,"color":"ffffffff"},{"time":0.22,"color":"ffffff00","curve":"stepped"},{"time":0.42,"color":"ffffff00"}]}},"bones":{"shenti10":{"rotate":[{"time":0,"angle":0,"curve":[0.25,0,0.75,1]},{"time":0.04,"angle":0.31,"curve":[0.314,0.27,0.657,0.64]},{"time":0.06,"angle":0.83,"curve":[0.343,0.36,0.686,0.73]},{"time":0.08,"angle":1.36,"curve":[0.371,0.48,0.752,1]},{"time":0.22,"angle":0,"curve":"stepped"},{"time":0.42,"angle":0}],"translate":[{"time":0,"x":0,"y":0,"curve":[0.25,0,0.75,1]},{"time":0.04,"x":-1.37,"y":-1.74,"curve":[0.314,0.27,0.657,0.64]},{"time":0.06,"x":-3.68,"y":1.98,"curve":[0.343,0.36,0.686,0.73]},{"time":0.08,"x":-6,"y":5.69,"curve":[0.371,0.48,0.752,1]},{"time":0.22,"x":3,"y":-3.62},{"time":0.42,"x":0,"y":0}],"scale":[{"time":0,"x":1,"y":1,"curve":"stepped"},{"time":0.04,"x":1,"y":1,"curve":"stepped"},{"time":0.06,"x":1,"y":1,"curve":"stepped"},{"time":0.08,"x":1,"y":1,"curve":[0.371,0.48,0.752,1]},{"time":0.22,"x":0.96,"y":1},{"time":0.42,"x":1,"y":1}],"shear":[{"time":0,"x":0,"y":0},{"time":0.04,"x":-7.23,"y":0},{"time":0.08,"x":11.25,"y":0},{"time":0.22,"x":-1.9,"y":0},{"time":0.42,"x":0,"y":0}]},"shenti12":{"rotate":[{"time":0,"angle":0,"curve":[0.381,0.55,0.742,1]},{"time":0.04,"angle":-3.05},{"time":0.06,"angle":2.63},{"time":0.08,"angle":8.31},{"time":0.22,"angle":-10.66},{"time":0.42,"angle":0}],"translate":[{"time":0,"x":-1.14,"y":0.03,"curve":[0.381,0.55,0.742,1]},{"time":0.04,"x":-3.56,"y":2.31},{"time":0.06,"x":2.88,"y":4.39},{"time":0.08,"x":9.31,"y":6.46},{"time":0.22,"x":-5,"y":0.12},{"time":0.42,"x":-1.14,"y":0.03}],"scale":[{"time":0,"x":0.975,"y":0.975,"curve":[0.381,0.55,0.742,1]},{"time":0.04,"x":1,"y":1,"curve":"stepped"},{"time":0.06,"x":1,"y":1,"curve":"stepped"},{"time":0.08,"x":1,"y":1,"curve":"stepped"},{"time":0.22,"x":1,"y":1},{"time":0.42,"x":0.975,"y":0.975}]},"shenti11":{"rotate":[{"time":0,"angle":0,"curve":[0.363,0.44,0.755,1]},{"time":0.04,"angle":2.9},{"time":0.06,"angle":12.88},{"time":0.08,"angle":22.86},{"time":0.22,"angle":-10.24},{"time":0.42,"angle":0}],"translate":[{"time":0,"x":-3.25,"y":0.25,"curve":[0.363,0.44,0.755,1]},{"time":0.04,"x":-3.17,"y":0.79},{"time":0.06,"x":2.84,"y":1.73},{"time":0.08,"x":8.85,"y":2.66},{"time":0.22,"x":-5.79,"y":0.08},{"time":0.42,"x":-3.25,"y":0.25}],"scale":[{"time":0,"x":0.988,"y":0.988,"curve":[0.363,0.44,0.755,1]},{"time":0.04,"x":1,"y":1,"curve":"stepped"},{"time":0.06,"x":1,"y":1,"curve":"stepped"},{"time":0.08,"x":1,"y":1,"curve":"stepped"},{"time":0.22,"x":1,"y":1},{"time":0.42,"x":0.988,"y":0.988}]},"shenti13":{"rotate":[{"time":0,"angle":0,"curve":[0.375,0.5,0.75,1]},{"time":0.04,"angle":-0.4},{"time":0.06,"angle":-0.2},{"time":0.08,"angle":0},{"time":0.22,"angle":-0.4},{"time":0.42,"angle":0}],"translate":[{"time":0,"x":-0.87,"y":3.17,"curve":[0.375,0.5,0.75,1]},{"time":0.04,"x":-1.85,"y":0.91},{"time":0.06,"x":1.06,"y":-0.09},{"time":0.08,"x":3.98,"y":-1.09},{"time":0.22,"x":-3.17,"y":1.27},{"time":0.42,"x":-0.87,"y":3.17}],"scale":[{"time":0,"x":1,"y":1,"curve":"stepped"},{"time":0.04,"x":1,"y":1,"curve":"stepped"},{"time":0.06,"x":1,"y":1,"curve":"stepped"},{"time":0.08,"x":1,"y":1,"curve":"stepped"},{"time":0.22,"x":1,"y":1,"curve":"stepped"},{"time":0.42,"x":1,"y":1}]},"shenti14":{"rotate":[{"time":0,"angle":0,"curve":[0.375,0.5,0.75,1]},{"time":0.04,"angle":-0.4},{"time":0.06,"angle":-0.2},{"time":0.08,"angle":0},{"time":0.22,"angle":-0.4},{"time":0.42,"angle":0}],"translate":[{"time":0,"x":-1,"y":-2.5,"curve":[0.375,0.5,0.75,1]},{"time":0.04,"x":-1.89,"y":-0.82},{"time":0.06,"x":1.07,"y":0.04},{"time":0.08,"x":4.02,"y":0.91},{"time":0.22,"x":-3.23,"y":-1.12},{"time":0.42,"x":-1,"y":-2.5}],"scale":[{"time":0,"x":1,"y":1,"curve":"stepped"},{"time":0.04,"x":1,"y":1,"curve":"stepped"},{"time":0.06,"x":1,"y":1,"curve":"stepped"},{"time":0.08,"x":1,"y":1,"curve":"stepped"},{"time":0.22,"x":1,"y":1,"curve":"stepped"},{"time":0.42,"x":1,"y":1}]},"yanpi03":{"rotate":[{"time":0,"angle":0,"curve":[0.375,0.5,0.75,1]},{"time":0.04,"angle":0.3},{"time":0.06,"angle":0.6},{"time":0.08,"angle":0.91},{"time":0.22,"angle":0,"curve":"stepped"},{"time":0.42,"angle":0}],"translate":[{"time":0,"x":-7,"y":-0.74,"curve":[0.375,0.5,0.75,1]},{"time":0.04,"x":-9.5,"y":-2.47},{"time":0.06,"x":8.92,"y":-1.74},{"time":0.08,"x":27.34,"y":-1.01},{"time":0.22,"x":-11.58,"y":0.27},{"time":0.42,"x":-7,"y":-0.74}],"scale":[{"time":0,"x":0.995,"y":0.995,"curve":[0.375,0.5,0.75,1]},{"time":0.04,"x":0.983,"y":0.983},{"time":0.06,"x":0.966,"y":0.966},{"time":0.08,"x":0.948,"y":0.948},{"time":0.22,"x":1,"y":1},{"time":0.42,"x":0.995,"y":0.995}],"shear":[{"time":0,"x":0,"y":0,"curve":"stepped"},{"time":0.42,"x":0,"y":0}]},"yingzi11":{"rotate":[{"time":0,"angle":0,"curve":"stepped"},{"time":0.04,"angle":0,"curve":"stepped"},{"time":0.06,"angle":0,"curve":"stepped"},{"time":0.08,"angle":0,"curve":"stepped"},{"time":0.22,"angle":0,"curve":"stepped"},{"time":0.42,"angle":0}],"translate":[{"time":0,"x":0,"y":0,"curve":"stepped"},{"time":0.04,"x":0,"y":0,"curve":"stepped"},{"time":0.06,"x":0,"y":0,"curve":"stepped"},{"time":0.08,"x":0,"y":0,"curve":"stepped"},{"time":0.22,"x":0,"y":0,"curve":"stepped"},{"time":0.42,"x":0,"y":0}],"scale":[{"time":0,"x":1,"y":1,"curve":[0.25,0,0.75,1]},{"time":0.04,"x":1.077,"y":1.077,"curve":[0.314,0.27,0.657,0.64]},{"time":0.06,"x":1.039,"y":1.039,"curve":[0.343,0.36,0.686,0.73]},{"time":0.08,"x":1,"y":1},{"time":0.22,"x":1.067,"y":1.067},{"time":0.42,"x":1,"y":1}],"shear":[{"time":0,"x":0,"y":0,"curve":"stepped"},{"time":0.42,"x":0,"y":0}]},"huangguan02":{"rotate":[{"time":0,"angle":-3.51,"curve":[0.382,0.57,0.737,1]},{"time":0.04,"angle":-3.69},{"time":0.06,"angle":6.78},{"time":0.08,"angle":17.25},{"time":0.22,"angle":-6.66},{"time":0.42,"angle":-3.51}],"translate":[{"time":0,"x":-2.11,"y":-2.46,"curve":[0.382,0.57,0.737,1]},{"time":0.04,"x":-3.28,"y":1.1},{"time":0.06,"x":-6.05,"y":8.72},{"time":0.08,"x":-8.83,"y":16.33},{"time":0.22,"x":4.72,"y":-4.43},{"time":0.42,"x":-2.11,"y":-2.46}],"scale":[{"time":0,"x":1,"y":1,"curve":"stepped"},{"time":0.04,"x":1,"y":1,"curve":"stepped"},{"time":0.06,"x":1,"y":1,"curve":"stepped"},{"time":0.08,"x":1,"y":1,"curve":"stepped"},{"time":0.22,"x":1,"y":1,"curve":"stepped"},{"time":0.42,"x":1,"y":1}]},"zuiba01":{"rotate":[{"time":0,"angle":0,"curve":[0.375,0.5,0.75,1]},{"time":0.04,"angle":0.3},{"time":0.06,"angle":0.6},{"time":0.08,"angle":0.91},{"time":0.22,"angle":0,"curve":"stepped"},{"time":0.42,"angle":0}],"translate":[{"time":0,"x":-5.67,"y":0.13,"curve":[0.375,0.5,0.75,1]},{"time":0.04,"x":-10.33,"y":0.15},{"time":0.06,"x":4.68,"y":-0.28},{"time":0.08,"x":19.69,"y":-0.72},{"time":0.22,"x":-14.56,"y":0.34},{"time":0.42,"x":-5.67,"y":0.13}],"scale":[{"time":0,"x":0.972,"y":0.972,"curve":[0.375,0.5,0.75,1]},{"time":0.04,"x":0.901,"y":0.901},{"time":0.06,"x":0.95,"y":0.95},{"time":0.08,"x":0.998,"y":0.998},{"time":0.22,"x":0.938,"y":0.938},{"time":0.42,"x":0.972,"y":0.972}]},"saihong08":{"rotate":[{"time":0,"angle":0,"curve":[0.375,0.5,0.75,1]},{"time":0.04,"angle":0.3},{"time":0.06,"angle":0.6},{"time":0.08,"angle":0.91},{"time":0.22,"angle":0,"curve":"stepped"},{"time":0.42,"angle":0}],"translate":[{"time":0,"x":-5.67,"y":0.13,"curve":[0.375,0.5,0.75,1]},{"time":0.04,"x":-11.72,"y":0.16},{"time":0.06,"x":4.75,"y":-0.35},{"time":0.08,"x":21.22,"y":-0.85},{"time":0.22,"x":-10.91,"y":0.25},{"time":0.42,"x":-5.67,"y":0.13}],"scale":[{"time":0,"x":0.972,"y":0.972,"curve":[0.375,0.5,0.75,1]},{"time":0.04,"x":0.983,"y":0.983},{"time":0.06,"x":0.966,"y":0.966},{"time":0.08,"x":0.948,"y":0.948},{"time":0.22,"x":1,"y":1},{"time":0.42,"x":0.972,"y":0.972}]},"saihong09":{"rotate":[{"time":0,"angle":0,"curve":[0.375,0.5,0.75,1]},{"time":0.04,"angle":0.3},{"time":0.06,"angle":0.6},{"time":0.08,"angle":0.91},{"time":0.22,"angle":0,"curve":"stepped"},{"time":0.42,"angle":0}],"translate":[{"time":0,"x":-5.67,"y":0.13,"curve":[0.375,0.5,0.75,1]},{"time":0.04,"x":-11.72,"y":0.16},{"time":0.06,"x":4.75,"y":-0.35},{"time":0.08,"x":21.22,"y":-0.85},{"time":0.22,"x":-10.91,"y":0.25},{"time":0.42,"x":-5.67,"y":0.13}],"scale":[{"time":0,"x":0.972,"y":0.972,"curve":[0.375,0.5,0.75,1]},{"time":0.04,"x":0.983,"y":0.983},{"time":0.06,"x":0.966,"y":0.966},{"time":0.08,"x":0.948,"y":0.948},{"time":0.22,"x":1,"y":1},{"time":0.42,"x":0.972,"y":0.972}]},"tongkong04":{"rotate":[{"time":0,"angle":0,"curve":"stepped"},{"time":0.04,"angle":0,"curve":"stepped"},{"time":0.06,"angle":0,"curve":"stepped"},{"time":0.08,"angle":0,"curve":"stepped"},{"time":0.22,"angle":0,"curve":"stepped"},{"time":0.42,"angle":0}],"translate":[{"time":0,"x":-1.47,"y":0.03,"curve":[0.375,0.5,0.75,1]},{"time":0.04,"x":0,"y":0,"curve":"stepped"},{"time":0.06,"x":0,"y":0,"curve":"stepped"},{"time":0.08,"x":0,"y":0,"curve":"stepped"},{"time":0.22,"x":0,"y":0},{"time":0.42,"x":-1.47,"y":0.03}],"scale":[{"time":0.04,"x":1,"y":1,"curve":"stepped"},{"time":0.06,"x":1,"y":1,"curve":"stepped"},{"time":0.08,"x":1,"y":1,"curve":"stepped"},{"time":0.22,"x":1,"y":1}]},"tongkong05":{"rotate":[{"time":0,"angle":0,"curve":"stepped"},{"time":0.04,"angle":0,"curve":"stepped"},{"time":0.06,"angle":0,"curve":"stepped"},{"time":0.08,"angle":0,"curve":"stepped"},{"time":0.22,"angle":0,"curve":"stepped"},{"time":0.42,"angle":0}],"translate":[{"time":0,"x":-1.47,"y":0.03,"curve":[0.375,0.5,0.75,1]},{"time":0.04,"x":0,"y":0,"curve":"stepped"},{"time":0.06,"x":0,"y":0,"curve":"stepped"},{"time":0.08,"x":0,"y":0,"curve":"stepped"},{"time":0.22,"x":0,"y":0},{"time":0.42,"x":-1.47,"y":0.03}],"scale":[{"time":0.04,"x":1,"y":1,"curve":"stepped"},{"time":0.06,"x":1,"y":1,"curve":"stepped"},{"time":0.08,"x":1,"y":1,"curve":"stepped"},{"time":0.22,"x":1,"y":1}]},"zuiba1":{"rotate":[{"time":0,"angle":0,"curve":"stepped"},{"time":0.04,"angle":0,"curve":"stepped"},{"time":0.06,"angle":0,"curve":"stepped"},{"time":0.08,"angle":0,"curve":"stepped"},{"time":0.42,"angle":0}],"translate":[{"time":0,"x":0,"y":0,"curve":"stepped"},{"time":0.04,"x":0,"y":0,"curve":"stepped"},{"time":0.06,"x":0,"y":0,"curve":"stepped"},{"time":0.08,"x":0,"y":0,"curve":"stepped"},{"time":0.14,"x":0,"y":0,"curve":"stepped"},{"time":0.22,"x":0,"y":0,"curve":"stepped"},{"time":0.42,"x":0,"y":0}],"scale":[{"time":0,"x":1.272,"y":1.272,"curve":"stepped"},{"time":0.04,"x":1.272,"y":1.272,"curve":"stepped"},{"time":0.06,"x":1.272,"y":1.272,"curve":"stepped"},{"time":0.08,"x":1.272,"y":1.272,"curve":"stepped"},{"time":0.14,"x":1.272,"y":1.272},{"time":0.22,"x":1.272,"y":0.396,"curve":"stepped"},{"time":0.42,"x":1.272,"y":0.396}],"shear":[{"time":0,"x":0,"y":0}]},"jizhong":{"rotate":[{"time":0.04,"angle":0,"curve":"stepped"},{"time":0.06,"angle":0}],"translate":[{"time":0.04,"x":0,"y":0,"curve":"stepped"},{"time":0.06,"x":0,"y":0}],"scale":[{"time":0.04,"x":1,"y":1,"curve":"stepped"},{"time":0.06,"x":1,"y":1}]},"leidian":{"rotate":[{"time":0,"angle":0,"curve":"stepped"},{"time":0.24,"angle":0}],"translate":[{"time":0,"x":0,"y":0,"curve":"stepped"},{"time":0.24,"x":0,"y":0}],"scale":[{"time":0,"x":1,"y":1,"curve":"stepped"},{"time":0.24,"x":1,"y":1}]},"baoji":{"rotate":[{"time":0,"angle":0,"curve":"stepped"},{"time":0.22,"angle":0}],"translate":[{"time":0,"x":0,"y":0,"curve":"stepped"},{"time":0.22,"x":0,"y":0}],"scale":[{"time":0,"x":1,"y":1,"curve":"stepped"},{"time":0.22,"x":1,"y":1}]}}},"hit2":{"slots":{"yanpi03":{"attachment":[{"time":0.02,"name":"biyanjing"},{"time":0.06,"name":"yanjing_jk"},{"time":0.2,"name":"biyanjing"},{"time":0.3,"name":"yanpi03"}]},"zuiba01":{"color":[{"time":0,"color":"ffffffff","curve":"stepped"},{"time":0.04,"color":"ffffffff"},{"time":0.06,"color":"ffffff00","curve":"stepped"},{"time":0.18,"color":"ffffff00"},{"time":0.2,"color":"ffffffff","curve":"stepped"},{"time":0.4,"color":"ffffffff"}],"attachment":[{"time":0.2,"name":"zuiba01"}]},"zuiba_zk":{"color":[{"time":0,"color":"ffffff00","curve":"stepped"},{"time":0.04,"color":"ffffff00"},{"time":0.06,"color":"ffffffff","curve":"stepped"},{"time":0.18,"color":"ffffffff"},{"time":0.2,"color":"ffffff00","curve":"stepped"},{"time":0.4,"color":"ffffff00"}]}},"bones":{"shenti10":{"rotate":[{"time":0,"angle":0,"curve":[0.25,0,0.75,1]},{"time":0.02,"angle":0.31,"curve":[0.314,0.27,0.657,0.64]},{"time":0.04,"angle":0.83,"curve":[0.343,0.36,0.686,0.73]},{"time":0.06,"angle":1.36,"curve":[0.371,0.48,0.752,1]},{"time":0.2,"angle":0,"curve":"stepped"},{"time":0.4,"angle":0}],"translate":[{"time":0,"x":0,"y":0,"curve":[0.25,0,0.75,1]},{"time":0.02,"x":-1.37,"y":-1.74,"curve":[0.314,0.27,0.657,0.64]},{"time":0.04,"x":-3.68,"y":1.98,"curve":[0.343,0.36,0.686,0.73]},{"time":0.06,"x":-6,"y":5.69,"curve":[0.371,0.48,0.752,1]},{"time":0.2,"x":3,"y":-3.62},{"time":0.4,"x":0,"y":0}],"scale":[{"time":0,"x":1,"y":1,"curve":"stepped"},{"time":0.02,"x":1,"y":1,"curve":"stepped"},{"time":0.04,"x":1,"y":1,"curve":"stepped"},{"time":0.06,"x":1,"y":1,"curve":[0.371,0.48,0.752,1]},{"time":0.2,"x":0.96,"y":1},{"time":0.4,"x":1,"y":1}],"shear":[{"time":0,"x":0,"y":0},{"time":0.02,"x":-7.23,"y":0},{"time":0.06,"x":11.25,"y":0},{"time":0.2,"x":-1.9,"y":0},{"time":0.4,"x":0,"y":0}]},"shenti12":{"rotate":[{"time":0,"angle":0,"curve":[0.381,0.55,0.742,1]},{"time":0.02,"angle":-3.05},{"time":0.04,"angle":2.63},{"time":0.06,"angle":8.31},{"time":0.2,"angle":-10.66},{"time":0.4,"angle":0}],"translate":[{"time":0,"x":-1.14,"y":0.03,"curve":[0.381,0.55,0.742,1]},{"time":0.02,"x":-3.56,"y":2.31},{"time":0.04,"x":2.88,"y":4.39},{"time":0.06,"x":9.31,"y":6.46},{"time":0.2,"x":-5,"y":0.12},{"time":0.4,"x":-1.14,"y":0.03}],"scale":[{"time":0,"x":0.975,"y":0.975,"curve":[0.381,0.55,0.742,1]},{"time":0.02,"x":1,"y":1,"curve":"stepped"},{"time":0.04,"x":1,"y":1,"curve":"stepped"},{"time":0.06,"x":1,"y":1,"curve":"stepped"},{"time":0.2,"x":1,"y":1},{"time":0.4,"x":0.975,"y":0.975}]},"shenti11":{"rotate":[{"time":0,"angle":0,"curve":[0.363,0.44,0.755,1]},{"time":0.02,"angle":2.9},{"time":0.04,"angle":12.88},{"time":0.06,"angle":22.86},{"time":0.2,"angle":-10.24},{"time":0.4,"angle":0}],"translate":[{"time":0,"x":-3.25,"y":0.25,"curve":[0.363,0.44,0.755,1]},{"time":0.02,"x":-3.17,"y":0.79},{"time":0.04,"x":2.84,"y":1.73},{"time":0.06,"x":8.85,"y":2.66},{"time":0.2,"x":-5.79,"y":0.08},{"time":0.4,"x":-3.25,"y":0.25}],"scale":[{"time":0,"x":0.988,"y":0.988,"curve":[0.363,0.44,0.755,1]},{"time":0.02,"x":1,"y":1,"curve":"stepped"},{"time":0.04,"x":1,"y":1,"curve":"stepped"},{"time":0.06,"x":1,"y":1,"curve":"stepped"},{"time":0.2,"x":1,"y":1},{"time":0.4,"x":0.988,"y":0.988}]},"shenti13":{"rotate":[{"time":0,"angle":0,"curve":[0.375,0.5,0.75,1]},{"time":0.02,"angle":-0.4},{"time":0.04,"angle":-0.2},{"time":0.06,"angle":0},{"time":0.2,"angle":-0.4},{"time":0.4,"angle":0}],"translate":[{"time":0,"x":-0.87,"y":3.17,"curve":[0.375,0.5,0.75,1]},{"time":0.02,"x":-1.85,"y":0.91},{"time":0.04,"x":1.06,"y":-0.09},{"time":0.06,"x":3.98,"y":-1.09},{"time":0.2,"x":-3.17,"y":1.27},{"time":0.4,"x":-0.87,"y":3.17}],"scale":[{"time":0,"x":1,"y":1,"curve":"stepped"},{"time":0.02,"x":1,"y":1,"curve":"stepped"},{"time":0.04,"x":1,"y":1,"curve":"stepped"},{"time":0.06,"x":1,"y":1,"curve":"stepped"},{"time":0.2,"x":1,"y":1,"curve":"stepped"},{"time":0.4,"x":1,"y":1}]},"shenti14":{"rotate":[{"time":0,"angle":0,"curve":[0.375,0.5,0.75,1]},{"time":0.02,"angle":-0.4},{"time":0.04,"angle":-0.2},{"time":0.06,"angle":0},{"time":0.2,"angle":-0.4},{"time":0.4,"angle":0}],"translate":[{"time":0,"x":-1,"y":-2.5,"curve":[0.375,0.5,0.75,1]},{"time":0.02,"x":-1.89,"y":-0.82},{"time":0.04,"x":1.07,"y":0.04},{"time":0.06,"x":4.02,"y":0.91},{"time":0.2,"x":-3.23,"y":-1.12},{"time":0.4,"x":-1,"y":-2.5}],"scale":[{"time":0,"x":1,"y":1,"curve":"stepped"},{"time":0.02,"x":1,"y":1,"curve":"stepped"},{"time":0.04,"x":1,"y":1,"curve":"stepped"},{"time":0.06,"x":1,"y":1,"curve":"stepped"},{"time":0.2,"x":1,"y":1,"curve":"stepped"},{"time":0.4,"x":1,"y":1}]},"yanpi03":{"rotate":[{"time":0,"angle":0,"curve":[0.375,0.5,0.75,1]},{"time":0.02,"angle":0.3},{"time":0.04,"angle":0.6},{"time":0.06,"angle":0.91},{"time":0.2,"angle":0,"curve":"stepped"},{"time":0.4,"angle":0}],"translate":[{"time":0,"x":-7,"y":-0.74,"curve":[0.375,0.5,0.75,1]},{"time":0.02,"x":-9.5,"y":-2.47},{"time":0.04,"x":8.92,"y":-1.74},{"time":0.06,"x":27.34,"y":-1.01},{"time":0.2,"x":-11.58,"y":0.27},{"time":0.4,"x":-7,"y":-0.74}],"scale":[{"time":0,"x":0.995,"y":0.995,"curve":[0.375,0.5,0.75,1]},{"time":0.02,"x":0.983,"y":0.983},{"time":0.04,"x":0.966,"y":0.966},{"time":0.06,"x":0.948,"y":0.948},{"time":0.2,"x":1,"y":1},{"time":0.4,"x":0.995,"y":0.995}],"shear":[{"time":0,"x":0,"y":0,"curve":"stepped"},{"time":0.4,"x":0,"y":0}]},"yingzi11":{"rotate":[{"time":0,"angle":0,"curve":"stepped"},{"time":0.02,"angle":0,"curve":"stepped"},{"time":0.04,"angle":0,"curve":"stepped"},{"time":0.06,"angle":0,"curve":"stepped"},{"time":0.2,"angle":0,"curve":"stepped"},{"time":0.4,"angle":0}],"translate":[{"time":0,"x":0,"y":0,"curve":"stepped"},{"time":0.02,"x":0,"y":0,"curve":"stepped"},{"time":0.04,"x":0,"y":0,"curve":"stepped"},{"time":0.06,"x":0,"y":0,"curve":"stepped"},{"time":0.2,"x":0,"y":0,"curve":"stepped"},{"time":0.4,"x":0,"y":0}],"scale":[{"time":0,"x":1,"y":1,"curve":[0.25,0,0.75,1]},{"time":0.02,"x":1.077,"y":1.077,"curve":[0.314,0.27,0.657,0.64]},{"time":0.04,"x":1.039,"y":1.039,"curve":[0.343,0.36,0.686,0.73]},{"time":0.06,"x":1,"y":1},{"time":0.2,"x":1.067,"y":1.067},{"time":0.4,"x":1,"y":1}],"shear":[{"time":0,"x":0,"y":0,"curve":"stepped"},{"time":0.4,"x":0,"y":0}]},"huangguan02":{"rotate":[{"time":0,"angle":-3.51,"curve":[0.382,0.57,0.737,1]},{"time":0.02,"angle":-3.69},{"time":0.04,"angle":6.78},{"time":0.06,"angle":17.25},{"time":0.2,"angle":-6.66},{"time":0.4,"angle":-3.51}],"translate":[{"time":0,"x":-2.11,"y":-2.46,"curve":[0.382,0.57,0.737,1]},{"time":0.02,"x":-3.28,"y":1.1},{"time":0.04,"x":-6.05,"y":8.72},{"time":0.06,"x":-8.83,"y":16.33},{"time":0.2,"x":4.72,"y":-4.43},{"time":0.4,"x":-2.11,"y":-2.46}],"scale":[{"time":0,"x":1,"y":1,"curve":"stepped"},{"time":0.02,"x":1,"y":1,"curve":"stepped"},{"time":0.04,"x":1,"y":1,"curve":"stepped"},{"time":0.06,"x":1,"y":1,"curve":"stepped"},{"time":0.2,"x":1,"y":1,"curve":"stepped"},{"time":0.4,"x":1,"y":1}]},"zuiba01":{"rotate":[{"time":0,"angle":0,"curve":[0.375,0.5,0.75,1]},{"time":0.02,"angle":0.3},{"time":0.04,"angle":0.6},{"time":0.06,"angle":0.91},{"time":0.2,"angle":0,"curve":"stepped"},{"time":0.4,"angle":0}],"translate":[{"time":0,"x":-5.67,"y":0.13,"curve":[0.375,0.5,0.75,1]},{"time":0.02,"x":-10.33,"y":0.15},{"time":0.04,"x":4.68,"y":-0.28},{"time":0.06,"x":19.69,"y":-0.72},{"time":0.2,"x":-14.56,"y":0.34},{"time":0.4,"x":-5.67,"y":0.13}],"scale":[{"time":0,"x":0.972,"y":0.972,"curve":[0.375,0.5,0.75,1]},{"time":0.02,"x":0.901,"y":0.901},{"time":0.04,"x":0.95,"y":0.95},{"time":0.06,"x":0.998,"y":0.998},{"time":0.2,"x":0.938,"y":0.938},{"time":0.4,"x":0.972,"y":0.972}]},"saihong08":{"rotate":[{"time":0,"angle":0,"curve":[0.375,0.5,0.75,1]},{"time":0.02,"angle":0.3},{"time":0.04,"angle":0.6},{"time":0.06,"angle":0.91},{"time":0.2,"angle":0,"curve":"stepped"},{"time":0.4,"angle":0}],"translate":[{"time":0,"x":-5.67,"y":0.13,"curve":[0.375,0.5,0.75,1]},{"time":0.02,"x":-11.72,"y":0.16},{"time":0.04,"x":4.75,"y":-0.35},{"time":0.06,"x":21.22,"y":-0.85},{"time":0.2,"x":-10.91,"y":0.25},{"time":0.4,"x":-5.67,"y":0.13}],"scale":[{"time":0,"x":0.972,"y":0.972,"curve":[0.375,0.5,0.75,1]},{"time":0.02,"x":0.983,"y":0.983},{"time":0.04,"x":0.966,"y":0.966},{"time":0.06,"x":0.948,"y":0.948},{"time":0.2,"x":1,"y":1},{"time":0.4,"x":0.972,"y":0.972}]},"saihong09":{"rotate":[{"time":0,"angle":0,"curve":[0.375,0.5,0.75,1]},{"time":0.02,"angle":0.3},{"time":0.04,"angle":0.6},{"time":0.06,"angle":0.91},{"time":0.2,"angle":0,"curve":"stepped"},{"time":0.4,"angle":0}],"translate":[{"time":0,"x":-5.67,"y":0.13,"curve":[0.375,0.5,0.75,1]},{"time":0.02,"x":-11.72,"y":0.16},{"time":0.04,"x":4.75,"y":-0.35},{"time":0.06,"x":21.22,"y":-0.85},{"time":0.2,"x":-10.91,"y":0.25},{"time":0.4,"x":-5.67,"y":0.13}],"scale":[{"time":0,"x":0.972,"y":0.972,"curve":[0.375,0.5,0.75,1]},{"time":0.02,"x":0.983,"y":0.983},{"time":0.04,"x":0.966,"y":0.966},{"time":0.06,"x":0.948,"y":0.948},{"time":0.2,"x":1,"y":1},{"time":0.4,"x":0.972,"y":0.972}]},"tongkong04":{"rotate":[{"time":0,"angle":0,"curve":"stepped"},{"time":0.02,"angle":0,"curve":"stepped"},{"time":0.04,"angle":0,"curve":"stepped"},{"time":0.06,"angle":0,"curve":"stepped"},{"time":0.2,"angle":0,"curve":"stepped"},{"time":0.4,"angle":0}],"translate":[{"time":0,"x":-1.47,"y":0.03,"curve":[0.375,0.5,0.75,1]},{"time":0.02,"x":0,"y":0,"curve":"stepped"},{"time":0.04,"x":0,"y":0,"curve":"stepped"},{"time":0.06,"x":0,"y":0,"curve":"stepped"},{"time":0.2,"x":0,"y":0},{"time":0.4,"x":-1.47,"y":0.03}],"scale":[{"time":0.02,"x":1,"y":1,"curve":"stepped"},{"time":0.04,"x":1,"y":1,"curve":"stepped"},{"time":0.06,"x":1,"y":1,"curve":"stepped"},{"time":0.2,"x":1,"y":1}]},"tongkong05":{"rotate":[{"time":0,"angle":0,"curve":"stepped"},{"time":0.02,"angle":0,"curve":"stepped"},{"time":0.04,"angle":0,"curve":"stepped"},{"time":0.06,"angle":0,"curve":"stepped"},{"time":0.2,"angle":0,"curve":"stepped"},{"time":0.4,"angle":0}],"translate":[{"time":0,"x":-1.47,"y":0.03,"curve":[0.375,0.5,0.75,1]},{"time":0.02,"x":0,"y":0,"curve":"stepped"},{"time":0.04,"x":0,"y":0,"curve":"stepped"},{"time":0.06,"x":0,"y":0,"curve":"stepped"},{"time":0.2,"x":0,"y":0},{"time":0.4,"x":-1.47,"y":0.03}],"scale":[{"time":0.02,"x":1,"y":1,"curve":"stepped"},{"time":0.04,"x":1,"y":1,"curve":"stepped"},{"time":0.06,"x":1,"y":1,"curve":"stepped"},{"time":0.2,"x":1,"y":1}]},"zuiba1":{"rotate":[{"time":0,"angle":0,"curve":"stepped"},{"time":0.02,"angle":0,"curve":"stepped"},{"time":0.04,"angle":0,"curve":"stepped"},{"time":0.06,"angle":0,"curve":"stepped"},{"time":0.4,"angle":0}],"translate":[{"time":0,"x":0,"y":0,"curve":"stepped"},{"time":0.02,"x":0,"y":0,"curve":"stepped"},{"time":0.04,"x":0,"y":0,"curve":"stepped"},{"time":0.06,"x":0,"y":0,"curve":"stepped"},{"time":0.12,"x":0,"y":0,"curve":"stepped"},{"time":0.2,"x":0,"y":0,"curve":"stepped"},{"time":0.4,"x":0,"y":0}],"scale":[{"time":0,"x":1.272,"y":1.272,"curve":"stepped"},{"time":0.02,"x":1.272,"y":1.272,"curve":"stepped"},{"time":0.04,"x":1.272,"y":1.272,"curve":"stepped"},{"time":0.06,"x":1.272,"y":1.272,"curve":"stepped"},{"time":0.12,"x":1.272,"y":1.272},{"time":0.2,"x":1.272,"y":0.396,"curve":"stepped"},{"time":0.4,"x":1.272,"y":0.396}],"shear":[{"time":0,"x":0,"y":0}]},"jizhong":{"rotate":[{"time":0.02,"angle":0,"curve":"stepped"},{"time":0.04,"angle":0}],"translate":[{"time":0.02,"x":0,"y":0,"curve":"stepped"},{"time":0.04,"x":0,"y":0}],"scale":[{"time":0.02,"x":1,"y":1,"curve":"stepped"},{"time":0.04,"x":1,"y":1}]}}}}},[0]]],0,0,[0],[-1],[0]]