[1,["89dMKW2HxLbYnqqig8thtw"],0,[["sp.SkeletonData",["_name","_atlasText","textureNames","_skeletonJson","textures"],-1,3]],[[0,0,1,2,3,4,5]],[[0,"lightning","\nlightning.png\nsize: 158,158\nformat: RGBA8888\nfilter: Linear,Linear\nrepeat: none\n闪电0001\n  rotate: false\n  xy: 2, 54\n  size: 150, 50\n  orig: 150, 50\n  offset: 0, 0\n  index: -1\n闪电0002\n  rotate: false\n  xy: 2, 2\n  size: 150, 50\n  orig: 150, 50\n  offset: 0, 0\n  index: -1\n闪电0003\n  rotate: false\n  xy: 2, 106\n  size: 150, 50\n  orig: 150, 50\n  offset: 0, 0\n  index: -1\n",["lightning.png"],{"skeleton":{"hash":"H0OMbjSHbJf5UFsoOtuyI1p1yDM","spine":"3.6.53","width":150,"height":50,"fps":50,"images":""},"bones":[{"name":"root"},{"name":"bone","parent":"root"}],"slots":[{"name":"闪电0001","bone":"bone","color":"ffffff00","attachment":"闪电0001","blend":"additive"}],"skins":{"default":{"闪电0001":{"闪电0001":{"width":150,"height":50},"闪电0002":{"width":150,"height":50},"闪电0003":{"width":150,"height":50}}}},"animations":{"lightning":{"slots":{"闪电0001":{"color":[{"time":0,"color":"ffffffff","curve":"stepped"},{"time":0.18,"color":"ffffffff"},{"time":0.36,"color":"ffffff00"}],"attachment":[{"time":0,"name":"闪电0001"},{"time":0.02,"name":"闪电0002"},{"time":0.04,"name":"闪电0001"},{"time":0.06,"name":"闪电0002"},{"time":0.08,"name":"闪电0001"},{"time":0.1,"name":"闪电0002"},{"time":0.12,"name":"闪电0001"},{"time":0.14,"name":"闪电0002"},{"time":0.16,"name":"闪电0001"},{"time":0.18,"name":"闪电0002"},{"time":0.2,"name":"闪电0001"},{"time":0.22,"name":"闪电0002"},{"time":0.24,"name":"闪电0001"},{"time":0.26,"name":"闪电0002"},{"time":0.28,"name":"闪电0001"},{"time":0.3,"name":"闪电0002"},{"time":0.32,"name":"闪电0001"},{"time":0.34,"name":"闪电0002"},{"time":0.36,"name":"闪电0001"}]}}}}},[0]]],0,0,[0],[-1],[0]]