[1,["c5AZR2La9GT6r1EIr70DjW"],["_textureSetter"],["cc.SpriteFrame"],0,[[[{"name":"levelGiftIcon","rect":[367,549,87,105],"offset":[0,0],"originalSize":[87,105],"rotated":1,"capInsets":[0,0,0,0]}],[0],0,[0],[0],[0]],[[{"name":"levelStarNumBg","rect":[2,2,322,66],"offset":[0,0],"originalSize":[322,66],"capInsets":[0,0,0,0]}],[0],0,[0],[0],[0]],[[{"name":"levelGiftQiPao","rect":[452,339,50,61],"offset":[0,0],"originalSize":[50,61],"capInsets":[0,0,0,0]}],[0],0,[0],[0],[0]],[[{"name":"levelGridStar_light","rect":[275,70,32,32],"offset":[0,0],"originalSize":[32,32],"capInsets":[0,0,0,0]}],[0],0,[0],[0],[0]]]]