[1,["26hnPhSjNHuIbzafyqkAFa","26xjFrR41Ot6B+symvSALW","0cLAMAW09HxJJHIulnFMrC","8f796i1GNOdYlkqjPaXS9w","7aI0MQfV1Oso/zj8l2gOUa","93gtv09DlOOL40vHJpahR4","2c5cChDBdBqbqNKV5Lxv2h","90/9uQ14pNSY7PybsKnilY","63n3G8qJ9ErbRTLRs+b7Hu","30iyrtYw1JJZsR2N+vt0Xw","0cuY+9fStOCbEg+UIWjfl2","d1MCnu1XVM5LO0TBqQwFH9","d4C6HrQh9CKbSnnocE7W8C","f1R81eHxhHu4mJsAfc/ZyZ","589Gs7azFGk4MmQ0hhHSHq","63YTqLD35N6InoW+34vmB8","5bELpac4lPAaq7Yql9mFpj","e8pRSmTGxFQr4vmmf5jYE/","97b1uhecNIM60RSxjw9I8F","03X951vSVPzK0OO9SpLe5J","cb68g3iXpEWbIzLIFLqJr4","82xdRJN8dPpq0tcdtH8FyP","545EFWLqVNGI9bgSSMSi0/","323ErowexID5gNHug0DKbg","ff/aefGEVGpoENxHsqtK7+","0dS5GrhSVMHYBRaItIJlVM","9doWPm/JxDRaJoR3ldM5mA","07uSCwwu5BobAH4ll1MPAe","baE1N0fVtMtp0QrSOfpwMd","5ecsjDVHhHoZYMW6r7eV0L","cegSiGG15KnK8CuQt9yMz5","bdM2drozlHNYgAqGN8mQcR","840EDpjsxAcKGEUJG3k0+Q","9ezwC77wJB966arCPd7qOE","1fGRANV5BPB4XzN9KDvHiU","7ddYwsEUlD+YWsmFUJtJGb","5eQhSqe39C4qG0Kb2bdK1Z","41UaEWrehGraaTqQwpmHuO","53CL0pMJZLhamhyh7rHaJQ","1cvim+IlBDOoeuY3ySbUc/"],["_textureSetter","ban","bg_juanzhou","card1","card2","check","cicre1","cicre2","cicre3","cicre4","clous","fightblood1","fightblood1_big","fightblood2","fightbloodbg","fightbloodsub1","finger","gift","headkuang","help","light","light2","light3","next","parachute","parachutebg","playgame","rank_1","rank_2","rank_3","ranktitlebg","share","sound_close","sound_open","star_1","star_2","strongtitlebg","titlebg","up_arrow","video"],["cc.SpriteFrame",["cc.SpriteAtlas",["_name","_spriteFrames"],2,11]],[[1,0,1,2]],[[[{"name":"clous","rect":[644,637,182,143],"offset":[0,0],"originalSize":[182,143],"rotated":1,"capInsets":[0,0,0,0]}],[0],0,[0],[0],[0]],[[{"name":"ban","rect":[252,495,38,38],"offset":[0,0],"originalSize":[38,38],"capInsets":[0,0,0,0]}],[0],0,[0],[0],[0]],[[{"name":"up_arrow","rect":[825,134,26,21],"offset":[0,0],"originalSize":[26,21],"rotated":1,"capInsets":[0,0,0,0]}],[0],0,[0],[0],[0]],[[{"name":"finger","rect":[2,913,114,104],"offset":[0,0],"originalSize":[114,104],"capInsets":[0,0,0,0]}],[0],0,[0],[0],[0]],[[{"name":"rank_3","rect":[82,525,83,66],"offset":[0,0],"originalSize":[83,66],"capInsets":[0,0,0,0]}],[0],0,[0],[0],[0]],[[{"name":"fightbloodsub1","rect":[447,923,36,38],"offset":[0,0],"originalSize":[36,38],"capInsets":[0,0,0,0]}],[0],0,[0],[0],[0]],[[{"name":"card2","rect":[825,171,139,194],"offset":[0,0],"originalSize":[139,194],"rotated":1,"capInsets":[0,0,0,0]}],[0],0,[0],[0],[0]],[[{"name":"playgame","rect":[316,903,82,62],"offset":[0,0],"originalSize":[82,62],"rotated":1,"capInsets":[0,0,0,0]}],[0],0,[0],[0],[0]],[[{"name":"rank_2","rect":[167,525,83,66],"offset":[0,0],"originalSize":[83,66],"capInsets":[0,0,0,0]}],[0],0,[0],[0],[0]],[[{"name":"fightblood1_big","rect":[2,453,46,41],"offset":[0,0],"originalSize":[46,41],"capInsets":[0,0,0,0]}],[0],0,[0],[0],[0]],[[{"name":"fightblood2","rect":[316,987,37,34],"offset":[0,0],"originalSize":[37,34],"capInsets":[0,0,0,0]}],[0],0,[0],[0],[0]],[[[0,"nextloadimg1.plist",[{},"ban",6,0,"bg_juanzhou",6,1,"card1",6,2,"card2",6,3,"check",6,4,"cicre1",6,5,"cicre2",6,6,"cicre3",6,7,"cicre4",6,8,"clous",6,9,"fightblood1",6,10,"fightblood1_big",6,11,"fightblood2",6,12,"fightbloodbg",6,13,"fightbloodsub1",6,14,"finger",6,15,"gift",6,16,"headkuang",6,17,"help",6,18,"light",6,19,"light2",6,20,"light3",6,21,"next",6,22,"parachute",6,23,"parachutebg",6,24,"playgame",6,25,"rank_1",6,26,"rank_2",6,27,"rank_3",6,28,"ranktitlebg",6,29,"share",6,30,"sound_close",6,31,"sound_open",6,32,"star_1",6,33,"star_2",6,34,"strongtitlebg",6,35,"titlebg",6,36,"up_arrow",6,37,"video",6,38]]],0,0,[0,0,0,0,0,0,0,0,0,0,0,0,0,0,0,0,0,0,0,0,0,0,0,0,0,0,0,0,0,0,0,0,0,0,0,0,0,0,0],[1,2,3,4,5,6,7,8,9,10,11,12,13,14,15,16,17,18,19,20,21,22,23,24,25,26,27,28,29,30,31,32,33,34,35,36,37,38,39],[1,2,3,4,5,6,7,8,9,10,11,12,13,14,15,16,17,18,19,20,21,22,23,24,25,26,27,28,29,30,31,32,33,34,35,36,37,38,39]],[[{"name":"parachute","rect":[825,453,145,190],"offset":[0,0],"originalSize":[145,190],"rotated":1,"capInsets":[0,0,0,0]}],[0],0,[0],[0],[0]]]]