[1,["ecpdLyjvZBwrvm+cedCcQy","38qBRf1OZG0JR3OSaC/tyS","2equ99Rw9A3ZyhVQ5rHOS4","acWNzvKZpNmb2TN/Hwyvza","4eGUhZQ89Kiqu7UuTfo7YG","cegSiGG15KnK8CuQt9yMz5","39uazXv1hJ87R1FPsoXQTV","739bg6cS1Iz60tFS/7UDd9","57T/HXxv1BfrYRISLGysqG","2dliiF+wVADo5vX7zHGW1u","9bvaMerUlDyary99mJa6xp","d4VRCeOkdLj6ZgsKTIdpS9","07uSCwwu5BobAH4ll1MPAe","97b1uhecNIM60RSxjw9I8F","3dsdVa4htAYoRItc3HAHnP","01udpWyWVEKauBJDhFKY4q","d8HsitJHxOYqo801xBk8ev"],["node","_spriteFrame","_N$file","root","_N$content","data","_parent","_fontSpriteAtlas","_textureSetter"],[["cc.Node",["_name","_active","_prefab","_parent","_contentSize","_trs","_components","_children","_anchorPoint","_color"],1,4,1,5,7,9,2,5,5],["cc.Sprite",["_sizeMode","_type","_enabled","node","_materials","_spriteFrame"],0,1,3,6],["cc.Label",["_string","_fontSize","_isSystemFontUsed","_N$verticalAlign","_N$horizontalAlign","_lineHeight","node","_materials","_N$file"],-3,1,3,6],["cc.PrefabInfo",["fileId","root"],2,1],["cc.LabelOutline",["_width","_enabled","node","_color"],1,1,5],"cc.SpriteFrame",["cc.Prefab",["_name"],2],["cc.Button",["_N$transition","node"],2,1],["b843axXZeZGULWgNuP8T98G",["_txtKey","node"],2,1],["cc.ScrollView",["horizontal","brake","bounceDuration","_N$horizontalScrollBar","_N$verticalScrollBar","node","_N$content"],-2,1,1],["cc.BlockInputEvents",["node"],3,1],["cc.Mask",["_N$alphaThreshold","node","_materials"],2,1,3],["c065aWrojlEdoYtWfgd7pju",["_text","_indentationWidth","_fontName","node","_txtNode","_stringSize","_fontSpriteAtlas"],0,1,1,8,6]],[[3,0,1,2],[0,0,3,6,2,4,5,2],[1,3,4,5,1],[1,1,0,3,4,5,3],[7,0,1,2],[4,0,2,3,2],[2,0,1,2,4,3,6,7,8,6],[8,0,1,2],[0,0,1,3,7,6,2,4,5,3],[0,0,3,7,6,2,4,5,2],[6,0,2],[0,0,7,2,2],[0,0,3,7,2,4,5,2],[0,0,3,6,2,9,4,5,2],[0,0,7,2,5,2],[0,0,3,6,2,4,2],[0,0,3,7,6,2,4,8,5,2],[0,0,3,6,2,9,4,8,5,2],[0,0,3,7,6,2,5,2],[0,0,3,2,4,8,2],[0,0,3,6,2,4,8,2],[0,0,3,6,2,4,8,5,2],[3,1,1],[1,2,1,0,3,4,5,4],[1,0,3,4,5,2],[2,0,1,5,2,4,3,6,7,8,7],[2,0,1,2,3,6,7,8,5],[4,1,0,2,3,3],[9,0,1,2,3,4,5,6,6],[10,0,1],[11,0,1,2,2],[12,0,1,2,3,4,5,6,4]],[[[[10,"rank_prefab"],[11,"rank_prefab",[-2,-3,-4,-5,-6,-7,-8,-9,-10,-11,-12],[22,-1]],[12,"self",1,[-13,-14,-15,-16,-17],[0,"69y56TFqdBg7RX+EnjB2Bu",1],[5,645,122],[0,-391,0,0,0,0,1,1,1,1]],[8,"page_0",false,1,[-20],[[3,1,0,-18,[12],13],[4,3,-19]],[0,"aeUMJd8NJF7ZENjE8xql5a",1],[5,240,72],[-125,380.867,0,0,0,0,1,1,1,1]],[1,"txt",3,[[6,"WORLD",30,false,1,1,-21,[10],11],[5,2,-22,[4,4279530698]],[7,1007,-23]],[0,"3d+boscrhBo5ec+j8iEp9Q",1],[5,120.4,54.4],[0,6,0,0,0,0,1,1,1,1]],[8,"page_1",false,1,[-26],[[3,1,0,-24,[16],17],[4,3,-25]],[0,"1cE2wZYplD8qccJZl7SkFd",1],[5,240,72],[135,380.24,0,0,0,0,1,1,1,1]],[13,"txt",5,[[6,"FRIEND",30,false,1,1,-27,[14],15],[27,false,2,-28,[4,4279530698]],[7,1008,-29]],[0,"cd90v2Mp5Gu5COFMkHV2o9",1],[4,4293973173],[5,119.19,50.4],[0,6,0,0,0,0,1,1,1,1]],[9,"scr",1,[-33],[[23,false,1,0,-30,[19],20],[28,false,0.75,0.23,null,null,-32,-31]],[0,"e8m1/3xPBAwbalgXma77S5",1],[5,670,720],[0,62,0,0,0,0,1,1,1,1]],[14,"New Node",[-34,-35],[0,"6bxcC7naZK3qnbFdGRUxMb",1],[-23,0,0,0,0,0,1,1,1,1]],[9,"invitebtn",1,[-38],[[3,1,0,-36,[38],39],[4,3,-37]],[0,"b1t/zGjWpBUKssZbdtpX3b",1],[5,346,110],[0,-568,0,0,0,0,1,1,1,0]],[1,"txt",9,[[6,"INVITE FRIENDS",32,false,1,1,-39,[36],37],[5,3,-40,[4,4279530698]],[7,1006,-41]],[0,"df18bL8TdERKFE+w1GUbwd",1],[5,278,56.4],[0,8,0,0,0,0,1,1,1,1]],[15,"bg1",1,[[24,0,-42,[0],1],[29,-43]],[0,"039gkIHq9JSLQ7X+4O2d2Q",1],[5,920,1480]],[1,"closebtn",1,[[2,-44,[8],9],[4,3,-45]],[0,"d7xpVEqltHSp0lIeowDQ5k",1],[5,59,59],[311,597,0,0,0,0,1,1,1,0]],[16,"view",7,[-47],[[30,0,-46,[18]]],[0,"d9YNt2RcpDubW1Sekd3gHo",1],[5,670,720],[0,0.5,1],[0,360,0,0,0,0,1,1,1,1]],[1,"ranknum",2,[[25,"100",42,50,false,1,1,-48,[25],26],[5,2,-49,[4,4279319410]]],[0,"6fIPhbXpxDEaYNRsijrJ0Q",1],[5,88.42,67],[-250,0,0,0,0,0,1,1,1,1]],[17,"name",2,[[26,"Alas  Alabis",28,false,1,-50,[29],30],[5,2,-51,[4,4279319410]]],[0,"ccGZOi0/lDTrjB3BtV/9vS",1],[4,4294767848],[5,173.23,54.4],[0,0,0.5],[-71.74,1.258,0,0,0,0,1,1,1,1]],[18,"score",2,[8],[[31,"99",-2,"fnttype4",-52,8,[5,46,0],35]],[0,"f6CaVomt1M34naCuSHYlwc",1],[230.325,-3.776,0,0,0,0,1,1,1,1]],[1,"contentbg",1,[[3,1,0,-53,[2],3]],[0,"70HBg0TrNJ35qm6WoS6fsB",1],[5,698,980],[0,-8,0,0,0,0,1,1,1,1]],[1,"titlebg",1,[[2,-54,[4],5]],[0,"13cGHyah9Gm6NSe2q1F1qF",1],[5,410,130],[0,532.551,0,0,0,0,1,1.43,1.43,1]],[1,"title",1,[[2,-55,[6],7]],[0,"8bdWJ1TRVFwLrmnLurN55o",1],[5,269,51],[0,501.551,0,0,0,0,1,1,1,1]],[19,"content",13,[0,"6c17gj3gpP/am4XP08pwDp",1],[5,670,720],[0,0.5,1]],[1,"selfbg",1,[[3,1,0,-56,[21],22]],[0,"53RnZbfe9AWpA30DC/HjVi",1],[5,645,122],[0,-391,0,0,0,0,1,1,1,1]],[1,"rankimg",2,[[2,-57,[23],24]],[0,"ad9o2H9atErZ748ROrXPVS",1],[5,83,66],[-250,0,0,0,0,0,1,1,1,1]],[1,"headbg",2,[[2,-58,[27],28]],[0,"0arY+OmGVNpq7z7W1lhl3a",1],[5,97,97],[-136.062,0,0,0,0,0,1,1,1,1]],[20,"New Node",8,[[2,-59,[31],32]],[0,"d1xArLgxZLfqjkkCvu1hAH",1],[5,25,30],[0,0,0.5]],[21,"New Node",8,[[2,-60,[33],34]],[0,"386YTgVOZN96AjoaGG8k5k",1],[5,25,30],[0,0,0.5],[23,0,0,0,0,0,1,1,1,1]]],0,[0,3,1,0,-1,11,0,-2,17,0,-3,18,0,-4,19,0,-5,12,0,-6,3,0,-7,5,0,-8,7,0,-9,21,0,-10,2,0,-11,9,0,-1,22,0,-2,14,0,-3,23,0,-4,15,0,-5,16,0,0,3,0,0,3,0,-1,4,0,0,4,0,0,4,0,0,4,0,0,5,0,0,5,0,-1,6,0,0,6,0,0,6,0,0,6,0,0,7,0,4,20,0,0,7,0,-1,13,0,-1,24,0,-2,25,0,0,9,0,0,9,0,-1,10,0,0,10,0,0,10,0,0,10,0,0,11,0,0,11,0,0,12,0,0,12,0,0,13,0,-1,20,0,0,14,0,0,14,0,0,15,0,0,15,0,0,16,0,0,17,0,0,18,0,0,19,0,0,21,0,0,22,0,0,23,0,0,24,0,0,25,0,5,1,8,6,16,60],[0,0,0,0,0,0,0,0,0,0,0,0,0,0,0,0,0,0,0,0,0,0,0,0,0,0,0,0,0,0,0,0,0,0,0,0,0,0,0,0],[-1,1,-1,1,-1,1,-1,1,-1,1,-1,2,-1,1,-1,2,-1,1,-1,-1,1,-1,1,-1,1,-1,2,-1,1,-1,2,-1,1,-1,1,7,-1,2,-1,1],[0,3,0,4,0,5,0,6,0,7,0,1,0,8,0,1,0,9,0,0,10,0,11,0,12,0,1,0,13,0,1,0,2,0,2,14,0,1,0,15]],[[{"name":"default_panel","rect":[0,0,20,20],"offset":[0,0],"originalSize":[20,20],"capInsets":[6,6,6,6]}],[5],0,[0],[8],[16]]]]