[1,["c5AZR2La9GT6r1EIr70DjW","94dAESWDVKP639P9IE1omp","18VBzzH/1Fj6A+d50c6NQI","f1J41B8d9L1pXC38gtzGd0","9c/LfOaFhHQKkgzZCr5WHb","82+LtJ2PxLEJJKiDrPeipY","a9UpirZW9FJYxc5Z/N9iNj","5dkThEsQhOkZsxBURpA9vq","81rP1nY8hLHZVtI8qjdJvj","dbJ7HWmKJO8430j4HsYS/v","22BeAKpdRLmZfxNFF7xNhD","bazABWdc5CdZrda7Jb9xux","95wf3JnHtLSIZP4lrj9fBF","65PrDrNQ5J45wBVZOO5SbI","e9APhWEAhFaZs4G7fxi3fg","42fsZzIkBMTZVpk6ldpKq6","71KBc/WPZB6I7zcH+Cfj3g","74BIezV2xLA4MWmppzJ+Wo","04tBz2Q81MzoX5Ghj2nu0W","c0wrmmMAFLwJuOFv/rTpXt","32uKWHrWlNhIPn46ntkvsg","6eCwW5//xPpJAmRvnCTLXI","6exPBlghpDDpBov3uaTEbl","00D5zE8IlGXJl3p0XX7M+D","b6TGvqGoNKxIcDq/9GhopJ"],["_textureSetter","icon_star0","icon_star1","icon_star2","icon_star3","levelGiftIcon","levelGiftQiPao","levelGridBg1","levelGridBg2","levelGridBg3","levelGridStar_gray","levelGridStar_light","levelStarNumBg","newLevelIcon","point_1","point_2","puzzle_bg","puzzle_cell_gray","puzzle_curtain_close","puzzle_curtain_open","puzzle_kuang_1","puzzle_kuang_2","star_bg1","star_bg2","unlockIcon"],["cc.SpriteFrame",["cc.SpriteAtlas",["_name","_spriteFrames"],2,11]],[[1,0,1,2]],[[[{"name":"star_bg2","rect":[452,402,26,26],"offset":[0,0],"originalSize":[26,26],"capInsets":[0,0,0,0]}],[0],0,[0],[0],[0]],[[{"name":"puzzle_curtain_close","rect":[2,70,184,271],"offset":[0,0],"originalSize":[184,271],"rotated":1,"capInsets":[0,0,0,0]}],[0],0,[0],[0],[0]],[[{"name":"icon_star1","rect":[275,324,92,28],"offset":[0,0],"originalSize":[92,28],"rotated":1,"capInsets":[0,0,0,0]}],[0],0,[0],[0],[0]],[[{"name":"levelGridStar_gray","rect":[275,104,29,28],"offset":[0,0],"originalSize":[29,28],"capInsets":[0,0,0,0]}],[0],0,[0],[0],[0]],[[{"name":"puzzle_kuang_1","rect":[258,549,107,107],"offset":[0,0],"originalSize":[107,107],"capInsets":[0,0,0,0]}],[0],0,[0],[0],[0]],[[{"name":"levelGridBg1","rect":[2,442,135,145],"offset":[0,0],"originalSize":[135,145],"rotated":1,"capInsets":[19,17,19,23]}],[0],0,[0],[0],[0]],[[{"name":"newLevelIcon","rect":[452,275,62,53],"offset":[0,0],"originalSize":[62,53],"rotated":1,"capInsets":[0,0,0,0]}],[0],0,[0],[0],[0]],[[[0,"levelimg.plist",[{},"icon_star0",6,0,"icon_star1",6,1,"icon_star2",6,2,"icon_star3",6,3,"levelGiftIcon",6,4,"levelGiftQiPao",6,5,"levelGridBg1",6,6,"levelGridBg2",6,7,"levelGridBg3",6,8,"levelGridStar_gray",6,9,"levelGridStar_light",6,10,"levelStarNumBg",6,11,"newLevelIcon",6,12,"point_1",6,13,"point_2",6,14,"puzzle_bg",6,15,"puzzle_cell_gray",6,16,"puzzle_curtain_close",6,17,"puzzle_curtain_open",6,18,"puzzle_kuang_1",6,19,"puzzle_kuang_2",6,20,"star_bg1",6,21,"star_bg2",6,22,"unlockIcon",6,23]]],0,0,[0,0,0,0,0,0,0,0,0,0,0,0,0,0,0,0,0,0,0,0,0,0,0,0],[1,2,3,4,5,6,7,8,9,10,11,12,13,14,15,16,17,18,19,20,21,22,23,24],[1,2,3,4,5,6,7,8,9,10,11,12,13,14,15,16,17,18,19,20,21,22,23,24]],[[{"name":"puzzle_kuang_2","rect":[149,442,107,107],"offset":[0,0],"originalSize":[107,107],"capInsets":[0,0,0,0]}],[0],0,[0],[0],[0]],[[{"name":"star_bg1","rect":[275,418,26,26],"offset":[0,0],"originalSize":[26,26],"capInsets":[0,0,0,0]}],[0],0,[0],[0],[0]],[[{"name":"puzzle_bg","rect":[2,256,184,271],"offset":[0,0],"originalSize":[184,271],"rotated":1,"capInsets":[0,0,0,0]}],[0],0,[0],[0],[0]],[[{"name":"puzzle_cell_gray","rect":[149,551,107,107],"offset":[0,0],"originalSize":[107,107],"capInsets":[0,0,0,0]}],[0],0,[0],[0],[0]],[[{"name":"levelGridBg2","rect":[305,412,135,145],"offset":[0,0],"originalSize":[135,145],"rotated":1,"capInsets":[16,18,16,23]}],[0],0,[0],[0],[0]],[[{"name":"icon_star0","rect":[480,402,90,25],"offset":[0,0],"originalSize":[90,25],"rotated":1,"capInsets":[0,0,0,0]}],[0],0,[0],[0],[0]],[[{"name":"icon_star3","rect":[275,134,94,28],"offset":[0,0],"originalSize":[94,28],"rotated":1,"capInsets":[0,0,0,0]}],[0],0,[0],[0],[0]],[[{"name":"unlockIcon","rect":[367,638,67,88],"offset":[0,0],"originalSize":[67,88],"rotated":1,"capInsets":[0,0,0,0]}],[0],0,[0],[0],[0]],[[{"name":"puzzle_curtain_open","rect":[326,2,184,271],"offset":[0,0],"originalSize":[184,271],"capInsets":[0,0,0,0]}],[0],0,[0],[0],[0]],[[{"name":"levelGridBg3","rect":[305,275,135,145],"offset":[0,0],"originalSize":[135,145],"rotated":1,"capInsets":[17,18,19,24]}],[0],0,[0],[0],[0]],[[{"name":"icon_star2","rect":[275,230,92,28],"offset":[0,0],"originalSize":[92,28],"rotated":1,"capInsets":[0,0,0,0]}],[0],0,[0],[0],[0]]]]