[1,["27fnnwzMtHIJ8PmLtVICxc"],0,[["sp.SkeletonData",["_name","_atlasText","textureNames","_skeletonJson","textures"],-1,3]],[[0,0,1,2,3,4,5]],[[0,"ice","\nice.png\nsize: 870,868\nformat: RGBA8888\nfilter: Linear,Linear\nrepeat: none\nice_010\n  rotate: false\n  xy: 446, 221\n  size: 209, 215\n  orig: 256, 256\n  offset: 25, 18\n  index: -1\nice_011\n  rotate: false\n  xy: 446, 11\n  size: 208, 208\n  orig: 256, 256\n  offset: 25, 20\n  index: -1\nice_012\n  rotate: false\n  xy: 664, 657\n  size: 204, 209\n  orig: 256, 256\n  offset: 25, 17\n  index: -1\nice_02\n  rotate: true\n  xy: 450, 438\n  size: 208, 213\n  orig: 256, 256\n  offset: 25, 19\n  index: -1\nice_03\n  rotate: false\n  xy: 2, 185\n  size: 219, 223\n  orig: 256, 256\n  offset: 19, 14\n  index: -1\nice_04\n  rotate: false\n  xy: 2, 410\n  size: 223, 226\n  orig: 256, 256\n  offset: 17, 12\n  index: -1\nice_05\n  rotate: false\n  xy: 2, 638\n  size: 223, 228\n  orig: 256, 256\n  offset: 17, 11\n  index: -1\nice_06\n  rotate: false\n  xy: 227, 640\n  size: 221, 226\n  orig: 256, 256\n  offset: 18, 12\n  index: -1\nice_07\n  rotate: false\n  xy: 227, 416\n  size: 216, 222\n  orig: 256, 256\n  offset: 21, 15\n  index: -1\nice_08\n  rotate: false\n  xy: 450, 648\n  size: 212, 218\n  orig: 256, 256\n  offset: 23, 18\n  index: -1\nice_09\n  rotate: true\n  xy: 227, 204\n  size: 210, 217\n  orig: 256, 256\n  offset: 24, 18\n  index: -1\n",["ice.png"],{"skeleton":{"hash":"C9C1+67QxwoJijHQ9PZZgV08eeM","spine":"3.6.53","width":0,"height":0,"fps":50,"images":""},"bones":[{"name":"root"},{"name":"bone","parent":"root","scaleX":0.8,"scaleY":0.8,"color":"0471f9ff"}],"slots":[{"name":"ice_01","bone":"bone"}],"skins":{"default":{"ice_01":{"ice_02":{"width":256,"height":256},"ice_03":{"width":256,"height":256},"ice_04":{"width":256,"height":256},"ice_05":{"width":256,"height":256},"ice_06":{"width":256,"height":256},"ice_07":{"width":256,"height":256},"ice_08":{"width":256,"height":256},"ice_09":{"width":256,"height":256},"ice_010":{"width":256,"height":256},"ice_011":{"width":256,"height":256},"ice_012":{"width":256,"height":256}}}},"animations":{"ice":{"slots":{"ice_01":{"color":[{"time":0,"color":"ffffffff","curve":"stepped"},{"time":0.12,"color":"ffffffff","curve":"stepped"},{"time":0.2,"color":"ffffffff"},{"time":0.32,"color":"ffffff00"}],"attachment":[{"time":0,"name":"ice_02"},{"time":0.02,"name":"ice_03"},{"time":0.04,"name":"ice_04"},{"time":0.06,"name":"ice_05"},{"time":0.08,"name":"ice_06"},{"time":0.12,"name":"ice_07"},{"time":0.16,"name":"ice_08"},{"time":0.2,"name":"ice_09"},{"time":0.24,"name":"ice_010"},{"time":0.28,"name":"ice_011"}]}},"bones":{"bone":{"rotate":[{"time":0.32,"angle":0}],"translate":[{"time":0,"x":0,"y":0,"curve":"stepped"},{"time":0.32,"x":0,"y":0}],"scale":[{"time":0,"x":1,"y":1,"curve":"stepped"},{"time":0.32,"x":1,"y":1}],"shear":[{"time":0,"x":0,"y":0,"curve":"stepped"},{"time":0.32,"x":0,"y":0}]}}}}},[0]]],0,0,[0],[-1],[0]]