[1,["ecpdLyjvZBwrvm+cedCcQy","6d8LN2uA9L1JiNJhJoSIk0","38qBRf1OZG0JR3OSaC/tyS","c3X3hmjwFM/J8COMMSl1rq","6eBWFz0oVHPLIGQKf/9Thu","a2MjXRFdtLlYQ5ouAFv/+R","8c20Sso/ZEn7NUfNSM+EBh"],["node","_spriteFrame","_parent","_N$file","_textureSetter","root","data"],[["cc.Node",["_name","_opacity","_components","_prefab","_contentSize","_parent","_trs","_children","_color","_anchorPoint"],1,9,4,5,1,7,2,5,5],["cc.Sprite",["_sizeMode","_type","_isTrimmedMode","node","_materials","_spriteFrame"],0,1,3,6],["cc.Widget",["_alignFlags","_enabled","_left","_right","_originalWidth","node","_target"],-2,1,1],["cc.PrefabInfo",["fileId","root"],2,1],["cc.Label",["_string","_fontSize","_N$verticalAlign","_N$cacheMode","_isSystemFontUsed","_N$horizontalAlign","node","_materials","_N$file"],-3,1,3,6],"cc.SpriteFrame",["cc.Prefab",["_name"],2],["cc.BlockInputEvents",["node"],3,1],["cc.Mask",["_type","_N$alphaThreshold","_N$inverted","node","_materials","_spriteFrame"],0,1,3,6]],[[3,0,1,2],[0,0,5,2,3,4,6,2],[0,0,7,2,3,4,6,2],[1,0,3,4,5,2],[0,0,5,7,2,3,4,6,2],[0,0,5,2,3,4,9,6,2],[1,1,0,3,4,5,3],[1,0,2,3,4,3],[1,0,3,4,2],[8,0,1,2,3,4,5,4],[4,0,1,2,3,6,7,5],[4,0,1,4,5,2,3,6,7,8,7],[6,0,2],[0,0,1,5,7,2,3,4,3],[0,0,1,5,2,3,8,4,3],[0,0,5,2,3,4,2],[2,0,5,2],[2,1,0,2,3,5,6,5],[2,1,0,2,3,4,5,6,6],[3,1,1],[1,3,4,5,1],[7,0,1]],[[[{"name":"default_sprite","rect":[0,2,40,36],"offset":[0,0],"originalSize":[40,40],"capInsets":[0,0,0,0]}],[5],0,[0],[4],[4]],[[[12,"challengeSurpass_layer_prefab"],[2,"challengeSuspass_later_prefab",[-3,-4],[[16,45,-2]],[19,-1],[5,720,1280],[360,640,366.32875,0,0,0,1,1,1,1]],[2,"me",[-7,-8,-9,-10,-11],[[6,1,0,-5,[11],12],[17,false,32,-20,-20,-6,1]],[0,"7cHxCM2clAvqNDKK79xLbM",1],[5,640,126],[60,-48,0,0,0,0,1,1,1,1]],[2,"other",[-14,-15,-16,-17,-18],[[6,1,0,-12,[22],23],[18,false,8,-20,-20,640,-13,1]],[0,"24/nnh/JpDY4/sUO4CEzCk",1],[5,640,126],[-60,128,0,0,0,0,1,1,1,1]],[13,"acitveNode",0,1,[2,3],[[20,-19,[24],25]],[0,"135H+sYqtLI7vo/vulnOi2",1],[5,40,36]],[14,"mask",100,1,[[3,0,-20,[0],1],[21,-21]],[0,"bf1zLRFItLRZqjYgdGhSxw",1],[4,4278190080],[5,900,1400]],[4,"head",2,[-23],[[9,2,1,true,-22,[5],6]],[0,"04E4dsxE9DJKFVH2Otkyzb",1],[5,100,100],[-139.32,-2.868000000000052,0,0,0,0,1,1,1,1]],[4,"head",3,[-25],[[9,2,1,true,-24,[16],17]],[0,"d5SJVDOEFMd5NAgOyWbwNc",1],[5,100,100],[-139.32,-2.868,0,0,0,0,1,1,1,1]],[1,"ranImg",2,[[7,2,false,-26,[2]]],[0,"5fNcfv0L9MsJf89WM+9a85",1],[5,83,66],[-243,-0.6539999999999964,0,0,0,0,1,1,1,1]],[5,"name",2,[[10,"Alas Alabis",31,1,1,-27,[3]]],[0,"3ajRTOUTRDwbOqi6IhUC1m",1],[5,153.35,50.4],[0,0,0.5],[-65,-2.466000000000008,0,0,0,0,1,1,1,1]],[1,"icon",6,[[8,0,-28,[4]]],[0,"32AD9iZ6lKI6wbJGEXmZIj",1],[5,98,98],[0,-4.973799150320701e-14,0,0,0,0,1,1,1,1]],[1,"pk_head",2,[[3,0,-29,[7],8]],[0,"47JvDAwHRICrxDeb2veaQZ",1],[5,100,100],[-139.32,-2.868000000000052,0,0,0,0,1,1,1,1]],[1,"score",2,[[11,"999999",36,false,1,1,1,-30,[9],10]],[0,"c1soImONhHUYGgr9k4mOoa",1],[5,144.72,50.4],[227,0,0,0,0,0,1,1,1,1]],[1,"ranImg",3,[[7,2,false,-31,[13]]],[0,"82aHarvxtPRpBIGPA3V+qN",1],[5,83,66],[-243,-0.654,0,0,0,0,1,1,1,1]],[5,"name",3,[[10,"Alas Alabis",31,1,1,-32,[14]]],[0,"235h2RnpZJPKui19UmCLUM",1],[5,153.35,50.4],[0,0,0.5],[-65,-2.466,0,0,0,0,1,1,1,1]],[15,"icon",7,[[8,0,-33,[15]]],[0,"33/G81JxNPkpG/yNEkWKYJ",1],[5,98,98]],[1,"pk_head",3,[[3,0,-34,[18],19]],[0,"28RPYefdZJlIXCbrmSlAAv",1],[5,100,100],[-139.32,-2.868,0,0,0,0,1,1,1,1]],[1,"score",3,[[11,"999999",36,false,1,1,1,-35,[20],21]],[0,"e5LQoMgYJCAbEyuC4R9IAq",1],[5,144.72,50.4],[227,0,0,0,0,0,1,1,1,1]]],0,[0,5,1,0,0,1,0,-1,5,0,-2,4,0,0,2,0,0,2,0,-1,8,0,-2,9,0,-3,6,0,-4,11,0,-5,12,0,0,3,0,0,3,0,-1,13,0,-2,14,0,-3,7,0,-4,16,0,-5,17,0,0,4,0,0,5,0,0,5,0,0,6,0,-1,10,0,0,7,0,-1,15,0,0,8,0,0,9,0,0,10,0,0,11,0,0,12,0,0,13,0,0,14,0,0,15,0,0,16,0,0,17,0,6,1,2,2,4,3,2,4,35],[0,0,0,0,0,0,0,0,0,0,0,0,0,0,0,0,0,0,0,0,0,0,0,0,0,0],[-1,1,-1,-1,-1,-1,1,-1,1,-1,3,-1,1,-1,-1,-1,-1,1,-1,1,-1,3,-1,1,-1,1],[0,5,0,0,0,0,1,0,1,0,2,0,3,0,0,0,0,1,0,1,0,2,0,3,0,6]]]]