[1,["ecpdLyjvZBwrvm+cedCcQy","acWNzvKZpNmb2TN/Hwyvza","42HOFjZWhDjKPJob9Z6luR","a7VJHJ37pLgLM2VnjTz5vx","739bg6cS1Iz60tFS/7UDd9","c1QLZDyghA/bDfmF2HknO5","38qBRf1OZG0JR3OSaC/tyS","95LkKmkI1AwqVq7v1S1eQN","00zPt5w9ZF0preNB7NNBtX","ebJrwSM0JLsb8jhBlpYXlU","48+prUhX5PDb/QDDHqS8MU","46aGmHeVtBfoD1V5dymdSw","1ff3e3010"],["node","_spriteFrame","root","_parent","_N$barSprite","data","_N$file","path_all","_textureSetter"],[["cc.Node",["_name","_prefab","_components","_parent","_trs","_contentSize","_children","_color"],2,4,9,1,7,5,12,5],["cc.Sprite",["_sizeMode","_type","_isTrimmedMode","node","_materials","_spriteFrame"],0,1,3,6],["cc.PrefabInfo",["fileId","root"],2,1],"cc.SpriteFrame",["cc.Prefab",["_name"],2],["cc.Node",["_name","_parent","_children","_components","_prefab","_contentSize","_trs"],2,1,2,9,4,5,7],["cc.Node",["_name","_parent","_components","_prefab","_contentSize","_anchorPoint","_trs"],2,1,2,4,5,5,7],["3fc4bsXkrxHb6MVk++MGITc",["node","path_all"],3,1,6],["cc.ProgressBar",["_N$totalLength","_N$progress","node","_N$barSprite"],1,1,1],["cc.BlockInputEvents",["node"],3,1],["cc.Button",["zoomScale","_N$transition","node"],1,1],["cc.Label",["_fontSize","_isSystemFontUsed","_N$horizontalAlign","_N$verticalAlign","node","_materials","_N$file"],-1,1,3,6],["cc.LabelShadow",["node","_color"],3,1,5]],[[2,0,1,2],[1,3,4,5,1],[0,0,3,2,1,5,4,2],[5,0,1,2,3,4,5,6,2],[4,0,2],[0,0,6,2,1,2],[0,0,3,1,4,2],[0,0,3,2,1,5,2],[0,0,3,2,1,7,5,4,2],[6,0,1,2,3,4,5,6,2],[2,1,1],[7,0,1,1],[1,1,0,3,4,5,3],[1,0,3,4,5,2],[1,0,2,3,4,5,3],[1,1,0,3,4,3],[8,0,1,2,3,3],[9,0,1],[10,0,1,2,3],[11,0,1,2,3,4,5,6,5],[12,0,1,1]],[[[[4,"smallgame_qs_prefab"],[5,"challenge_layer_prefab",[[-3,-4,-5,-6,[6,"grids",-8,[0,"95bgFJ8VpAlaR3yLWz5HN4",-7],[0,-1,0,0,0,0,1,1,1,1]],-9,-10],1,1,1,1,4,1,1],[[11,-2,19]],[10,-1]],[3,"diamond_bg",1,[-12,-13],[[1,-11,[12],13]],[0,"63T7ZxCpZCGpFNj8Bkdzgt",1],[5,149,44],[188.757,605.684,0,0,0,0,1,1,1,1]],[3,"pro",1,[-17],[[12,1,0,-14,[15],16],[16,546,0.5,-16,-15]],[0,"fbNSD7WE1DHZi5NVs8zgFT",1],[5,550,29],[29.261,558.948,0,0,0,0,1,1,1,1]],[7,"bg",1,[[13,0,-18,[0],1],[17,-19]],[0,"abDWY0MdRLR7YB3IVPfvJM",1],[5,920,1480]],[3,"top_title",1,[-21],[[1,-20,[4],5]],[0,"f28WY9KjBKWZKKubkmGEC6",1],[5,720,236],[0,621.378,0,0,0,0,1,1,1,1]],[2,"closeBtn",1,[[14,2,false,-22,[6],7],[18,1.1,3,-23]],[0,"79RSnSeHtG2rtLNSeeJIyf",1],[5,59,59],[318,602,0,0,0,0,1,1,1,0]],[8,"num_label",2,[[19,30,false,1,1,-24,[10],11],[20,-25,[4,4278657862]]],[0,"8b39+BKz5IFLAV3BYCD5vE",1],[4,4294178281],[5,0,50.4],[18.119,0,0,0,0,0,1,1,1,1]],[2,"title_q",5,[[1,-26,[2],3]],[0,"e7DW6i+K9HEaJMLO33nXE8",1],[5,222,38],[-220.424,-15.972000000000001,0,0,0,0,1,1,1,1]],[2,"gem1",2,[[1,-27,[8],9]],[0,"8bbrlrZJBL/blJdct1Ox53",1],[5,61,51],[-51.496,-0.954,0,0,0,0,1,0.6,0.6,1]],[9,"bar",3,[-28],[0,"68Dcob3q1BVZXih5rVfWLB",1],[5,273,27],[0,0,0.5],[-275,0,0,0,0,0,1,1,1,1]],[15,1,0,10,[14]],[2,"clock",1,[[1,-29,[17],18]],[0,"10D9ceoPRIUJve3bzpjoI0",1],[5,48,56],[-254.399,559.759,0,0,0,0,1,1,1,1]]],0,[0,2,1,0,0,1,0,-1,4,0,-2,5,0,-3,6,0,-4,2,0,2,1,0,3,1,0,-6,3,0,-7,12,0,0,2,0,-1,9,0,-2,7,0,0,3,0,4,11,0,0,3,0,-1,10,0,0,4,0,0,4,0,0,5,0,-1,8,0,0,6,0,0,6,0,0,7,0,0,7,0,0,8,0,0,9,0,-1,11,0,0,12,0,5,1,29],[0,0,0,0,0,0,0,0,0,0,0,0,0,0,0,0,0,0,0,0,11],[-1,1,-1,1,-1,1,-1,1,-1,1,-1,6,-1,1,-1,-1,1,-1,1,7,1],[0,1,0,2,0,3,0,4,0,5,0,6,0,7,0,0,8,0,9,10,11]],[[{"name":"title_q","rect":[729,488,222,38],"offset":[0,0],"originalSize":[222,38],"rotated":1,"capInsets":[0,0,0,0]}],[3],0,[0],[8],[12]]]]