[1,["c3jC1M2ZVO3JRfnvxS7kNm","219gufHpJI9LH08DlG2ct9","1frcsH42FACpXEa71qbxsM","fdyfoez8JHBIKw72S8OfMB","65VKCmB7tKuYS1mSY57b/X","f2N9xtIBZIQIS9aPxRjsJd","b14XQuBCZEY4FGwGeI/ebB","79sZJgLR9HAa+LAVxYWedx","46aGmHeVtBfoD1V5dymdSw","00zPt5w9ZF0preNB7NNBtX","99NCRS0clDd6ULQtpWf4ub","0b2IhpJKRKsY3DCKW7wVHr","c1GegPgfVIG40IRwHfvAhz","e6k0P3ihVAtaoMgtpA7MmL","57T/HXxv1BfrYRISLGysqG","2dliiF+wVADo5vX7zHGW1u","18pJt8u6JLYJvqSKNqsjXp","d7jRG6SINFx69YcAVv1J3B","34l1sRUaxK+resLP0fzRX6","10AqMjnThDh63ZH4uC0/e9","1eAGQsZ4NJpZMptSz+b1Rp","2fjvX98aRCrLBTTa8Y75Q2","fens+gkVdBvb95tkPdU9lL","3emIHd3ZpGl7TFHaPeI570","98XFR3GOFGhLJSm1bCYElu","77jswb3otIrZGi3z17nn60","d4VRCeOkdLj6ZgsKTIdpS9","bf8Z6ALjxCN7Qqkzt4DLeo"],["_textureSetter","bottom","btn_play","combopro","comboprobg","kuang_bg","scaleimg1","scaleimg14","scaleimg15","scaleimg16","scaleimg17","scaleimg19","scaleimg2","scaleimg20","scaleimg21","scaleimg22","scaleimg23","scaleimg24","scaleimg25","scaleimg26","scaleimg27","scaleimg4","scaleimg5","scaleimg53","scaleimg54","scaleimg55","scaleimg8","scaleimg9"],["cc.SpriteFrame",["cc.SpriteAtlas",["_name","_spriteFrames"],2,11]],[[1,0,1,2]],[[[{"name":"bottom","rect":[2,256,720,27],"offset":[0,0],"originalSize":[720,27],"rotated":1,"capInsets":[0,0,0,0]}],[0],0,[0],[0],[0]],[[{"name":"scaleimg4","rect":[379,538,112,135],"offset":[0,3],"originalSize":[112,141],"capInsets":[42,46,38,41]}],[0],0,[0],[0],[0]],[[{"name":"scaleimg53","rect":[221,441,65,60],"offset":[0,0],"originalSize":[65,60],"capInsets":[0,0,0,0]}],[0],0,[0],[0],[0]],[[{"name":"comboprobg","rect":[32,320,197,28],"offset":[0,0],"originalSize":[197,28],"rotated":1,"capInsets":[0,0,0,0]}],[0],0,[0],[0],[0]],[[[0,"scaleimg1.plist",[{},"bottom",6,0,"btn_play",6,1,"combopro",6,2,"comboprobg",6,3,"kuang_bg",6,4,"scaleimg1",6,5,"scaleimg14",6,6,"scaleimg15",6,7,"scaleimg16",6,8,"scaleimg17",6,9,"scaleimg19",6,10,"scaleimg2",6,11,"scaleimg20",6,12,"scaleimg21",6,13,"scaleimg22",6,14,"scaleimg23",6,15,"scaleimg24",6,16,"scaleimg25",6,17,"scaleimg26",6,18,"scaleimg27",6,19,"scaleimg4",6,20,"scaleimg5",6,21,"scaleimg53",6,22,"scaleimg54",6,23,"scaleimg55",6,24,"scaleimg8",6,25,"scaleimg9",6,26]]],0,0,[0,0,0,0,0,0,0,0,0,0,0,0,0,0,0,0,0,0,0,0,0,0,0,0,0,0,0],[1,2,3,4,5,6,7,8,9,10,11,12,13,14,15,16,17,18,19,20,21,22,23,24,25,26,27],[1,2,3,4,5,6,7,8,9,10,11,12,13,14,15,16,17,18,19,20,21,22,23,24,25,26,27]],[[{"name":"scaleimg1","rect":[32,250,33,19],"offset":[0,0],"originalSize":[33,19],"capInsets":[8,7,8,7]}],[0],0,[0],[0],[0]],[[{"name":"scaleimg2","rect":[30,979,33,19],"offset":[0,0],"originalSize":[33,19],"rotated":1,"capInsets":[8,8,8,8]}],[0],0,[0],[0],[0]],[[{"name":"combopro","rect":[63,348,191,20],"offset":[0,3],"originalSize":[197,28],"capInsets":[10,0,10,0]}],[0],0,[0],[0],[0]]]]