[1,["ecpdLyjvZBwrvm+cedCcQy","56oBxxz1NJb7OhcLTPCT0D","7daYwioWdJz6uEy/K4AhaS","e7dMtntLlI55AFAocuxfe3","d5KVgHM/dMJqhUpM4h/vTa"],["node","_spriteFrame","root","data","_textureSetter"],[["cc.Node",["_name","_prefab","_children","_parent","_trs","_components","_contentSize"],2,4,2,1,7,9,5],"cc.SpriteFrame",["cc.Prefab",["_name","asyncLoadAssets"],1],["cc.PrefabInfo",["fileId","root"],2,1],["cc.Sprite",["node","_materials","_spriteFrame"],3,1,3,6],["cc.BlockInputEvents",["node"],3,1]],[[3,0,1,2],[0,0,3,5,1,6,4,2],[4,0,1,2,1],[2,0,1,3],[0,0,2,1,2],[0,0,3,2,1,4,2],[5,0,1]],[[[[3,"game_over_prefab",true],[4,"game_over_prefab",[-2,-3],[0,"fav3UJPhVELJRzjhjNWZiS",-1]],[1,"overbg",1,[[2,-4,[0],1],[6,-5]],[0,"8c98oQ0cJKLru4IB46PpKW",1],[5,288,520],[0,0,0,0,0,0,1,3.1944444,2.8461538,1]],[5,"overnode",1,[-6,-7],[0,"48E77XpMVHubM5W4FZ4H3u",1],[0,50,0,0,0,0,1,1,1,1]],[1,"game",3,[[2,-8,[2],3]],[0,"f08jPtneFHo56gixtrqeap",1],[5,318,98],[-152,0,0,0,0,0,1,1,1,1]],[1,"over",3,[[2,-9,[4],5]],[0,"b229gG1gZG+YbeYtSoSiOM",1],[5,295,98],[159,0,0,0,0,0,1,1,1,1]]],0,[0,2,1,0,-1,2,0,-2,3,0,0,2,0,0,2,0,-1,4,0,-2,5,0,0,4,0,0,5,0,3,1,9],[0,0,0,0,0,0],[-1,1,-1,1,-1,1],[0,1,0,2,0,3]],[[{"name":"gameoverbg","rect":[0,0,288,520],"offset":[0,0],"originalSize":[288,520],"capInsets":[0,0,0,0]}],[1],0,[0],[4],[4]]]]