[1,["a0SmXfsw1Kl7YxdUT94wT1"],0,[["sp.SkeletonData",["_name","_atlasText","textureNames","_skeletonJson","textures"],-1,3]],[[0,0,1,2,3,4,5]],[[0,"countdown","\ncountdown.png\nsize: 495,120\nformat: RGBA8888\nfilter: Linear,Linear\nrepeat: none\nzhongbiao\n  rotate: false\n  xy: 2, 2\n  size: 491, 116\n  orig: 500, 120\n  offset: 4, 3\n  index: -1\n",["countdown.png"],{"skeleton":{"hash":"LmAAmZhXSnX27uwD2vWpDl1WZ+U","spine":"3.6.53","width":500,"height":120,"fps":50,"images":""},"bones":[{"name":"root"},{"name":"bone","parent":"root"},{"name":"zhong","parent":"bone","x":-14.57,"y":1.35}],"slots":[{"name":"zhong","bone":"zhong","color":"ffffff00","attachment":"zhongbiao","blend":"additive"}],"skins":{"default":{"zhong":{"zhongbiao":{"width":500,"height":120}}}},"animations":{"countdown":{"slots":{"zhong":{"color":[{"time":0,"color":"ffffffff"},{"time":0.2,"color":"ffffff58"},{"time":0.4,"color":"ffffffff"}]}},"bones":{"zhong":{"translate":[{"time":0,"x":0,"y":0,"curve":"stepped"},{"time":0.4,"x":0,"y":0}]}}}}},[0]]],0,0,[0],[-1],[0]]