[1,["75fvJjKyxFM5qLvBwJNbqG"],0,[["sp.SkeletonData",["_name","_atlasText","textureNames","_skeletonJson","textures"],-1,3]],[[0,0,1,2,3,4,5]],[[0,"demon","\ndemon.png\nsize: 93,91\nformat: RGBA8888\nfilter: Linear,Linear\nrepeat: none\nbizui\n  rotate: false\n  xy: 57, 36\n  size: 12, 8\n  orig: 12, 8\n  offset: 0, 0\n  index: -1\nchazi\n  rotate: true\n  xy: 2, 18\n  size: 20, 52\n  orig: 20, 52\n  offset: 0, 0\n  index: -1\nshou1\n  rotate: false\n  xy: 24, 5\n  size: 14, 11\n  orig: 14, 11\n  offset: 0, 0\n  index: -1\nshou2\n  rotate: false\n  xy: 40, 5\n  size: 12, 11\n  orig: 12, 11\n  offset: 0, 0\n  index: -1\ntou\n  rotate: false\n  xy: 2, 40\n  size: 53, 49\n  orig: 53, 49\n  offset: 0, 0\n  index: -1\ntui1\n  rotate: true\n  xy: 76, 66\n  size: 23, 15\n  orig: 23, 15\n  offset: 0, 0\n  index: -1\ntui2\n  rotate: true\n  xy: 76, 42\n  size: 22, 15\n  orig: 22, 15\n  offset: 0, 0\n  index: -1\nyanjing\n  rotate: true\n  xy: 57, 46\n  size: 43, 17\n  orig: 43, 17\n  offset: 0, 0\n  index: -1\nzhangzui\n  rotate: false\n  xy: 2, 2\n  size: 20, 14\n  orig: 20, 14\n  offset: 0, 0\n  index: -1\n",["demon.png"],{"skeleton":{"hash":"Bu5trY5Kwo71o2MbmjsPZQE2TqU","spine":"3.6.53","width":73,"height":53.59,"fps":50,"images":"./images/"},"bones":[{"name":"root"},{"name":"bone","parent":"root"},{"name":"bone2","parent":"bone","y":22.62},{"name":"tou","parent":"bone2","length":26.34,"rotation":91.25,"x":0.49,"y":-10.65},{"name":"bizui","parent":"tou","rotation":-91.46,"x":4.71,"y":0.28},{"name":"shou2","parent":"tou","length":6.48,"rotation":88.75,"x":7.23,"y":22.22},{"name":"chazi","parent":"shou2","length":33.75,"rotation":-73.37,"x":0.39,"y":13.19},{"name":"shou1","parent":"tou","length":6.97,"rotation":-93.91,"x":5.1,"y":-22.68},{"name":"tou3","parent":"tou","length":7.46,"rotation":-57.16,"x":26.67,"y":-18.06},{"name":"tou4","parent":"tou","length":7.73,"rotation":46.24,"x":26.51,"y":17.96},{"name":"tui5","parent":"bone","length":7.2,"rotation":-178.73,"x":-16.04,"y":2.13,"color":"ff3f00ff"},{"name":"tui1","parent":"bone2","length":8.65,"rotation":-87.88,"x":-9.16,"y":-12.01},{"name":"tui6","parent":"tui1","length":7.44,"rotation":-92.12,"x":8.49,"y":0.01},{"name":"tui3","parent":"bone","length":6.76,"rotation":-1.48,"x":15.77,"y":2.03,"color":"ff3f00ff"},{"name":"tui2","parent":"bone2","length":7.67,"rotation":-87.91,"x":8.77,"y":-12.71},{"name":"tui4","parent":"tui2","length":6.76,"rotation":85.83,"x":7.6,"y":0.04},{"name":"yanjing","parent":"tou","rotation":-91.25,"x":10.79,"y":0.26}],"slots":[{"name":"chazi","bone":"chazi","attachment":"chazi"},{"name":"shou2","bone":"shou2","attachment":"shou2"},{"name":"shou1","bone":"shou1","attachment":"shou1"},{"name":"tui2","bone":"tui4","attachment":"tui2"},{"name":"tui1","bone":"tui6","attachment":"tui1"},{"name":"tou","bone":"tou4","attachment":"tou"},{"name":"yanjing","bone":"yanjing","attachment":"yanjing"},{"name":"bizui","bone":"bizui","attachment":"bizui"}],"ik":[{"name":"tui3","order":0,"target":"tui3","bones":["tui2","tui4"]},{"name":"tui5","order":1,"target":"tui5","bendPositive":false,"bones":["tui1","tui6"]}],"skins":{"default":{"bizui":{"bizui":{"x":-0.25,"y":0.05,"rotation":0.21,"width":12,"height":8},"zhangzui":{"x":0.96,"y":-2.95,"rotation":0.21,"width":20,"height":14}},"chazi":{"chazi":{"x":21.05,"y":1.39,"rotation":-106.63,"width":20,"height":52}},"shou1":{"shou1":{"x":3.34,"y":-0.28,"rotation":2.66,"width":14,"height":11}},"shou2":{"shou2":{"x":3.75,"y":0.92,"rotation":-180,"width":12,"height":11}},"tou":{"tou":{"type":"mesh","hull":24,"width":53,"height":49,"uvs":[0,0.18315,0.08353,0.35339,0.03595,0.50384,0.03046,0.69982,0.09268,0.83245,0.31414,0.92549,0.52278,0.93341,0.80279,0.89184,0.92358,0.79088,0.97666,0.62064,0.94555,0.43456,0.90894,0.34943,1,0.17721,1,0.07625,0.85953,0.10199,0.85221,0,0.74423,0,0.69481,0.10001,0.5063,0.07229,0.30132,0.09407,0.20982,0,0.13661,0,0.14576,0.10397,0,0.08219,0.18419,0.22274,0.21348,0.30786,0.3544,0.30588,0.41663,0.21482,0.32695,0.14752,0.66187,0.17127,0.60879,0.2069,0.63076,0.28213,0.73874,0.30984,0.82475,0.28015,0.84306,0.16929],"triangles":[14,13,12,0,23,22,34,14,12,12,33,34,34,17,14,14,16,15,16,14,17,0,22,24,22,20,19,25,24,28,1,24,25,2,25,26,32,7,6,32,6,31,6,26,31,6,5,26,26,27,31,27,30,31,5,4,26,9,8,7,32,10,7,26,4,3,2,26,3,9,7,10,26,28,27,32,31,29,31,30,29,27,18,30,27,28,18,30,18,29,29,18,17,28,19,18,25,2,1,11,10,32,11,32,33,33,32,29,11,33,12,33,29,34,26,25,28,24,19,28,1,0,24,24,22,19,29,17,34,22,21,20],"vertices":[1,9,8.81,3.1,1,1,3,21.83,22.23,1,1,3,14.51,24.91,1,1,3,4.92,25.41,1,1,3,-1.65,22.25,1,1,3,-6.46,10.62,1,1,3,-7.09,-0.43,1,1,3,-5.38,-15.31,1,1,3,-0.58,-21.82,1,1,3,7.7,-24.81,1,1,3,16.85,-23.36,1,1,3,21.07,-21.51,1,1,8,8.59,-2.3,1,1,8,11.36,1.8,1,2,3,33.25,-19.16,0.59822,8,4.49,4.93,0.40178,1,3,38.25,-18.88,1,1,3,38.38,-13.16,1,1,3,33.53,-10.43,1,1,3,35.11,-0.47,1,1,3,34.28,10.41,1,1,3,38.99,15.16,1,1,3,39.08,19.04,1,2,3,33.97,18.66,0.53092,9,5.67,-4.91,0.46908,1,9,12.09,-0.47,1,1,3,28.11,16.75,1,1,3,23.91,15.29,1,1,3,23.84,7.82,1,1,3,28.23,4.43,1,1,3,31.63,9.11,1,1,3,30.08,-8.61,1,1,3,28.4,-5.76,1,1,3,24.69,-6.84,1,1,3,23.2,-12.54,1,1,3,24.56,-17.13,1,1,3,29.97,-18.21,1],"edges":[0,2,2,4,4,6,6,8,8,10,10,12,12,14,14,16,16,18,18,20,20,22,22,24,24,26,26,28,28,30,30,32,32,34,34,36,36,38,38,40,40,42,42,44,44,46,0,46,44,48,48,50,50,52,52,54,54,56,56,38,34,58,58,60,60,62,62,64,64,66,66,68,68,28]}},"tui1":{"tui1":{"type":"mesh","hull":15,"width":23,"height":15,"uvs":[0,0.76132,0.00395,1,0.20404,0.99999,0.46603,1,0.77389,1,0.95867,0.99999,0.93062,0.64655,0.93007,0.35761,0.93646,0,0.58429,0.00001,0.60219,0.18135,0.62863,0.35333,0.43559,0.24533,0.21907,0.28533,0.05212,0.46533],"triangles":[1,0,2,2,13,3,3,13,12,0,14,2,2,14,13,11,3,12,4,6,5,6,4,11,6,11,7,11,4,3,8,7,10,7,11,10,10,9,8],"vertices":[1,10,10.61,0.59,1,1,10,10.6,4.17,1,2,12,13.1,4.41,0.24,10,6,4.28,0.76,2,12,7.07,4.41,0.504,10,-0.03,4.41,0.496,3,11,12.89,-0.16,0.53594,12,-0.01,4.41,0.09606,10,-7.11,4.57,0.368,2,11,13.05,4.09,0.744,10,-11.4,4.66,0.256,1,11,7.73,3.64,1,2,11,3.4,3.79,0.9999,12,-3.61,-5.23,0.0001,1,11,-1.96,4.14,1,1,11,-2.26,-3.95,1,2,11,0.47,-3.64,0.98497,12,3.92,-7.87,0.01503,3,11,3.07,-3.13,0.6848,12,3.34,-5.29,0.1712,10,-3.98,-5.2,0.144,2,12,7.78,-6.91,0.496,10,0.42,-6.92,0.504,2,12,12.76,-6.31,0.256,10,5.41,-6.43,0.744,1,10,9.31,-3.82,1],"edges":[0,2,2,4,4,6,6,8,8,10,10,12,12,14,14,16,16,18,18,20,20,22,22,24,24,26,26,28,0,28,24,6,26,4,22,8]}},"tui2":{"tui2":{"type":"mesh","hull":15,"width":22,"height":15,"uvs":[0.41748,0.00001,0.0716,0,0.07966,0.2768,0.08614,0.49946,0.0316,0.86746,0.08251,1,0.31887,1,0.54796,1,0.79523,1,1,0.94213,0.98364,0.5648,0.80341,0.3488,0.59978,0.27413,0.37887,0.3568,0.40523,0.18346],"triangles":[8,7,11,10,8,11,9,8,10,11,7,12,7,13,12,6,13,7,14,1,0,2,1,14,13,2,14,3,2,13,6,5,4,6,3,13,6,4,3],"vertices":[1,14,-2.67,3.89,1,1,14,-2.95,-3.81,1,1,14,1.2,-3.78,1,1,14,4.54,-3.76,1,1,14,10.02,-5.16,1,2,14,12.04,-4.11,0.768,13,-10.56,-4.59,0.232,3,14,12.23,1.08,0.50381,15,1.38,-4.54,0.15219,13,-5.36,-4.45,0.344,2,15,6.42,-4.36,0.504,13,-0.32,-4.32,0.496,2,15,11.85,-4.16,0.272,13,5.12,-4.18,0.728,1,13,9.6,-3.2,1,1,13,9.09,2.45,1,3,14,2.86,12.09,0.00076,15,11.68,5.6,0.28171,13,5.05,5.59,0.71753,2,15,7.16,6.56,0.504,13,0.54,6.59,0.496,3,14,2.64,2.75,0.48422,15,2.35,5.15,0.13978,13,-4.29,5.23,0.376,1,14,0.06,3.43,1],"edges":[0,2,6,8,8,10,10,12,12,14,14,16,16,18,18,20,20,22,22,24,24,26,26,28,0,28,24,14,22,16,26,12,2,4,4,6]}},"yanjing":{"yanjing":{"y":1.65,"width":43,"height":17}}}},"animations":{"demon":{"slots":{"bizui":{"attachment":[{"time":0,"name":"zhangzui"},{"time":0.2,"name":"zhangzui"}]}},"bones":{"bone2":{"rotate":[{"time":0,"angle":0,"curve":"stepped"},{"time":0.1,"angle":0,"curve":"stepped"},{"time":0.2,"angle":0}],"translate":[{"time":0,"x":0,"y":0,"curve":"stepped"},{"time":0.1,"x":0,"y":0,"curve":"stepped"},{"time":0.2,"x":0,"y":0}],"scale":[{"time":0,"x":1,"y":1,"curve":"stepped"},{"time":0.1,"x":1,"y":1,"curve":"stepped"},{"time":0.2,"x":1,"y":1}]},"tou":{"rotate":[{"time":0,"angle":0,"curve":"stepped"},{"time":0.1,"angle":0,"curve":"stepped"},{"time":0.2,"angle":0}],"translate":[{"time":0,"x":-0.02,"y":1.09},{"time":0.1,"x":-0.05,"y":2.37},{"time":0.2,"x":-0.02,"y":1.09}],"scale":[{"time":0,"x":1,"y":1,"curve":"stepped"},{"time":0.1,"x":1,"y":1,"curve":"stepped"},{"time":0.2,"x":1,"y":1}]},"yanjing":{"rotate":[{"time":0,"angle":0,"curve":"stepped"},{"time":0.1,"angle":0,"curve":"stepped"},{"time":0.2,"angle":0}],"translate":[{"time":0,"x":1.76,"y":-0.04},{"time":0.1,"x":2.27,"y":-0.05},{"time":0.2,"x":1.76,"y":-0.04}],"scale":[{"time":0,"x":1,"y":1,"curve":"stepped"},{"time":0.1,"x":1,"y":1,"curve":"stepped"},{"time":0.2,"x":1,"y":1}]},"bizui":{"rotate":[{"time":0,"angle":0,"curve":"stepped"},{"time":0.1,"angle":0,"curve":"stepped"},{"time":0.2,"angle":0}],"translate":[{"time":0,"x":1.76,"y":-0.04},{"time":0.1,"x":2.43,"y":-0.06},{"time":0.2,"x":1.76,"y":-0.04}],"scale":[{"time":0,"x":1,"y":1},{"time":0.1,"x":1.068,"y":1.068},{"time":0.2,"x":1,"y":1}]},"shou1":{"rotate":[{"time":0,"angle":-44.71},{"time":0.1,"angle":-41.13},{"time":0.2,"angle":-44.71}],"translate":[{"time":0,"x":0.13,"y":1.01,"curve":"stepped"},{"time":0.1,"x":0.13,"y":1.01,"curve":"stepped"},{"time":0.2,"x":0.13,"y":1.01}],"scale":[{"time":0,"x":1,"y":1,"curve":"stepped"},{"time":0.1,"x":1,"y":1,"curve":"stepped"},{"time":0.2,"x":1,"y":1}]},"shou2":{"rotate":[{"time":0,"angle":-1.83},{"time":0.1,"angle":-2.86},{"time":0.2,"angle":-1.83}],"translate":[{"time":0,"x":7.48,"y":2.16},{"time":0.1,"x":8.76,"y":2.01},{"time":0.2,"x":7.48,"y":2.16}],"scale":[{"time":0,"x":1,"y":1,"curve":"stepped"},{"time":0.1,"x":1,"y":1,"curve":"stepped"},{"time":0.2,"x":1,"y":1}]},"root":{"rotate":[{"time":0,"angle":0,"curve":"stepped"},{"time":0.1,"angle":0,"curve":"stepped"},{"time":0.2,"angle":0}],"translate":[{"time":0,"x":0,"y":0,"curve":"stepped"},{"time":0.1,"x":0,"y":0,"curve":"stepped"},{"time":0.2,"x":0,"y":0}],"scale":[{"time":0,"x":1,"y":1,"curve":"stepped"},{"time":0.1,"x":1,"y":1,"curve":"stepped"},{"time":0.2,"x":1,"y":1}]},"bone":{"rotate":[{"time":0,"angle":0,"curve":"stepped"},{"time":0.1,"angle":0,"curve":"stepped"},{"time":0.2,"angle":0}],"translate":[{"time":0,"x":0,"y":0,"curve":"stepped"},{"time":0.1,"x":0,"y":0,"curve":"stepped"},{"time":0.2,"x":0,"y":0}],"scale":[{"time":0,"x":1,"y":1,"curve":"stepped"},{"time":0.1,"x":1,"y":1,"curve":"stepped"},{"time":0.2,"x":1,"y":1}]},"chazi":{"rotate":[{"time":0,"angle":0,"curve":"stepped"},{"time":0.1,"angle":0,"curve":"stepped"},{"time":0.2,"angle":0}],"translate":[{"time":0,"x":0,"y":0,"curve":"stepped"},{"time":0.1,"x":0,"y":0,"curve":"stepped"},{"time":0.2,"x":0,"y":0}],"scale":[{"time":0,"x":1,"y":1,"curve":"stepped"},{"time":0.1,"x":1,"y":1,"curve":"stepped"},{"time":0.2,"x":1,"y":1}]},"tou3":{"rotate":[{"time":0,"angle":0,"curve":"stepped"},{"time":0.1,"angle":0,"curve":"stepped"},{"time":0.2,"angle":0}],"translate":[{"time":0,"x":0,"y":0,"curve":"stepped"},{"time":0.1,"x":0,"y":0,"curve":"stepped"},{"time":0.2,"x":0,"y":0}],"scale":[{"time":0,"x":1,"y":1,"curve":"stepped"},{"time":0.1,"x":1,"y":1,"curve":"stepped"},{"time":0.2,"x":1,"y":1}]},"tou4":{"rotate":[{"time":0,"angle":0,"curve":"stepped"},{"time":0.1,"angle":0,"curve":"stepped"},{"time":0.2,"angle":0}],"translate":[{"time":0,"x":0,"y":0,"curve":"stepped"},{"time":0.1,"x":0,"y":0,"curve":"stepped"},{"time":0.2,"x":0,"y":0}],"scale":[{"time":0,"x":1,"y":1,"curve":"stepped"},{"time":0.1,"x":1,"y":1,"curve":"stepped"},{"time":0.2,"x":1,"y":1}]},"tui5":{"rotate":[{"time":0,"angle":0,"curve":"stepped"},{"time":0.1,"angle":0,"curve":"stepped"},{"time":0.2,"angle":0}],"translate":[{"time":0,"x":0,"y":0,"curve":"stepped"},{"time":0.1,"x":0,"y":0,"curve":"stepped"},{"time":0.2,"x":0,"y":0}],"scale":[{"time":0,"x":1,"y":1,"curve":"stepped"},{"time":0.1,"x":1,"y":1,"curve":"stepped"},{"time":0.2,"x":1,"y":1}]},"tui1":{"rotate":[{"time":0,"angle":1.62,"curve":"stepped"},{"time":0.1,"angle":1.62,"curve":"stepped"},{"time":0.2,"angle":1.62}],"translate":[{"time":0,"x":0,"y":0,"curve":"stepped"},{"time":0.1,"x":0,"y":0,"curve":"stepped"},{"time":0.2,"x":0,"y":0}],"scale":[{"time":0,"x":1,"y":1,"curve":"stepped"},{"time":0.1,"x":1,"y":1,"curve":"stepped"},{"time":0.2,"x":1,"y":1}]},"tui6":{"rotate":[{"time":0,"angle":-1.53,"curve":"stepped"},{"time":0.1,"angle":-1.53,"curve":"stepped"},{"time":0.2,"angle":-1.53}],"translate":[{"time":0,"x":0,"y":0,"curve":"stepped"},{"time":0.1,"x":0,"y":0,"curve":"stepped"},{"time":0.2,"x":0,"y":0}],"scale":[{"time":0,"x":1,"y":1,"curve":"stepped"},{"time":0.1,"x":1,"y":1,"curve":"stepped"},{"time":0.2,"x":1,"y":1}]},"tui3":{"rotate":[{"time":0,"angle":0,"curve":"stepped"},{"time":0.1,"angle":0,"curve":"stepped"},{"time":0.2,"angle":0}],"translate":[{"time":0,"x":0,"y":0,"curve":"stepped"},{"time":0.1,"x":0,"y":0,"curve":"stepped"},{"time":0.2,"x":0,"y":0}],"scale":[{"time":0,"x":1,"y":1,"curve":"stepped"},{"time":0.1,"x":1,"y":1,"curve":"stepped"},{"time":0.2,"x":1,"y":1}]},"tui2":{"rotate":[{"time":0,"angle":-0.52,"curve":"stepped"},{"time":0.1,"angle":-0.52,"curve":"stepped"},{"time":0.2,"angle":-0.52}],"translate":[{"time":0,"x":0,"y":0,"curve":"stepped"},{"time":0.1,"x":0,"y":0,"curve":"stepped"},{"time":0.2,"x":0,"y":0}],"scale":[{"time":0,"x":1,"y":1,"curve":"stepped"},{"time":0.1,"x":1,"y":1,"curve":"stepped"},{"time":0.2,"x":1,"y":1}]},"tui4":{"rotate":[{"time":0,"angle":0.24,"curve":"stepped"},{"time":0.1,"angle":0.24,"curve":"stepped"},{"time":0.2,"angle":0.24}],"translate":[{"time":0,"x":0,"y":0,"curve":"stepped"},{"time":0.1,"x":0,"y":0,"curve":"stepped"},{"time":0.2,"x":0,"y":0}],"scale":[{"time":0,"x":1,"y":1,"curve":"stepped"},{"time":0.1,"x":1,"y":1,"curve":"stepped"},{"time":0.2,"x":1,"y":1}]}}},"demon1":{"slots":{"bizui":{"attachment":[{"time":0,"name":"bizui"},{"time":0.2,"name":"bizui"},{"time":0.26,"name":"bizui"},{"time":0.3,"name":"zhangzui"},{"time":0.54,"name":"zhangzui"},{"time":0.6,"name":"bizui"}]}},"bones":{"bone2":{"rotate":[{"time":0,"angle":0,"curve":"stepped"},{"time":0.3,"angle":0}],"translate":[{"time":0,"x":0,"y":0,"curve":"stepped"},{"time":0.3,"x":0,"y":0}],"scale":[{"time":0,"x":1,"y":1,"curve":"stepped"},{"time":0.3,"x":1,"y":1}]},"tou":{"rotate":[{"time":0,"angle":0,"curve":"stepped"},{"time":0.2,"angle":0,"curve":"stepped"},{"time":0.3,"angle":0,"curve":"stepped"},{"time":0.5,"angle":0,"curve":"stepped"},{"time":0.6,"angle":0}],"translate":[{"time":0,"x":0,"y":0},{"time":0.2,"x":0.07,"y":-3.2},{"time":0.3,"x":-0.02,"y":1.09},{"time":0.5,"x":-0.05,"y":2.38},{"time":0.6,"x":0,"y":0}],"scale":[{"time":0,"x":1,"y":1,"curve":"stepped"},{"time":0.2,"x":1,"y":1,"curve":"stepped"},{"time":0.3,"x":1,"y":1,"curve":"stepped"},{"time":0.5,"x":1,"y":1,"curve":"stepped"},{"time":0.6,"x":1,"y":1}]},"yanjing":{"translate":[{"time":0,"x":0,"y":0},{"time":0.2,"x":-2.92,"y":0.06},{"time":0.3,"x":1.76,"y":-0.04},{"time":0.5,"x":2.78,"y":-0.06},{"time":0.6,"x":0,"y":0}],"scale":[{"time":0,"x":1,"y":1},{"time":0.2,"x":1.045,"y":1.045},{"time":0.3,"x":1,"y":1,"curve":"stepped"},{"time":0.5,"x":1,"y":1,"curve":"stepped"},{"time":0.6,"x":1,"y":1}]},"bizui":{"translate":[{"time":0,"x":0,"y":0},{"time":0.2,"x":-2.92,"y":0.07},{"time":0.3,"x":1.76,"y":-0.04},{"time":0.5,"x":3.1,"y":-0.08},{"time":0.6,"x":0,"y":0}],"scale":[{"time":0,"x":1,"y":1},{"time":0.2,"x":1.045,"y":1.045},{"time":0.3,"x":1,"y":1},{"time":0.5,"x":1.136,"y":1.136},{"time":0.6,"x":1,"y":1}]},"shou1":{"rotate":[{"time":0,"angle":0},{"time":0.2,"angle":16.21},{"time":0.3,"angle":-44.71},{"time":0.5,"angle":-37.55},{"time":0.6,"angle":0}],"translate":[{"time":0,"x":0,"y":0},{"time":0.2,"x":1.69,"y":0.67},{"time":0.3,"x":0.13,"y":1.01,"curve":"stepped"},{"time":0.5,"x":0.13,"y":1.01},{"time":0.6,"x":0,"y":0}],"scale":[{"time":0,"x":1,"y":1,"curve":"stepped"},{"time":0.2,"x":1,"y":1,"curve":"stepped"},{"time":0.3,"x":1,"y":1,"curve":"stepped"},{"time":0.5,"x":1,"y":1,"curve":"stepped"},{"time":0.6,"x":1,"y":1}]},"shou2":{"rotate":[{"time":0,"angle":0},{"time":0.2,"angle":47.34},{"time":0.3,"angle":-1.83},{"time":0.5,"angle":-3.89},{"time":0.6,"angle":0}],"translate":[{"time":0,"x":0,"y":0,"curve":"stepped"},{"time":0.2,"x":0,"y":0},{"time":0.3,"x":7.48,"y":2.16},{"time":0.5,"x":10.04,"y":1.86},{"time":0.6,"x":0,"y":0}],"scale":[{"time":0,"x":1,"y":1,"curve":"stepped"},{"time":0.2,"x":1,"y":1,"curve":"stepped"},{"time":0.3,"x":1,"y":1,"curve":"stepped"},{"time":0.5,"x":1,"y":1,"curve":"stepped"},{"time":0.6,"x":1,"y":1}]}}}}},[0]]],0,0,[0],[-1],[0]]