[1,["b1InOTl6NEdrXZ1XYfaCqk","f2zGXO8RhDWqMQHHLflbGB","44kCB1aEJJFZv+CGLJUyf5","f65rBfuzJGNZe88oo/gZ3Q","12mEg7G1ZCqrIYkgoiYUFw","70rk4KPp5DgpJxImtVs2Q/"],["root","node","data"],[["cc.AnimationClip",["_name","_duration","sample","speed","curveData"],-2],["cc.Prefab",["_name"],2],["cc.Node",["_name","_components","_prefab","_contentSize"],2,9,4,5],["cc.Animation",["playOnLoad","node","_clips"],2,1,3],["cc.PrefabInfo",["root"],3,1]],[[0,0,1,2,3,4,6],[1,0,2],[2,0,1,2,3,2],[3,0,1,2,2],[4,0,1]],[[[[0,"zuma_4",13.2,50,0.32,{"props":{"position":[{"frame":0,"value":[-436,346,0]},{"frame":2.42,"value":[300,349,0]},{"frame":4.8,"value":[301,-347,0]},{"frame":6.6,"value":[-208,-351,0]},{"frame":8.4,"value":[-209,175,0]},{"frame":9.92,"value":[184,175,0]},{"frame":11.42,"value":[182,-195,0]},{"frame":12.26,"value":[-91,-201,0]},{"frame":12.82,"value":[-92,-7,0]},{"frame":13.18,"value":[-37,-5]},{"frame":13.2,"value":[37,-5,0]}]}}]],0,0,[],[],[]],[[[0,"zuma_2",12.14,50,0.32,{"props":{"position":[{"frame":0,"value":[-434,376],"motionPath":[]},{"frame":2.42,"value":[313,371]},{"frame":4.8,"value":[312,-373]},{"frame":6.6,"value":[-225,-381]},{"frame":8.4,"value":[-229,183]},{"frame":9.62,"value":[175,177]},{"frame":10.56,"value":[177,-113]},{"frame":11.12,"value":[33,-244]},{"frame":11.66,"value":[-116,-117]},{"frame":12.14,"value":[14,7]}]}}]],0,0,[],[],[]],[[[1,"path_all"],[2,"path_all",[[3,true,-2,[0,1,2,3,4,5]]],[4,-1],[5,80,80]]],0,[0,0,1,0,1,1,0,2,1,2],[0,0,0,0,0,0],[-1,-2,-3,-4,-5,-6],[0,1,2,3,4,5]],[[[0,"zuma_5",12.14,50,0.32,{"props":{"position":[{"frame":0,"value":[434,376,0]},{"frame":2.42,"value":[-313,371,0]},{"frame":4.8,"value":[-312,-373,0]},{"frame":6.6,"value":[225,-381,0]},{"frame":8.4,"value":[229,183,0]},{"frame":9.62,"value":[-175,177,0]},{"frame":10.56,"value":[-177,-113,0]},{"frame":11.12,"value":[-33,-244,0]},{"frame":11.66,"value":[116,-117,0]},{"frame":12.14,"value":[-14,7,0]}]}}]],0,0,[],[],[]],[[[0,"zuma_0",12.02,50,0.32,{"props":{"position":[{"frame":0,"value":[390,374],"motionPath":[]},{"frame":2.42,"value":[-299,371]},{"frame":3.02,"value":[-302,194]},{"frame":4.82,"value":[228,192]},{"frame":5.42,"value":[231,-6]},{"frame":7.2,"value":[-304,-1]},{"frame":7.82,"value":[-299,-200]},{"frame":9.6,"value":[231,-201]},{"frame":10.22,"value":[230,-378]},{"frame":12.02,"value":[-297,-373]}]}}]],0,0,[],[],[]],[[[0,"zuma_1",13.18,50,0.32,{"props":{"position":[{"frame":0,"value":[436,346],"motionPath":[]},{"frame":2.42,"value":[-300,349],"motionPath":[]},{"frame":4.8,"value":[-301,-347],"motionPath":[]},{"frame":6.6,"value":[208,-351],"motionPath":[]},{"frame":8.4,"value":[209,175],"motionPath":[]},{"frame":9.92,"value":[-184,175]},{"frame":11.42,"value":[-182,-195]},{"frame":12.26,"value":[91,-201]},{"frame":12.82,"value":[92,-7]},{"frame":13.18,"value":[-37,-5]}]}}]],0,0,[],[],[]],[[[0,"zuma_3",12.02,50,0.32,{"props":{"position":[{"frame":0,"value":[-390,374,0]},{"frame":2.42,"value":[299,371,0]},{"frame":3.02,"value":[302,194,0]},{"frame":4.82,"value":[-228,192,0]},{"frame":5.42,"value":[-231,-6,0]},{"frame":7.2,"value":[304,-1,0]},{"frame":7.82,"value":[299,-200,0]},{"frame":9.6,"value":[-231,-201,0]},{"frame":10.22,"value":[-230,-378,0]},{"frame":12.02,"value":[297,-373,0]}]}}]],0,0,[],[],[]]]]