[1,["d1hMyc+atOXag1wm9B5iUv"],0,[["sp.SkeletonData",["_name","_atlasText","textureNames","_skeletonJson","textures"],-1,3]],[[0,0,1,2,3,4,5]],[[0,"smoke","\nsmoke.png\nsize: 530,530\nformat: RGBA8888\nfilter: Linear,Linear\nrepeat: none\nsmoke0001\n  rotate: false\n  xy: 2, 266\n  size: 130, 130\n  orig: 130, 130\n  offset: 0, 0\n  index: -1\nsmoke0002\n  rotate: false\n  xy: 134, 398\n  size: 130, 130\n  orig: 130, 130\n  offset: 0, 0\n  index: -1\nsmoke0003\n  rotate: false\n  xy: 2, 134\n  size: 130, 130\n  orig: 130, 130\n  offset: 0, 0\n  index: -1\nsmoke0004\n  rotate: false\n  xy: 134, 266\n  size: 130, 130\n  orig: 130, 130\n  offset: 0, 0\n  index: -1\nsmoke0005\n  rotate: false\n  xy: 266, 398\n  size: 130, 130\n  orig: 130, 130\n  offset: 0, 0\n  index: -1\nsmoke0006\n  rotate: false\n  xy: 2, 2\n  size: 130, 130\n  orig: 130, 130\n  offset: 0, 0\n  index: -1\nsmoke0007\n  rotate: false\n  xy: 134, 134\n  size: 130, 130\n  orig: 130, 130\n  offset: 0, 0\n  index: -1\nsmoke0008\n  rotate: false\n  xy: 266, 266\n  size: 130, 130\n  orig: 130, 130\n  offset: 0, 0\n  index: -1\nsmoke0009\n  rotate: false\n  xy: 398, 398\n  size: 130, 130\n  orig: 130, 130\n  offset: 0, 0\n  index: -1\nsmoke0010\n  rotate: false\n  xy: 134, 2\n  size: 130, 130\n  orig: 130, 130\n  offset: 0, 0\n  index: -1\nsmoke0011\n  rotate: false\n  xy: 266, 134\n  size: 130, 130\n  orig: 130, 130\n  offset: 0, 0\n  index: -1\nsmoke0012\n  rotate: false\n  xy: 398, 266\n  size: 130, 130\n  orig: 130, 130\n  offset: 0, 0\n  index: -1\nsmoke0013\n  rotate: false\n  xy: 266, 2\n  size: 130, 130\n  orig: 130, 130\n  offset: 0, 0\n  index: -1\nsmoke0014\n  rotate: false\n  xy: 398, 134\n  size: 130, 130\n  orig: 130, 130\n  offset: 0, 0\n  index: -1\nsmoke0015\n  rotate: false\n  xy: 2, 398\n  size: 130, 130\n  orig: 130, 130\n  offset: 0, 0\n  index: -1\n",["smoke.png"],{"skeleton":{"hash":"WnHbQlCGILl54VSkomj95a6BPLU","spine":"3.6.53","width":143,"height":143,"fps":50,"images":""},"bones":[{"name":"root"},{"name":"bone","parent":"root","scaleX":1.1,"scaleY":1.1}],"slots":[{"name":"smoke0001","bone":"bone","color":"ffffff00","attachment":"smoke0001"}],"skins":{"default":{"smoke0001":{"smoke0001":{"width":130,"height":130},"smoke0002":{"width":130,"height":130},"smoke0003":{"width":130,"height":130},"smoke0004":{"width":130,"height":130},"smoke0005":{"width":130,"height":130},"smoke0006":{"width":130,"height":130},"smoke0007":{"width":130,"height":130},"smoke0008":{"width":130,"height":130},"smoke0009":{"width":130,"height":130},"smoke0010":{"width":130,"height":130},"smoke0011":{"width":130,"height":130},"smoke0012":{"width":130,"height":130},"smoke0013":{"width":130,"height":130},"smoke0014":{"width":130,"height":130},"smoke0015":{"width":130,"height":130}}}},"animations":{"smoke":{"slots":{"smoke0001":{"color":[{"time":0,"color":"ffffffff","curve":"stepped"},{"time":0.26,"color":"ffffffff"},{"time":0.3,"color":"ffffff00"}],"attachment":[{"time":0,"name":"smoke0001"},{"time":0.02,"name":"smoke0002"},{"time":0.04,"name":"smoke0003"},{"time":0.06,"name":"smoke0004"},{"time":0.08,"name":"smoke0005"},{"time":0.1,"name":"smoke0006"},{"time":0.12,"name":"smoke0007"},{"time":0.14,"name":"smoke0008"},{"time":0.16,"name":"smoke0009"},{"time":0.18,"name":"smoke0010"},{"time":0.2,"name":"smoke0011"},{"time":0.22,"name":"smoke0012"},{"time":0.24,"name":"smoke0013"},{"time":0.26,"name":"smoke0014"},{"time":0.28,"name":"smoke0015"}]}}}}},[0]]],0,0,[0],[-1],[0]]