[1,["e79JrCsJhNnqZvS8oyJHNw"],0,[["sp.SkeletonData",["_name","_atlasText","textureNames","_skeletonJson","textures"],-1,3]],[[0,0,1,2,3,4,5]],[[0,"mysterious","\nmysterious.png\nsize: 256,256\nformat: RGBA8888\nfilter: Linear,Linear\nrepeat: none\ndiguang\n  rotate: false\n  xy: 2, 34\n  size: 137, 177\n  orig: 146, 188\n  offset: 3, 8\n  index: -1\nsuidian\n  rotate: false\n  xy: 2, 14\n  size: 17, 18\n  orig: 17, 18\n  offset: 0, 0\n  index: -1\ntuantuan\n  rotate: false\n  xy: 141, 197\n  size: 17, 14\n  orig: 20, 17\n  offset: 0, 3\n  index: -1\nxingdian\n  rotate: false\n  xy: 2, 2\n  size: 10, 10\n  orig: 14, 15\n  offset: 0, 5\n  index: -1\n",["mysterious.png"],{"skeleton":{"hash":"9+G5Z5mDaLXBV1dpJO6SO0mZl4E","spine":"3.6.53","width":280.27,"height":360.9,"fps":50,"images":"./images/"},"bones":[{"name":"root"},{"name":"bone","parent":"root","scaleX":1.92,"scaleY":1.92},{"name":"bone2","parent":"root","scaleX":1.92,"scaleY":1.92},{"name":"bone3","parent":"root","x":-2.09,"y":19.68,"color":"ff0000ff"},{"name":"bone4","parent":"root","x":-5.36,"y":5.39,"scaleX":0.98,"scaleY":0.98},{"name":"bone5","parent":"root","x":4.27,"y":-2.17,"scaleX":-0.98,"scaleY":-0.98},{"name":"suidian","parent":"bone3","x":-86.62,"y":51.62,"scaleX":1.284,"scaleY":1.284},{"name":"suidian2","parent":"bone3","x":45.34,"y":-130.52,"scaleX":0.762,"scaleY":0.762},{"name":"suidian3","parent":"bone3","x":-81.73,"y":-78.7,"scaleX":1.054,"scaleY":1.054},{"name":"suidian4","parent":"bone3","x":0.68,"y":-134.18,"scaleX":1.478,"scaleY":1.478},{"name":"suidian5","parent":"bone3","x":79.38,"y":97.27,"scaleX":0.482,"scaleY":0.482},{"name":"suidian6","parent":"bone3","x":-58.84,"y":93.27,"scaleX":1.37,"scaleY":1.37},{"name":"suidian7","parent":"bone3","x":69.05,"y":37.94,"scaleX":1.206,"scaleY":1.206},{"name":"tuantuan","parent":"bone4","x":86.9,"y":132.29,"scaleX":1.6,"scaleY":1.449},{"name":"tuantuan2","parent":"bone5","x":86.9,"y":132.29,"scaleX":1.6,"scaleY":1.434},{"name":"xingdian","parent":"bone3","x":45.32,"y":97.76,"scaleX":1.047,"scaleY":1.047},{"name":"xingdian2","parent":"bone3","x":0.44,"y":113.34,"scaleX":0.507,"scaleY":0.507},{"name":"xingdian3","parent":"bone3","x":76.52,"y":-23.48,"scaleX":0.706,"scaleY":0.706},{"name":"xingdian4","parent":"bone3","x":66.64,"y":-104.08,"scaleX":1.283,"scaleY":1.283},{"name":"xingdian5","parent":"bone3","x":-72.12,"y":-11.4,"scaleX":0.363,"scaleY":0.363},{"name":"xingdian6","parent":"bone3","x":-75.33,"y":-138.32,"scaleX":1.216,"scaleY":1.216},{"name":"xingdian7","parent":"bone3","x":-24.04,"y":-135.2,"scaleX":0.469,"scaleY":0.469}],"slots":[{"name":"diguang","bone":"bone","attachment":"diguang"},{"name":"diguang2","bone":"bone2","attachment":"diguang"},{"name":"suidian","bone":"suidian","attachment":"suidian","blend":"additive"},{"name":"suidian3","bone":"suidian3","attachment":"suidian","blend":"additive"},{"name":"suidian2","bone":"suidian2","attachment":"suidian","blend":"additive"},{"name":"suidian5","bone":"suidian5","attachment":"suidian","blend":"additive"},{"name":"suidian6","bone":"suidian6","attachment":"suidian","blend":"additive"},{"name":"suidian7","bone":"suidian7","attachment":"suidian","blend":"additive"},{"name":"suidian4","bone":"suidian4","attachment":"suidian","blend":"additive"},{"name":"xingdian","bone":"xingdian","attachment":"xingdian","blend":"additive"},{"name":"xingdian7","bone":"xingdian7","attachment":"xingdian","blend":"additive"},{"name":"xingdian6","bone":"xingdian6","attachment":"xingdian","blend":"additive"},{"name":"xingdian5","bone":"xingdian5","attachment":"xingdian","blend":"additive"},{"name":"xingdian3","bone":"xingdian3","attachment":"xingdian","blend":"additive"},{"name":"xingdian4","bone":"xingdian4","attachment":"xingdian","blend":"additive"},{"name":"xingdian2","bone":"xingdian2","attachment":"xingdian","blend":"additive"},{"name":"tuantuan","bone":"tuantuan","attachment":"tuantuan"},{"name":"tuantuan2","bone":"tuantuan2","attachment":"tuantuan"}],"skins":{"default":{"diguang":{"diguang":{"width":146,"height":188}},"diguang2":{"diguang":{"width":146,"height":188}},"suidian":{"suidian":{"x":-0.03,"y":0.01,"width":17,"height":18}},"suidian2":{"suidian":{"x":-0.03,"y":0.01,"width":17,"height":18}},"suidian3":{"suidian":{"x":-0.03,"y":0.01,"width":17,"height":18}},"suidian4":{"suidian":{"x":-0.03,"y":0.01,"width":17,"height":18}},"suidian5":{"suidian":{"x":-0.03,"y":0.01,"width":17,"height":18}},"suidian6":{"suidian":{"x":-0.03,"y":0.01,"width":17,"height":18}},"suidian7":{"suidian":{"x":-0.03,"y":0.01,"width":17,"height":18}},"tuantuan":{"tuantuan":{"x":1.67,"y":-1.73,"width":20,"height":17}},"tuantuan2":{"tuantuan":{"x":1.67,"y":-1.73,"width":20,"height":17}},"xingdian":{"xingdian":{"x":1.81,"y":-1.73,"width":14,"height":15}},"xingdian2":{"xingdian":{"x":1.81,"y":-1.73,"width":14,"height":15}},"xingdian3":{"xingdian":{"x":1.81,"y":-1.73,"width":14,"height":15}},"xingdian4":{"xingdian":{"x":1.81,"y":-1.73,"width":14,"height":15}},"xingdian5":{"xingdian":{"x":1.81,"y":-1.73,"width":14,"height":15}},"xingdian6":{"xingdian":{"x":1.81,"y":-1.73,"width":14,"height":15}},"xingdian7":{"xingdian":{"x":1.81,"y":-1.73,"width":14,"height":15}}}},"animations":{"mysterious":{"slots":{"diguang":{"color":[{"time":0,"color":"ffffff00"},{"time":0.3,"color":"ffffffff","curve":"stepped"},{"time":0.7,"color":"ffffffff"},{"time":1,"color":"ffffff00"}]},"diguang2":{"color":[{"time":0,"color":"ffffffff"},{"time":0.3,"color":"ffffff00"},{"time":0.6,"color":"ffffffff","curve":"stepped"},{"time":1,"color":"ffffffff"}]},"suidian":{"color":[{"time":0,"color":"ffffff00"},{"time":0.2,"color":"ffffffff","curve":"stepped"},{"time":0.4,"color":"ffffffff"},{"time":0.6,"color":"ffffff00","curve":"stepped"},{"time":0.62,"color":"ffffff00","curve":"stepped"},{"time":1,"color":"ffffff00"}]},"suidian2":{"color":[{"time":0,"color":"ffffffff"},{"time":0.2,"color":"ffffff00","curve":"stepped"},{"time":0.22,"color":"ffffff00","curve":"stepped"},{"time":0.6,"color":"ffffff00"},{"time":0.8,"color":"ffffffff","curve":"stepped"},{"time":1,"color":"ffffffff"}]},"suidian3":{"color":[{"time":0,"color":"ffffff00"},{"time":0.2,"color":"ffffffff","curve":"stepped"},{"time":0.4,"color":"ffffffff"},{"time":0.6,"color":"ffffff00","curve":"stepped"},{"time":0.62,"color":"ffffff00","curve":"stepped"},{"time":1,"color":"ffffff00"}]},"suidian4":{"color":[{"time":0,"color":"ffffffcb"},{"time":0.16,"color":"ffffff00","curve":"stepped"},{"time":0.18,"color":"ffffff00","curve":"stepped"},{"time":0.24,"color":"ffffff00","curve":"stepped"},{"time":0.56,"color":"ffffff00"},{"time":0.76,"color":"ffffffff","curve":"stepped"},{"time":0.96,"color":"ffffffff"},{"time":1,"color":"ffffffcb"}]},"suidian5":{"color":[{"time":0,"color":"ffffff00","curve":"stepped"},{"time":0.1,"color":"ffffff00"},{"time":0.3,"color":"ffffffff","curve":"stepped"},{"time":0.5,"color":"ffffffff"},{"time":0.7,"color":"ffffff00","curve":"stepped"},{"time":0.72,"color":"ffffff00","curve":"stepped"},{"time":1,"color":"ffffff00"}]},"suidian6":{"color":[{"time":0,"color":"ffffff00","curve":"stepped"},{"time":0.14,"color":"ffffff00","curve":"stepped"},{"time":0.34,"color":"ffffff00"},{"time":0.54,"color":"ffffffff","curve":"stepped"},{"time":0.74,"color":"ffffffff"},{"time":0.94,"color":"ffffff00","curve":"stepped"},{"time":0.96,"color":"ffffff00","curve":"stepped"},{"time":1,"color":"ffffff00"}]},"suidian7":{"color":[{"time":0,"color":"ffffff00"},{"time":0.2,"color":"ffffffff","curve":"stepped"},{"time":0.4,"color":"ffffffff"},{"time":0.6,"color":"ffffff00","curve":"stepped"},{"time":0.62,"color":"ffffff00","curve":"stepped"},{"time":1,"color":"ffffff00"}]},"xingdian":{"color":[{"time":0,"color":"ffffffe5"},{"time":0.18,"color":"ffffff00","curve":"stepped"},{"time":0.2,"color":"ffffff00","curve":"stepped"},{"time":0.22,"color":"ffffff00","curve":"stepped"},{"time":0.58,"color":"ffffff00"},{"time":0.78,"color":"ffffffff","curve":"stepped"},{"time":0.98,"color":"ffffffff"},{"time":1,"color":"ffffffe5"}]},"xingdian2":{"color":[{"time":0,"color":"ffffff00"},{"time":0.2,"color":"ffffffff","curve":"stepped"},{"time":0.4,"color":"ffffffff"},{"time":0.6,"color":"ffffff00","curve":"stepped"},{"time":0.62,"color":"ffffff00","curve":"stepped"},{"time":1,"color":"ffffff00"}]},"xingdian3":{"color":[{"time":0,"color":"ffffff00","curve":"stepped"},{"time":0.34,"color":"ffffff00"},{"time":0.54,"color":"ffffffff","curve":"stepped"},{"time":0.74,"color":"ffffffff"},{"time":0.94,"color":"ffffff00","curve":"stepped"},{"time":0.96,"color":"ffffff00","curve":"stepped"},{"time":1,"color":"ffffff00"}]},"xingdian4":{"color":[{"time":0,"color":"ffffff00","curve":"stepped"},{"time":0.14,"color":"ffffff00"},{"time":0.34,"color":"ffffffff","curve":"stepped"},{"time":0.54,"color":"ffffffff"},{"time":0.74,"color":"ffffff00","curve":"stepped"},{"time":0.76,"color":"ffffff00","curve":"stepped"},{"time":1,"color":"ffffff00"}]},"xingdian5":{"color":[{"time":0,"color":"ffffff00","curve":"stepped"},{"time":0.38,"color":"ffffff00"},{"time":0.58,"color":"ffffffff","curve":"stepped"},{"time":0.78,"color":"ffffffff"},{"time":0.98,"color":"ffffff00","curve":"stepped"},{"time":1,"color":"ffffff00"}]},"xingdian6":{"color":[{"time":0,"color":"ffffff00","curve":"stepped"},{"time":0.1,"color":"ffffff00"},{"time":0.3,"color":"ffffffff","curve":"stepped"},{"time":0.5,"color":"ffffffff"},{"time":0.7,"color":"ffffff00","curve":"stepped"},{"time":0.72,"color":"ffffff00","curve":"stepped"},{"time":1,"color":"ffffff00"}]},"xingdian7":{"color":[{"time":0,"color":"ffffff00","curve":"stepped"},{"time":0.28,"color":"ffffff00"},{"time":0.48,"color":"ffffffff","curve":"stepped"},{"time":0.68,"color":"ffffffff"},{"time":0.88,"color":"ffffff00","curve":"stepped"},{"time":0.9,"color":"ffffff00","curve":"stepped"},{"time":1,"color":"ffffff00"}]}},"bones":{"root":{"rotate":[{"time":0,"angle":0,"curve":"stepped"},{"time":1,"angle":0}],"translate":[{"time":0,"x":0,"y":0,"curve":"stepped"},{"time":1,"x":0,"y":0}],"scale":[{"time":0,"x":1,"y":1,"curve":"stepped"},{"time":1,"x":1,"y":1}],"shear":[{"time":0,"x":0,"y":0,"curve":"stepped"},{"time":1,"x":0,"y":0}]},"bone":{"rotate":[{"time":0,"angle":0,"curve":"stepped"},{"time":1,"angle":0}],"translate":[{"time":0,"x":0,"y":0,"curve":"stepped"},{"time":1,"x":0,"y":0}],"scale":[{"time":0,"x":0.936,"y":0.936},{"time":0.5,"x":1.043,"y":1.043},{"time":1,"x":0.936,"y":0.936}],"shear":[{"time":0,"x":0,"y":0,"curve":"stepped"},{"time":1,"x":0,"y":0}]},"bone2":{"rotate":[{"time":0,"angle":0,"curve":"stepped"},{"time":0.3,"angle":0,"curve":"stepped"},{"time":1,"angle":0}],"translate":[{"time":0,"x":0,"y":0,"curve":"stepped"},{"time":0.3,"x":0,"y":0,"curve":"stepped"},{"time":1,"x":0,"y":0}],"scale":[{"time":0,"x":1,"y":1},{"time":0.3,"x":0.936,"y":0.936},{"time":0.8,"x":1.043,"y":1.043},{"time":1,"x":1,"y":1}],"shear":[{"time":0,"x":0,"y":0,"curve":"stepped"},{"time":0.3,"x":0,"y":0,"curve":"stepped"},{"time":1,"x":0,"y":0}]},"suidian":{"rotate":[{"time":0,"angle":0,"curve":"stepped"},{"time":0.6,"angle":0,"curve":"stepped"},{"time":0.62,"angle":0,"curve":"stepped"},{"time":1,"angle":0}],"translate":[{"time":0,"x":0,"y":0},{"time":0.6,"x":-39.07,"y":10.66},{"time":0.62,"x":0,"y":0,"curve":"stepped"},{"time":1,"x":0,"y":0}],"scale":[{"time":0,"x":1,"y":1,"curve":"stepped"},{"time":0.6,"x":1,"y":1,"curve":"stepped"},{"time":0.62,"x":1,"y":1,"curve":"stepped"},{"time":1,"x":1,"y":1}],"shear":[{"time":0,"x":0,"y":0,"curve":"stepped"},{"time":0.6,"x":0,"y":0,"curve":"stepped"},{"time":0.62,"x":0,"y":0,"curve":"stepped"},{"time":1,"x":0,"y":0}]},"xingdian":{"rotate":[{"time":0,"angle":0,"curve":"stepped"},{"time":0.18,"angle":0,"curve":"stepped"},{"time":0.2,"angle":0,"curve":"stepped"},{"time":0.22,"angle":0,"curve":"stepped"},{"time":0.58,"angle":0,"curve":"stepped"},{"time":1,"angle":0}],"translate":[{"time":0,"x":3.9,"y":29.75},{"time":0.18,"x":5.57,"y":42.5},{"time":0.2,"x":0,"y":0,"curve":"stepped"},{"time":0.22,"x":0,"y":0,"curve":"stepped"},{"time":0.58,"x":0,"y":0},{"time":1,"x":3.9,"y":29.75}],"scale":[{"time":0,"x":1,"y":1,"curve":"stepped"},{"time":0.18,"x":1,"y":1,"curve":"stepped"},{"time":0.2,"x":1,"y":1,"curve":"stepped"},{"time":0.22,"x":1,"y":1,"curve":"stepped"},{"time":0.58,"x":1,"y":1,"curve":"stepped"},{"time":1,"x":1,"y":1}],"shear":[{"time":0,"x":0,"y":0,"curve":"stepped"},{"time":0.18,"x":0,"y":0,"curve":"stepped"},{"time":0.2,"x":0,"y":0,"curve":"stepped"},{"time":0.22,"x":0,"y":0,"curve":"stepped"},{"time":0.58,"x":0,"y":0,"curve":"stepped"},{"time":1,"x":0,"y":0}]},"xingdian2":{"rotate":[{"time":0,"angle":0,"curve":"stepped"},{"time":0.6,"angle":0,"curve":"stepped"},{"time":0.62,"angle":0,"curve":"stepped"},{"time":1,"angle":0}],"translate":[{"time":0,"x":0,"y":0},{"time":0.6,"x":-28.8,"y":28.42},{"time":0.62,"x":0,"y":0,"curve":"stepped"},{"time":1,"x":0,"y":0}],"scale":[{"time":0,"x":1,"y":1,"curve":"stepped"},{"time":0.6,"x":1,"y":1,"curve":"stepped"},{"time":0.62,"x":1,"y":1,"curve":"stepped"},{"time":1,"x":1,"y":1}],"shear":[{"time":0,"x":0,"y":0,"curve":"stepped"},{"time":0.6,"x":0,"y":0,"curve":"stepped"},{"time":0.62,"x":0,"y":0,"curve":"stepped"},{"time":1,"x":0,"y":0}]},"xingdian3":{"rotate":[{"time":0,"angle":0,"curve":"stepped"},{"time":0.34,"angle":0,"curve":"stepped"},{"time":0.94,"angle":0,"curve":"stepped"},{"time":0.96,"angle":0,"curve":"stepped"},{"time":1,"angle":0}],"translate":[{"time":0,"x":0,"y":0,"curve":"stepped"},{"time":0.34,"x":0,"y":0},{"time":0.94,"x":40.19,"y":-15.31},{"time":0.96,"x":0,"y":0,"curve":"stepped"},{"time":1,"x":0,"y":0}],"scale":[{"time":0,"x":1,"y":1,"curve":"stepped"},{"time":0.34,"x":1,"y":1,"curve":"stepped"},{"time":0.94,"x":1,"y":1,"curve":"stepped"},{"time":0.96,"x":1,"y":1,"curve":"stepped"},{"time":1,"x":1,"y":1}],"shear":[{"time":0,"x":0,"y":0,"curve":"stepped"},{"time":0.34,"x":0,"y":0,"curve":"stepped"},{"time":0.94,"x":0,"y":0,"curve":"stepped"},{"time":0.96,"x":0,"y":0,"curve":"stepped"},{"time":1,"x":0,"y":0}]},"suidian2":{"rotate":[{"time":0,"angle":0,"curve":"stepped"},{"time":0.2,"angle":0,"curve":"stepped"},{"time":0.22,"angle":0,"curve":"stepped"},{"time":0.6,"angle":0,"curve":"stepped"},{"time":1,"angle":0}],"translate":[{"time":0,"x":35.33,"y":-29.42},{"time":0.2,"x":53,"y":-44.13},{"time":0.22,"x":0,"y":0,"curve":"stepped"},{"time":0.6,"x":0,"y":0},{"time":1,"x":35.33,"y":-29.42}],"scale":[{"time":0,"x":1,"y":1,"curve":"stepped"},{"time":0.2,"x":1,"y":1,"curve":"stepped"},{"time":0.22,"x":1,"y":1,"curve":"stepped"},{"time":0.6,"x":1,"y":1,"curve":"stepped"},{"time":1,"x":1,"y":1}],"shear":[{"time":0,"x":0,"y":0,"curve":"stepped"},{"time":0.2,"x":0,"y":0,"curve":"stepped"},{"time":0.22,"x":0,"y":0,"curve":"stepped"},{"time":0.6,"x":0,"y":0,"curve":"stepped"},{"time":1,"x":0,"y":0}]},"suidian3":{"rotate":[{"time":0,"angle":0,"curve":"stepped"},{"time":0.6,"angle":0,"curve":"stepped"},{"time":0.62,"angle":0,"curve":"stepped"},{"time":1,"angle":0}],"translate":[{"time":0,"x":0,"y":0},{"time":0.6,"x":-45.61,"y":-13.03},{"time":0.62,"x":0,"y":0,"curve":"stepped"},{"time":1,"x":0,"y":0}],"scale":[{"time":0,"x":1,"y":1,"curve":"stepped"},{"time":0.6,"x":1,"y":1,"curve":"stepped"},{"time":0.62,"x":1,"y":1,"curve":"stepped"},{"time":1,"x":1,"y":1}],"shear":[{"time":0,"x":0,"y":0,"curve":"stepped"},{"time":0.6,"x":0,"y":0,"curve":"stepped"},{"time":0.62,"x":0,"y":0,"curve":"stepped"},{"time":1,"x":0,"y":0}]},"suidian4":{"rotate":[{"time":0,"angle":0,"curve":"stepped"},{"time":0.16,"angle":0,"curve":"stepped"},{"time":0.18,"angle":0,"curve":"stepped"},{"time":0.24,"angle":0,"curve":"stepped"},{"time":0.56,"angle":0,"curve":"stepped"},{"time":1,"angle":0}],"translate":[{"time":0,"x":34.29,"y":-33.09},{"time":0.16,"x":46.75,"y":-45.12},{"time":0.18,"x":0,"y":0,"curve":"stepped"},{"time":0.24,"x":0,"y":0,"curve":"stepped"},{"time":0.56,"x":0,"y":0},{"time":1,"x":34.29,"y":-33.09}],"scale":[{"time":0,"x":1,"y":1,"curve":"stepped"},{"time":0.16,"x":1,"y":1,"curve":"stepped"},{"time":0.18,"x":1,"y":1,"curve":"stepped"},{"time":0.24,"x":1,"y":1,"curve":"stepped"},{"time":0.56,"x":1,"y":1,"curve":"stepped"},{"time":1,"x":1,"y":1}],"shear":[{"time":0,"x":0,"y":0,"curve":"stepped"},{"time":0.16,"x":0,"y":0,"curve":"stepped"},{"time":0.18,"x":0,"y":0,"curve":"stepped"},{"time":0.24,"x":0,"y":0,"curve":"stepped"},{"time":0.56,"x":0,"y":0,"curve":"stepped"},{"time":1,"x":0,"y":0}]},"xingdian4":{"rotate":[{"time":0,"angle":0,"curve":"stepped"},{"time":0.14,"angle":0,"curve":"stepped"},{"time":0.74,"angle":0,"curve":"stepped"},{"time":0.76,"angle":0,"curve":"stepped"},{"time":1,"angle":0}],"translate":[{"time":0,"x":0,"y":0,"curve":"stepped"},{"time":0.14,"x":0,"y":0},{"time":0.74,"x":49.55,"y":-39.75},{"time":0.76,"x":0,"y":0,"curve":"stepped"},{"time":1,"x":0,"y":0}],"scale":[{"time":0,"x":1,"y":1,"curve":"stepped"},{"time":0.14,"x":1,"y":1,"curve":"stepped"},{"time":0.74,"x":1,"y":1,"curve":"stepped"},{"time":0.76,"x":1,"y":1,"curve":"stepped"},{"time":1,"x":1,"y":1}],"shear":[{"time":0,"x":0,"y":0,"curve":"stepped"},{"time":0.14,"x":0,"y":0,"curve":"stepped"},{"time":0.74,"x":0,"y":0,"curve":"stepped"},{"time":0.76,"x":0,"y":0,"curve":"stepped"},{"time":1,"x":0,"y":0}]},"suidian5":{"rotate":[{"time":0,"angle":0,"curve":"stepped"},{"time":0.1,"angle":0,"curve":"stepped"},{"time":0.7,"angle":0,"curve":"stepped"},{"time":0.72,"angle":0,"curve":"stepped"},{"time":1,"angle":0}],"translate":[{"time":0,"x":0,"y":0,"curve":"stepped"},{"time":0.1,"x":0,"y":0},{"time":0.4,"x":11.48,"y":18.28},{"time":0.7,"x":33.41,"y":26.92},{"time":0.72,"x":0,"y":0,"curve":"stepped"},{"time":1,"x":0,"y":0}],"scale":[{"time":0,"x":1,"y":1,"curve":"stepped"},{"time":0.1,"x":1,"y":1,"curve":"stepped"},{"time":0.7,"x":1,"y":1,"curve":"stepped"},{"time":0.72,"x":1,"y":1,"curve":"stepped"},{"time":1,"x":1,"y":1}],"shear":[{"time":0,"x":0,"y":0,"curve":"stepped"},{"time":0.1,"x":0,"y":0,"curve":"stepped"},{"time":0.7,"x":0,"y":0,"curve":"stepped"},{"time":0.72,"x":0,"y":0,"curve":"stepped"},{"time":1,"x":0,"y":0}]},"xingdian5":{"rotate":[{"time":0,"angle":0,"curve":"stepped"},{"time":0.38,"angle":0,"curve":"stepped"},{"time":0.98,"angle":0,"curve":"stepped"},{"time":1,"angle":0}],"translate":[{"time":0,"x":0,"y":0,"curve":"stepped"},{"time":0.38,"x":0,"y":0},{"time":0.98,"x":-51.8,"y":-5.23},{"time":1,"x":0,"y":0}],"scale":[{"time":0,"x":1,"y":1,"curve":"stepped"},{"time":0.38,"x":1,"y":1,"curve":"stepped"},{"time":0.98,"x":1,"y":1,"curve":"stepped"},{"time":1,"x":1,"y":1}],"shear":[{"time":0,"x":0,"y":0,"curve":"stepped"},{"time":0.38,"x":0,"y":0,"curve":"stepped"},{"time":0.98,"x":0,"y":0,"curve":"stepped"},{"time":1,"x":0,"y":0}]},"suidian6":{"rotate":[{"time":0,"angle":0,"curve":"stepped"},{"time":0.14,"angle":0,"curve":"stepped"},{"time":0.34,"angle":0,"curve":"stepped"},{"time":0.94,"angle":0,"curve":"stepped"},{"time":0.96,"angle":0,"curve":"stepped"},{"time":1,"angle":0}],"translate":[{"time":0,"x":0,"y":0,"curve":"stepped"},{"time":0.14,"x":0,"y":0,"curve":"stepped"},{"time":0.34,"x":0,"y":0},{"time":0.94,"x":-47.92,"y":37.4},{"time":0.96,"x":0,"y":0,"curve":"stepped"},{"time":1,"x":0,"y":0}],"scale":[{"time":0,"x":1,"y":1,"curve":"stepped"},{"time":0.14,"x":1,"y":1,"curve":"stepped"},{"time":0.34,"x":1,"y":1,"curve":"stepped"},{"time":0.94,"x":1,"y":1,"curve":"stepped"},{"time":0.96,"x":1,"y":1,"curve":"stepped"},{"time":1,"x":1,"y":1}],"shear":[{"time":0,"x":0,"y":0,"curve":"stepped"},{"time":0.14,"x":0,"y":0,"curve":"stepped"},{"time":0.34,"x":0,"y":0,"curve":"stepped"},{"time":0.94,"x":0,"y":0,"curve":"stepped"},{"time":0.96,"x":0,"y":0,"curve":"stepped"},{"time":1,"x":0,"y":0}]},"suidian7":{"rotate":[{"time":0,"angle":0,"curve":"stepped"},{"time":0.6,"angle":0,"curve":"stepped"},{"time":0.62,"angle":0,"curve":"stepped"},{"time":1,"angle":0}],"translate":[{"time":0,"x":0,"y":0},{"time":0.6,"x":49.69,"y":-3.32},{"time":0.62,"x":0,"y":0,"curve":"stepped"},{"time":1,"x":0,"y":0}],"scale":[{"time":0,"x":1,"y":1,"curve":"stepped"},{"time":0.6,"x":1,"y":1,"curve":"stepped"},{"time":0.62,"x":1,"y":1,"curve":"stepped"},{"time":1,"x":1,"y":1}],"shear":[{"time":0,"x":0,"y":0,"curve":"stepped"},{"time":0.6,"x":0,"y":0,"curve":"stepped"},{"time":0.62,"x":0,"y":0,"curve":"stepped"},{"time":1,"x":0,"y":0}]},"xingdian6":{"rotate":[{"time":0,"angle":0,"curve":"stepped"},{"time":0.1,"angle":0,"curve":"stepped"},{"time":0.7,"angle":0,"curve":"stepped"},{"time":0.72,"angle":0,"curve":"stepped"},{"time":1,"angle":0}],"translate":[{"time":0,"x":0,"y":0,"curve":"stepped"},{"time":0.1,"x":0,"y":0},{"time":0.7,"x":-40.23,"y":-26.27},{"time":0.72,"x":0,"y":0,"curve":"stepped"},{"time":1,"x":0,"y":0}],"scale":[{"time":0,"x":1,"y":1,"curve":"stepped"},{"time":0.1,"x":1,"y":1,"curve":"stepped"},{"time":0.7,"x":1,"y":1,"curve":"stepped"},{"time":0.72,"x":1,"y":1,"curve":"stepped"},{"time":1,"x":1,"y":1}],"shear":[{"time":0,"x":0,"y":0,"curve":"stepped"},{"time":0.1,"x":0,"y":0,"curve":"stepped"},{"time":0.7,"x":0,"y":0,"curve":"stepped"},{"time":0.72,"x":0,"y":0,"curve":"stepped"},{"time":1,"x":0,"y":0}]},"xingdian7":{"rotate":[{"time":0,"angle":0,"curve":"stepped"},{"time":0.28,"angle":0,"curve":"stepped"},{"time":0.88,"angle":0,"curve":"stepped"},{"time":0.9,"angle":0,"curve":"stepped"},{"time":1,"angle":0}],"translate":[{"time":0,"x":0,"y":0,"curve":"stepped"},{"time":0.28,"x":0,"y":0},{"time":0.88,"x":5.57,"y":-43.01},{"time":0.9,"x":0,"y":0,"curve":"stepped"},{"time":1,"x":0,"y":0}],"scale":[{"time":0,"x":1,"y":1,"curve":"stepped"},{"time":0.28,"x":1,"y":1,"curve":"stepped"},{"time":0.88,"x":1,"y":1,"curve":"stepped"},{"time":0.9,"x":1,"y":1,"curve":"stepped"},{"time":1,"x":1,"y":1}],"shear":[{"time":0,"x":0,"y":0,"curve":"stepped"},{"time":0.28,"x":0,"y":0,"curve":"stepped"},{"time":0.88,"x":0,"y":0,"curve":"stepped"},{"time":0.9,"x":0,"y":0,"curve":"stepped"},{"time":1,"x":0,"y":0}]},"tuantuan":{"rotate":[{"time":0,"angle":0,"curve":"stepped"},{"time":0.2,"angle":0},{"time":0.22,"angle":57.92},{"time":0.24,"angle":90.12},{"time":0.5,"angle":93.17},{"time":0.52,"angle":163.67},{"time":0.54,"angle":-176.27},{"time":0.68,"angle":-177.67},{"time":0.7,"angle":-164.16},{"time":0.72,"angle":-149.82},{"time":0.74,"angle":-87.72},{"time":0.86,"angle":-91.99},{"time":0.96,"angle":-80.53},{"time":0.98,"angle":-68.26},{"time":1,"angle":0}],"translate":[{"time":0,"x":0,"y":0.83},{"time":0.18,"x":-125.89,"y":0.83},{"time":0.2,"x":-155.32,"y":0.83},{"time":0.22,"x":-179.28,"y":-9.1},{"time":0.24,"x":-184.1,"y":-28.45},{"time":0.26,"x":-183.98,"y":-50.05},{"time":0.48,"x":-182.62,"y":-202.42},{"time":0.5,"x":-182.49,"y":-241.54},{"time":0.52,"x":-164.82,"y":-273.03},{"time":0.54,"x":-133.9,"y":-275.48},{"time":0.68,"x":-27.45,"y":-275.21},{"time":0.7,"x":-1.49,"y":-275.17},{"time":0.72,"x":9.76,"y":-263.42},{"time":0.74,"x":16.84,"y":-244.6},{"time":0.96,"x":13.99,"y":-28.56},{"time":0.98,"x":10.4,"y":-8.92},{"time":1,"x":0,"y":0}],"scale":[{"time":0,"x":1,"y":1},{"time":0.02,"x":2.306,"y":1},{"time":0.1,"x":4.584,"y":1},{"time":0.18,"x":3.982,"y":1},{"time":0.2,"x":2.242,"y":1},{"time":0.22,"x":1.078,"y":1},{"time":0.24,"x":1.762,"y":1},{"time":0.26,"x":2.865,"y":1},{"time":0.36,"x":5.402,"y":1},{"time":0.48,"x":5.399,"y":1},{"time":0.5,"x":3.226,"y":1},{"time":0.52,"x":1.522,"y":1},{"time":0.54,"x":3.061,"y":1},{"time":0.62,"x":4.926,"y":1},{"time":0.68,"x":3.092,"y":1},{"time":0.7,"x":1.715,"y":1},{"time":0.72,"x":1.116,"y":1},{"time":0.74,"x":1.107,"y":1},{"time":0.86,"x":4.87,"y":1.694},{"time":0.96,"x":2.816,"y":1},{"time":0.98,"x":1.387,"y":1},{"time":1,"x":1,"y":1}],"shear":[{"time":0,"x":0,"y":0,"curve":"stepped"},{"time":0.2,"x":0,"y":0,"curve":"stepped"},{"time":0.5,"x":0,"y":0,"curve":"stepped"},{"time":0.7,"x":0,"y":0,"curve":"stepped"},{"time":0.98,"x":0,"y":0,"curve":"stepped"},{"time":1,"x":0,"y":0}]},"tuantuan2":{"rotate":[{"time":0,"angle":0,"curve":"stepped"},{"time":0.2,"angle":0},{"time":0.22,"angle":57.92},{"time":0.24,"angle":90.12},{"time":0.5,"angle":93.17},{"time":0.52,"angle":163.67},{"time":0.54,"angle":-176.27},{"time":0.68,"angle":-177.67},{"time":0.7,"angle":-164.16},{"time":0.72,"angle":-149.82},{"time":0.74,"angle":-89.76},{"time":0.86,"angle":-91.99},{"time":0.96,"angle":-80.53},{"time":0.98,"angle":-68.26},{"time":1,"angle":0}],"translate":[{"time":0,"x":0,"y":0.83},{"time":0.18,"x":-125.89,"y":0.83},{"time":0.2,"x":-155.32,"y":0.83},{"time":0.22,"x":-179.28,"y":-9.1},{"time":0.24,"x":-184.1,"y":-28.45},{"time":0.26,"x":-183.98,"y":-50.05},{"time":0.48,"x":-182.62,"y":-202.42},{"time":0.5,"x":-182.49,"y":-241.54},{"time":0.52,"x":-164.82,"y":-273.03},{"time":0.54,"x":-133.9,"y":-275.48},{"time":0.68,"x":-27.45,"y":-275.21},{"time":0.7,"x":-4.02,"y":-269.25},{"time":0.72,"x":9.76,"y":-263.42},{"time":0.74,"x":16.84,"y":-227.68},{"time":0.96,"x":13.99,"y":-28.56},{"time":0.98,"x":10.4,"y":-8.92},{"time":1,"x":0,"y":0}],"scale":[{"time":0,"x":1,"y":1},{"time":0.02,"x":2.306,"y":1},{"time":0.1,"x":4.584,"y":1},{"time":0.18,"x":3.982,"y":1},{"time":0.2,"x":2.242,"y":1},{"time":0.22,"x":1.078,"y":1},{"time":0.24,"x":1.762,"y":1},{"time":0.26,"x":2.865,"y":1},{"time":0.36,"x":5.402,"y":1},{"time":0.48,"x":5.399,"y":1},{"time":0.5,"x":3.226,"y":1},{"time":0.52,"x":1.522,"y":1},{"time":0.54,"x":3.061,"y":1},{"time":0.62,"x":4.926,"y":1},{"time":0.68,"x":3.092,"y":1},{"time":0.7,"x":2.082,"y":1},{"time":0.72,"x":1.116,"y":1},{"time":0.74,"x":2.298,"y":1},{"time":0.86,"x":4.87,"y":1.694},{"time":0.96,"x":2.816,"y":1},{"time":0.98,"x":1.387,"y":1},{"time":1,"x":1,"y":1}],"shear":[{"time":0,"x":0,"y":0,"curve":"stepped"},{"time":0.2,"x":0,"y":0,"curve":"stepped"},{"time":0.5,"x":0,"y":0,"curve":"stepped"},{"time":0.7,"x":0,"y":0,"curve":"stepped"},{"time":0.98,"x":0,"y":0,"curve":"stepped"},{"time":1,"x":0,"y":0}]}}}}},[0]]],0,0,[0],[-1],[0]]