[1,["9e9dnJphRAro+o3it0cUQ3"],0,[["sp.SkeletonData",["_name","_atlasText","textureNames","_skeletonJson","textures"],-1,3]],[[0,0,1,2,3,4,5]],[[0,"zuma_yanshi","\nzuma_yanshi.png\nsize: 1024,256\nformat: RGBA8888\nfilter: Linear,Linear\nrepeat: none\n00\n  rotate: true\n  xy: 988, 204\n  size: 38, 33\n  orig: 40, 34\n  offset: 1, 1\n  index: -1\n11/0_01\n  rotate: true\n  xy: 100, 97\n  size: 71, 72\n  orig: 73, 73\n  offset: 1, 0\n  index: -1\n11/0_02\n  rotate: true\n  xy: 174, 97\n  size: 71, 72\n  orig: 73, 73\n  offset: 1, 0\n  index: -1\n11/0_03\n  rotate: true\n  xy: 248, 97\n  size: 71, 72\n  orig: 73, 73\n  offset: 1, 0\n  index: -1\n11/0_04\n  rotate: true\n  xy: 81, 27\n  size: 68, 72\n  orig: 73, 73\n  offset: 3, 0\n  index: -1\n11/0_05\n  rotate: true\n  xy: 303, 31\n  size: 64, 72\n  orig: 73, 73\n  offset: 5, 0\n  index: -1\n11/0_06\n  rotate: true\n  xy: 229, 29\n  size: 66, 72\n  orig: 73, 73\n  offset: 4, 0\n  index: -1\n11/0_07\n  rotate: false\n  xy: 100, 170\n  size: 72, 72\n  orig: 73, 73\n  offset: 1, 0\n  index: -1\n11/0_08\n  rotate: false\n  xy: 174, 170\n  size: 72, 72\n  orig: 73, 73\n  offset: 1, 0\n  index: -1\n11/0_09\n  rotate: false\n  xy: 248, 170\n  size: 72, 72\n  orig: 73, 73\n  offset: 1, 0\n  index: -1\n11/0_10\n  rotate: false\n  xy: 155, 27\n  size: 72, 68\n  orig: 73, 73\n  offset: 1, 0\n  index: -1\n11/0_11\n  rotate: true\n  xy: 874, 22\n  size: 72, 57\n  orig: 73, 73\n  offset: 1, 0\n  index: -1\n11/0_12\n  rotate: false\n  xy: 914, 99\n  size: 72, 69\n  orig: 73, 73\n  offset: 1, 0\n  index: -1\n11/0_13\n  rotate: false\n  xy: 322, 170\n  size: 72, 72\n  orig: 73, 73\n  offset: 1, 0\n  index: -1\n11/0_14\n  rotate: false\n  xy: 396, 170\n  size: 72, 72\n  orig: 73, 73\n  offset: 1, 0\n  index: -1\n11/0_15\n  rotate: false\n  xy: 470, 170\n  size: 72, 72\n  orig: 73, 73\n  offset: 1, 0\n  index: -1\n11/0_16\n  rotate: false\n  xy: 544, 170\n  size: 72, 72\n  orig: 73, 73\n  offset: 1, 0\n  index: -1\n11/0_17\n  rotate: true\n  xy: 322, 97\n  size: 71, 72\n  orig: 73, 73\n  offset: 2, 0\n  index: -1\n11/0_18\n  rotate: true\n  xy: 396, 97\n  size: 71, 72\n  orig: 73, 73\n  offset: 2, 0\n  index: -1\n11/0_19\n  rotate: true\n  xy: 470, 97\n  size: 71, 72\n  orig: 73, 73\n  offset: 2, 0\n  index: -1\n11/0_20\n  rotate: false\n  xy: 618, 170\n  size: 72, 72\n  orig: 73, 73\n  offset: 1, 0\n  index: -1\n11/0_21\n  rotate: false\n  xy: 692, 170\n  size: 72, 72\n  orig: 73, 73\n  offset: 1, 0\n  index: -1\n11/0_22\n  rotate: false\n  xy: 766, 170\n  size: 72, 72\n  orig: 73, 73\n  offset: 1, 0\n  index: -1\n11/0_23\n  rotate: false\n  xy: 840, 170\n  size: 72, 72\n  orig: 73, 73\n  offset: 1, 0\n  index: -1\n11/0_24\n  rotate: false\n  xy: 914, 170\n  size: 72, 72\n  orig: 73, 73\n  offset: 1, 0\n  index: -1\n11/0_25\n  rotate: false\n  xy: 544, 96\n  size: 72, 72\n  orig: 73, 73\n  offset: 1, 0\n  index: -1\n11/0_26\n  rotate: false\n  xy: 618, 96\n  size: 72, 72\n  orig: 73, 73\n  offset: 1, 0\n  index: -1\n11/0_27\n  rotate: false\n  xy: 692, 96\n  size: 72, 72\n  orig: 73, 73\n  offset: 1, 0\n  index: -1\n11/0_28\n  rotate: false\n  xy: 766, 96\n  size: 72, 72\n  orig: 73, 73\n  offset: 1, 0\n  index: -1\n11/0_29\n  rotate: false\n  xy: 840, 96\n  size: 72, 72\n  orig: 73, 73\n  offset: 1, 0\n  index: -1\n2\n  rotate: false\n  xy: 377, 27\n  size: 69, 68\n  orig: 69, 68\n  offset: 0, 0\n  index: -1\n3_1\n  rotate: false\n  xy: 36, 10\n  size: 36, 36\n  orig: 42, 42\n  offset: 2, 2\n  index: -1\n3_2\n  rotate: false\n  xy: 2, 2\n  size: 32, 44\n  orig: 65, 50\n  offset: 31, 3\n  index: -1\n3_3\n  rotate: true\n  xy: 988, 137\n  size: 30, 22\n  orig: 35, 26\n  offset: 3, 2\n  index: -1\n3_4\n  rotate: false\n  xy: 988, 169\n  size: 23, 33\n  orig: 31, 51\n  offset: 2, 12\n  index: -1\n5\n  rotate: false\n  xy: 988, 115\n  size: 20, 20\n  orig: 26, 26\n  offset: 3, 3\n  index: -1\nm\n  rotate: false\n  xy: 2, 48\n  size: 77, 96\n  orig: 78, 96\n  offset: 0, 0\n  index: -1\nn\n  rotate: false\n  xy: 933, 29\n  size: 68, 68\n  orig: 68, 68\n  offset: 0, 0\n  index: -1\nq\n  rotate: false\n  xy: 2, 146\n  size: 96, 96\n  orig: 98, 98\n  offset: 1, 1\n  index: -1\nz_1\n  rotate: true\n  xy: 448, 27\n  size: 68, 69\n  orig: 68, 69\n  offset: 0, 0\n  index: -1\nz_2\n  rotate: true\n  xy: 519, 26\n  size: 68, 69\n  orig: 68, 69\n  offset: 0, 0\n  index: -1\nz_3\n  rotate: true\n  xy: 590, 26\n  size: 68, 69\n  orig: 68, 69\n  offset: 0, 0\n  index: -1\nz_4\n  rotate: true\n  xy: 661, 26\n  size: 68, 69\n  orig: 68, 69\n  offset: 0, 0\n  index: -1\nz_5\n  rotate: true\n  xy: 732, 26\n  size: 68, 69\n  orig: 68, 69\n  offset: 0, 0\n  index: -1\nz_6\n  rotate: true\n  xy: 803, 26\n  size: 68, 69\n  orig: 68, 69\n  offset: 0, 0\n  index: -1\n",["zuma_yanshi.png"],{"skeleton":{"hash":"Btwagzx2cHV34A5WaADHodb4nKQ","spine":"3.8.99","x":-252.53,"y":-436.21,"width":879.4,"height":618.86,"images":"./images/","audio":"D:/项目（zhao）/游乐园/祖玛"},"bones":[{"name":"root"},{"name":"bone2","parent":"root","x":195.22,"y":128.58},{"name":"bone","parent":"bone2"},{"name":"bone8","parent":"bone2"},{"name":"bone4","parent":"bone8"},{"name":"bone5","parent":"bone8"},{"name":"bone6","parent":"bone8"},{"name":"bone7","parent":"bone8"},{"name":"bone9","parent":"bone2","rotation":159.92},{"name":"bone10","parent":"bone9"},{"name":"bone11","parent":"bone9"},{"name":"bone12","parent":"bone9"},{"name":"bone13","parent":"bone9"},{"name":"bone21","parent":"bone"},{"name":"bone3","parent":"bone21","x":5.94,"y":41.07},{"name":"bone14","parent":"bone21","x":38.9,"y":12.82},{"name":"bone15","parent":"bone21","x":34.46,"y":-27.56},{"name":"bone16","parent":"bone21","x":-0.12,"y":-37.83},{"name":"bone17","parent":"bone21","x":-31.33,"y":-25.21},{"name":"bone18","parent":"bone21","x":-39.29,"y":6.66},{"name":"bone19","parent":"bone21","x":-30.33,"y":31.89},{"name":"bone20","parent":"bone21","x":-30.33,"y":31.89},{"name":"bone22","parent":"bone"},{"name":"bone23","parent":"bone22","x":5.94,"y":41.07},{"name":"bone24","parent":"bone22","x":38.9,"y":12.82},{"name":"bone25","parent":"bone22","x":34.46,"y":-27.56},{"name":"bone26","parent":"bone22","x":-0.12,"y":-37.83},{"name":"bone27","parent":"bone22","x":-31.33,"y":-25.21},{"name":"bone28","parent":"bone22","x":-39.29,"y":6.66},{"name":"bone29","parent":"bone22","x":-30.33,"y":31.89},{"name":"bone30","parent":"bone22","x":-30.33,"y":31.89},{"name":"bone31","parent":"root","x":-217.83,"y":-49.66},{"name":"bone32","parent":"root","x":-217.83,"y":-49.66},{"name":"bone33","parent":"root","x":-217.83,"y":-49.66},{"name":"bone34","parent":"root","x":-217.83,"y":-49.66},{"name":"bone35","parent":"root","x":-217.83,"y":-49.66},{"name":"bone36","parent":"root","x":-217.83,"y":-49.66},{"name":"bone37","parent":"root","x":-217.83,"y":-49.66},{"name":"bone38","parent":"root","x":-217.83,"y":-49.66},{"name":"bone39","parent":"root","x":-217.83,"y":-49.66},{"name":"bone40","parent":"root","x":-217.83,"y":-49.66},{"name":"bone41","parent":"root","x":-217.83,"y":-49.66},{"name":"bone43","parent":"root","x":-217.83,"y":-49.66},{"name":"bone42","parent":"root","x":605.46,"y":-416.23},{"name":"bone44","parent":"root","x":605.46,"y":-416.23},{"name":"bone45","parent":"root","x":605.46,"y":-416.23},{"name":"bone46","parent":"root","x":605.46,"y":-416.23},{"name":"bone47","parent":"root","x":233.36,"y":-149.4}],"slots":[{"name":"1","bone":"bone","attachment":"q"},{"name":"3","bone":"bone","color":"ffffff81","attachment":"q","blend":"additive"},{"name":"3_5","bone":"bone7","attachment":"3_1"},{"name":"3_9","bone":"bone13","attachment":"3_1","blend":"additive"},{"name":"3_2","bone":"bone4","attachment":"3_2"},{"name":"3_6","bone":"bone10","attachment":"3_2","blend":"additive"},{"name":"3_3","bone":"bone5","attachment":"3_3"},{"name":"3_7","bone":"bone11","attachment":"3_3","blend":"additive"},{"name":"3_4","bone":"bone6","attachment":"3_4"},{"name":"3_8","bone":"bone12","attachment":"3_4","blend":"additive"},{"name":"5","bone":"bone3","color":"ffffff00","attachment":"5"},{"name":"13","bone":"bone23","color":"ffffff00","attachment":"5"},{"name":"6","bone":"bone14","color":"ffffff00","attachment":"5"},{"name":"14","bone":"bone24","color":"ffffff00","attachment":"5"},{"name":"7","bone":"bone15","color":"ffffff00","attachment":"5"},{"name":"15","bone":"bone25","color":"ffffff00","attachment":"5"},{"name":"8","bone":"bone16","color":"ffffff00","attachment":"5"},{"name":"16","bone":"bone26","color":"ffffff00","attachment":"5"},{"name":"9","bone":"bone17","color":"ffffff00","attachment":"5"},{"name":"17","bone":"bone27","color":"ffffff00","attachment":"5"},{"name":"10","bone":"bone18","color":"ffffff00","attachment":"5"},{"name":"18","bone":"bone28","color":"ffffff00","attachment":"5"},{"name":"11","bone":"bone19","color":"ffffff00","attachment":"5"},{"name":"19","bone":"bone29","color":"ffffff00","attachment":"5"},{"name":"12","bone":"bone20","color":"ffffff00","attachment":"5"},{"name":"20","bone":"bone30","color":"ffffff00","attachment":"5"},{"name":"00","bone":"bone42","color":"ffffff00","attachment":"00"},{"name":"29","bone":"bone45","color":"ffffff00","attachment":"00"},{"name":"31","bone":"bone46","color":"ffffff00","attachment":"00"},{"name":"0","bone":"bone44","color":"ffffff00","attachment":"00"},{"name":"n","bone":"bone31","color":"ffffff00","attachment":"n"},{"name":"28","bone":"bone41","attachment":"11/0_29"},{"name":"2","bone":"bone32","color":"ffffff00","attachment":"2"},{"name":"4","bone":"bone33","color":"ffffff00","attachment":"2"},{"name":"21","bone":"bone34","color":"ffffff00","attachment":"z_5"},{"name":"22","bone":"bone35","color":"ffffff00","attachment":"z_4"},{"name":"23","bone":"bone36","color":"ffffff00","attachment":"z_6"},{"name":"24","bone":"bone37","color":"ffffff00","attachment":"n"},{"name":"25","bone":"bone38","color":"ffffff00","attachment":"z_3"},{"name":"26","bone":"bone39","color":"ffffff00","attachment":"z_2"},{"name":"27","bone":"bone40","color":"ffffff00","attachment":"z_1"},{"name":"root","bone":"root","attachment":"root"},{"name":"30","bone":"bone43","attachment":"11/0_29"},{"name":"m","bone":"bone47","attachment":"m"}],"path":[{"name":"root","target":"root","rotateMix":0,"bones":["bone31"]},{"name":"root0","order":1,"target":"root","rotateMix":0,"bones":["bone32"]},{"name":"root00","order":10,"target":"root","rotateMix":0,"bones":["bone41"]},{"name":"root1","order":2,"target":"root","rotateMix":0,"bones":["bone33"]},{"name":"root2","order":3,"target":"root","rotateMix":0,"bones":["bone34"]},{"name":"root03","order":11,"target":"root","rotateMix":0,"bones":["bone43"]},{"name":"root3","order":4,"target":"root","rotateMix":0,"bones":["bone35"]},{"name":"root4","order":5,"target":"root","rotateMix":0,"bones":["bone36"]},{"name":"root5","order":6,"target":"root","rotateMix":0,"bones":["bone37"]},{"name":"root6","order":7,"target":"root","rotateMix":0,"bones":["bone38"]},{"name":"root7","order":8,"target":"root","rotateMix":0,"bones":["bone39"]},{"name":"root8","order":9,"target":"root","rotateMix":0,"bones":["bone40"]}],"skins":[{"name":"default","attachments":{"0":{"00":{"x":1.41,"y":-2.99,"width":40,"height":34}},"1":{"q":{"x":-0.01,"y":0.62,"width":98,"height":98}},"2":{"2":{"x":-0.63,"y":1.13,"width":69,"height":68}},"3":{"q":{"x":-0.01,"y":0.62,"width":98,"height":98}},"4":{"2":{"x":-0.63,"y":1.13,"width":69,"height":68}},"5":{"5":{"width":26,"height":26}},"6":{"5":{"width":26,"height":26}},"7":{"5":{"width":26,"height":26}},"8":{"5":{"width":26,"height":26}},"9":{"5":{"width":26,"height":26}},"10":{"5":{"width":26,"height":26}},"11":{"5":{"width":26,"height":26}},"12":{"5":{"width":26,"height":26}},"13":{"5":{"width":26,"height":26}},"14":{"5":{"width":26,"height":26}},"15":{"5":{"width":26,"height":26}},"16":{"5":{"width":26,"height":26}},"17":{"5":{"width":26,"height":26}},"18":{"5":{"width":26,"height":26}},"19":{"5":{"width":26,"height":26}},"20":{"5":{"width":26,"height":26}},"21":{"z_5":{"x":-0.63,"y":1.13,"width":68,"height":69}},"22":{"z_4":{"x":-0.63,"y":1.13,"width":68,"height":69}},"23":{"z_6":{"x":-0.63,"y":1.13,"width":68,"height":69}},"24":{"n":{"x":0.59,"y":1.13,"width":68,"height":68}},"25":{"z_3":{"x":-0.63,"y":1.13,"width":68,"height":69}},"26":{"z_2":{"y":0.5,"width":68,"height":69}},"27":{"z_1":{"y":0.5,"width":68,"height":69}},"28":{"11/0_01":{"x":0.5,"y":0.5,"width":73,"height":73},"11/0_02":{"x":0.5,"y":0.5,"width":73,"height":73},"11/0_03":{"x":0.5,"y":0.5,"width":73,"height":73},"11/0_04":{"x":0.5,"y":0.5,"width":73,"height":73},"11/0_05":{"x":0.5,"y":0.5,"width":73,"height":73},"11/0_06":{"x":0.5,"y":0.5,"width":73,"height":73},"11/0_07":{"x":0.5,"y":0.5,"width":73,"height":73},"11/0_08":{"x":0.5,"y":0.5,"width":73,"height":73},"11/0_09":{"x":0.5,"y":0.5,"width":73,"height":73},"11/0_10":{"x":0.5,"y":0.5,"width":73,"height":73},"11/0_11":{"x":0.5,"y":0.5,"width":73,"height":73},"11/0_12":{"x":0.5,"y":0.5,"width":73,"height":73},"11/0_13":{"x":0.5,"y":0.5,"width":73,"height":73},"11/0_14":{"x":0.5,"y":0.5,"width":73,"height":73},"11/0_15":{"x":0.5,"y":0.5,"width":73,"height":73},"11/0_16":{"x":0.5,"y":0.5,"width":73,"height":73},"11/0_17":{"x":0.5,"y":0.5,"width":73,"height":73},"11/0_18":{"x":0.5,"y":0.5,"width":73,"height":73},"11/0_19":{"x":0.5,"y":0.5,"width":73,"height":73},"11/0_20":{"x":0.5,"y":0.5,"width":73,"height":73},"11/0_21":{"x":0.5,"y":0.5,"width":73,"height":73},"11/0_22":{"x":0.5,"y":0.5,"width":73,"height":73},"11/0_23":{"x":0.5,"y":0.5,"width":73,"height":73},"11/0_24":{"x":0.5,"y":0.5,"width":73,"height":73},"11/0_25":{"x":0.5,"y":0.5,"width":73,"height":73},"11/0_26":{"x":0.5,"y":0.5,"width":73,"height":73},"11/0_27":{"x":0.5,"y":0.5,"width":73,"height":73},"11/0_28":{"x":0.5,"y":0.5,"width":73,"height":73},"11/0_29":{"x":0.5,"y":0.5,"width":73,"height":73}},"29":{"00":{"x":1.41,"y":-2.99,"width":40,"height":34}},"30":{"11/0_01":{"x":0.5,"y":0.5,"width":73,"height":73},"11/0_02":{"x":0.5,"y":0.5,"width":73,"height":73},"11/0_03":{"x":0.5,"y":0.5,"width":73,"height":73},"11/0_04":{"x":0.5,"y":0.5,"width":73,"height":73},"11/0_05":{"x":0.5,"y":0.5,"width":73,"height":73},"11/0_06":{"x":0.5,"y":0.5,"width":73,"height":73},"11/0_07":{"x":0.5,"y":0.5,"width":73,"height":73},"11/0_08":{"x":0.5,"y":0.5,"width":73,"height":73},"11/0_09":{"x":0.5,"y":0.5,"width":73,"height":73},"11/0_10":{"x":0.5,"y":0.5,"width":73,"height":73},"11/0_11":{"x":0.5,"y":0.5,"width":73,"height":73},"11/0_12":{"x":0.5,"y":0.5,"width":73,"height":73},"11/0_13":{"x":0.5,"y":0.5,"width":73,"height":73},"11/0_14":{"x":0.5,"y":0.5,"width":73,"height":73},"11/0_15":{"x":0.5,"y":0.5,"width":73,"height":73},"11/0_16":{"x":0.5,"y":0.5,"width":73,"height":73},"11/0_17":{"x":0.5,"y":0.5,"width":73,"height":73},"11/0_18":{"x":0.5,"y":0.5,"width":73,"height":73},"11/0_19":{"x":0.5,"y":0.5,"width":73,"height":73},"11/0_20":{"x":0.5,"y":0.5,"width":73,"height":73},"11/0_21":{"x":0.5,"y":0.5,"width":73,"height":73},"11/0_22":{"x":0.5,"y":0.5,"width":73,"height":73},"11/0_23":{"x":0.5,"y":0.5,"width":73,"height":73},"11/0_24":{"x":0.5,"y":0.5,"width":73,"height":73},"11/0_25":{"x":0.5,"y":0.5,"width":73,"height":73},"11/0_26":{"x":0.5,"y":0.5,"width":73,"height":73},"11/0_27":{"x":0.5,"y":0.5,"width":73,"height":73},"11/0_28":{"x":0.5,"y":0.5,"width":73,"height":73},"11/0_29":{"x":0.5,"y":0.5,"width":73,"height":73}},"31":{"00":{"x":1.41,"y":-2.99,"width":40,"height":34}},"00":{"00":{"x":1.41,"y":-2.99,"width":40,"height":34}},"3_2":{"3_2":{"x":-0.51,"y":-8.38,"width":65,"height":50}},"3_3":{"3_3":{"x":8.49,"y":21.62,"width":35,"height":26}},"3_4":{"3_4":{"x":-14.51,"y":8.12,"rotation":-25.76,"width":31,"height":51}},"3_5":{"3_1":{"x":-12.01,"y":-12.38,"width":42,"height":42}},"3_6":{"3_2":{"x":-0.51,"y":-8.38,"width":65,"height":50}},"3_7":{"3_3":{"x":8.49,"y":21.62,"width":35,"height":26}},"3_8":{"3_4":{"x":-14.51,"y":8.12,"rotation":-25.76,"width":31,"height":51}},"3_9":{"3_1":{"x":-12.01,"y":-12.38,"width":42,"height":42}},"m":{"m":{"x":-1.85,"y":-2.85,"width":78,"height":96}},"n":{"n":{"width":68,"height":68}},"root":{"root":{"type":"path","vertexCount":21,"lengths":[77.74,233.22,380.33,540,725.05,904.45,1353.66],"vertices":[-248.43,-49.8,-216.53,-49.41,-216.04,-49.4,-138.91,-48.84,-138.79,-48.81,-138.71,-48.79,-139.34,106.6,-139.38,106.67,-139.41,106.71,7.69,106.06,7.72,106.07,7.77,106.09,8.92,-53.55,8.92,-53.6,8.92,-53.67,193.9,-54.25,193.96,-54.19,194.02,-54.14,195.16,125.03,194.56,125.21,143.01,140.67]}}}}],"animations":{"animation":{"slots":{"0":{"color":[{"time":3.7333,"color":"ffffffff","curve":"stepped"},{"time":4.3333,"color":"ffffffff"},{"time":4.4667,"color":"ffffff00"}]},"2":{"color":[{"time":1,"color":"ffffffff"}]},"3":{"color":[{"color":"ffffff7a","curve":0.25,"c3":0.75},{"time":1.5,"color":"ffffff00","curve":0.25,"c3":0.75},{"time":3,"color":"ffffff7a","curve":0.25,"c3":0.75},{"time":4.5,"color":"ffffff00","curve":0.25,"c3":0.75},{"time":6,"color":"ffffff7a","curve":0.25,"c3":0.75},{"time":7.5,"color":"ffffff00","curve":0.25,"c3":0.75},{"time":9,"color":"ffffff7a","curve":0.25,"c3":0.75},{"time":10.5,"color":"ffffff00"}]},"4":{"color":[{"time":2,"color":"ffffffff"}]},"5":{"color":[{"color":"ffffff93","curve":"stepped"},{"time":1.3333,"color":"ffffff93"},{"time":1.6333,"color":"ffffff00","curve":"stepped"},{"time":1.6667,"color":"ffffff00"},{"time":2.1667,"color":"ffffff93","curve":"stepped"},{"time":3,"color":"ffffff93"}]},"6":{"color":[{"color":"ffffffff"},{"time":0.6667,"color":"ffffff91"},{"time":1.6667,"color":"ffffffff"},{"time":1.9667,"color":"ffffff00","curve":"stepped"},{"time":2,"color":"ffffff00"},{"time":2.5,"color":"ffffffff","curve":"stepped"},{"time":3,"color":"ffffffff"}]},"7":{"color":[{"color":"ffffffb5","curve":"stepped"},{"time":0.6667,"color":"ffffffb5"},{"time":0.9667,"color":"ffffff00","curve":"stepped"},{"time":1,"color":"ffffff00"},{"time":1.5,"color":"ffffffb5","curve":"stepped"},{"time":3,"color":"ffffffb5"}]},"8":{"color":[{"color":"ffffffff"},{"time":0.3,"color":"ffffff00","curve":"stepped"},{"time":0.3333,"color":"ffffff00"},{"time":0.8333,"color":"ffffffff","curve":"stepped"},{"time":3,"color":"ffffffff"}]},"9":{"color":[{"color":"ffffffff","curve":"stepped"},{"time":0.5,"color":"ffffffff"},{"time":0.8,"color":"ffffff00","curve":"stepped"},{"time":0.8333,"color":"ffffff00"},{"time":1.3333,"color":"ffffffff","curve":"stepped"},{"time":3,"color":"ffffffff"}]},"10":{"color":[{"color":"ffffffff","curve":"stepped"},{"time":1,"color":"ffffffff"},{"time":1.3,"color":"ffffff00","curve":"stepped"},{"time":1.3333,"color":"ffffff00"},{"time":1.8333,"color":"ffffffff","curve":"stepped"},{"time":3,"color":"ffffffff"}]},"11":{"color":[{"color":"ffffffff","curve":"stepped"},{"time":1.5,"color":"ffffffff"},{"time":1.8,"color":"ffffff00","curve":"stepped"},{"time":1.8333,"color":"ffffff00"},{"time":2.3333,"color":"ffffffff","curve":"stepped"},{"time":3,"color":"ffffffff"}]},"12":{"color":[{"color":"ffffff9e"},{"time":0.8333,"color":"ffffffff"},{"time":1.4,"color":"ffffff95"},{"time":1.8333,"color":"ffffffff"},{"time":2.1333,"color":"ffffff00","curve":"stepped"},{"time":2.1667,"color":"ffffff00"},{"time":2.6667,"color":"ffffffff"},{"time":3,"color":"ffffff9e"}]},"13":{"color":[{"color":"ffffff71"},{"time":0.1333,"color":"ffffff00","curve":"stepped"},{"time":0.1667,"color":"ffffff00"},{"time":0.6667,"color":"ffffffff"},{"time":1.5,"color":"ffffff7d"},{"time":2.8333,"color":"ffffffff"},{"time":3,"color":"ffffff71"}]},"14":{"color":[{"color":"ffffffff","curve":"stepped"},{"time":0.1667,"color":"ffffffff"},{"time":0.4667,"color":"ffffff00","curve":"stepped"},{"time":0.5,"color":"ffffff00"},{"time":1,"color":"ffffffff","curve":"stepped"},{"time":1.5,"color":"ffffffff","curve":"stepped"},{"time":3,"color":"ffffffff"}]},"15":{"color":[{"color":"ffffffa5","curve":"stepped"},{"time":1.5,"color":"ffffffa5","curve":"stepped"},{"time":2.1667,"color":"ffffffa5"},{"time":2.4667,"color":"ffffff00","curve":"stepped"},{"time":2.5,"color":"ffffff00"},{"time":3,"color":"ffffffa5"}]},"16":{"color":[{"color":"ffffffff","curve":"stepped"},{"time":1.5,"color":"ffffffff"},{"time":1.8,"color":"ffffff00","curve":"stepped"},{"time":1.8333,"color":"ffffff00"},{"time":2.3333,"color":"ffffffff","curve":"stepped"},{"time":3,"color":"ffffffff"}]},"17":{"color":[{"color":"ffffffff"},{"time":1,"color":"ffffff76"},{"time":2,"color":"ffffffff"},{"time":2.3,"color":"ffffff00","curve":"stepped"},{"time":2.3333,"color":"ffffff00"},{"time":2.8333,"color":"ffffff8c"},{"time":3,"color":"ffffffff"}]},"18":{"color":[{"color":"ffffff55"},{"time":0.3333,"color":"ffffffff","curve":"stepped"},{"time":1.5,"color":"ffffffff","curve":"stepped"},{"time":2.5,"color":"ffffffff"},{"time":2.8,"color":"ffffff00","curve":"stepped"},{"time":2.8333,"color":"ffffff00"},{"time":3,"color":"ffffff55"}]},"19":{"color":[{"color":"ffffffff"},{"time":0.3,"color":"ffffff00","curve":"stepped"},{"time":0.3333,"color":"ffffff00"},{"time":0.8333,"color":"ffffffff","curve":"stepped"},{"time":1.5,"color":"ffffffff","curve":"stepped"},{"time":3,"color":"ffffffff"}]},"20":{"color":[{"color":"ffffffff","curve":"stepped"},{"time":0.3333,"color":"ffffffff"},{"time":0.6333,"color":"ffffff00","curve":"stepped"},{"time":0.6667,"color":"ffffff00"},{"time":1.1667,"color":"ffffffff"},{"time":2.0333,"color":"ffffff9a"},{"time":3,"color":"ffffffff"}]},"21":{"color":[{"time":3,"color":"ffffffff"}]},"22":{"color":[{"time":4,"color":"ffffffff"}]},"23":{"color":[{"time":5,"color":"ffffffff"}]},"24":{"color":[{"time":6,"color":"ffffffff"}]},"25":{"color":[{"time":7,"color":"ffffffff"}]},"26":{"color":[{"time":8,"color":"ffffffff"}]},"27":{"color":[{"time":9,"color":"ffffffff"}]},"28":{"attachment":[{"name":null},{"time":8.6667,"name":null},{"time":8.7,"name":"11/0_01"},{"time":8.7333,"name":"11/0_02"},{"time":8.7667,"name":"11/0_03"},{"time":8.8,"name":"11/0_04"},{"time":8.8333,"name":"11/0_05"},{"time":8.8667,"name":"11/0_06"},{"time":8.9,"name":"11/0_07"},{"time":8.9333,"name":"11/0_08"},{"time":8.9667,"name":"11/0_09"},{"time":9,"name":"11/0_10"},{"time":9.0333,"name":"11/0_11"},{"time":9.0667,"name":"11/0_12"},{"time":9.1,"name":"11/0_13"},{"time":9.1333,"name":"11/0_14"},{"time":9.1667,"name":"11/0_15"},{"time":9.2,"name":"11/0_16"},{"time":9.2333,"name":"11/0_17"},{"time":9.2667,"name":"11/0_18"},{"time":9.3,"name":"11/0_19"},{"time":9.3333,"name":"11/0_20"},{"time":9.3667,"name":"11/0_21"},{"time":9.4,"name":"11/0_22"},{"time":9.4333,"name":"11/0_23"},{"time":9.4667,"name":"11/0_24"},{"time":9.5,"name":"11/0_25"},{"time":9.5333,"name":"11/0_26"},{"time":9.5667,"name":"11/0_27"},{"time":9.6,"name":"11/0_28"},{"time":9.6333,"name":"11/0_29"},{"time":9.6667,"name":null},{"time":9.7,"name":"11/0_01"},{"time":9.7333,"name":"11/0_02"},{"time":9.7667,"name":"11/0_03"},{"time":9.8,"name":"11/0_04"},{"time":9.8333,"name":"11/0_05"},{"time":9.8667,"name":"11/0_06"},{"time":9.9,"name":"11/0_07"},{"time":9.9333,"name":"11/0_08"},{"time":9.9667,"name":"11/0_09"},{"time":10,"name":null}]},"29":{"color":[{"time":10.1333,"color":"ffffffff","curve":"stepped"},{"time":10.4667,"color":"ffffffff"},{"time":10.6,"color":"ffffff00"}]},"30":{"attachment":[{"name":null},{"time":3.3333,"name":null},{"time":3.3667,"name":"11/0_01"},{"time":3.4,"name":"11/0_02"},{"time":3.4333,"name":"11/0_03"},{"time":3.4667,"name":"11/0_04"},{"time":3.5,"name":"11/0_05"},{"time":3.5333,"name":"11/0_06"},{"time":3.5667,"name":"11/0_07"},{"time":3.6,"name":"11/0_08"},{"time":3.6333,"name":"11/0_09"},{"time":3.6667,"name":null}]},"31":{"color":[{"time":10.1333,"color":"ffffffff","curve":"stepped"},{"time":11.3333,"color":"ffffffff"},{"time":11.4667,"color":"ffffff00"}]},"00":{"color":[{"time":3.7333,"color":"ffffffff","curve":"stepped"},{"time":4.4667,"color":"ffffffff"},{"time":4.6,"color":"ffffff00"}]},"3_2":{"color":[{"time":0.5,"color":"ffffffff","curve":0.25,"c3":0.75},{"time":0.9667,"color":"ffffff00","curve":0.25,"c3":0.75},{"time":1.5,"color":"ffffffff"}]},"3_3":{"color":[{"time":1,"color":"ffffffff","curve":0.25,"c3":0.75},{"time":1.4667,"color":"ffffff00","curve":0.25,"c3":0.75},{"time":2,"color":"ffffffff"}]},"3_4":{"color":[{"time":1.5333,"color":"ffffffff","curve":0.25,"c3":0.75},{"time":1.9667,"color":"ffffff00","curve":0.25,"c3":0.75},{"time":2.5,"color":"ffffffff"}]},"3_5":{"color":[{"time":2,"color":"ffffffff","curve":0.25,"c3":0.75},{"time":2.4667,"color":"ffffff00","curve":0.25,"c3":0.75},{"time":3,"color":"ffffffff"}]},"3_6":{"color":[{"color":"ffffffb5","curve":0.382,"c2":0.57,"c3":0.735},{"time":0.1667,"color":"ffffff98"},{"time":0.6667,"color":"ffffffff","curve":0.25,"c3":0.75},{"time":1.1333,"color":"ffffff00","curve":0.25,"c3":0.75},{"time":1.6667,"color":"ffffffff","curve":0.25,"c3":0.75},{"time":2.1667,"color":"ffffff98"},{"time":2.6667,"color":"ffffffff","curve":0.243,"c3":0.649,"c4":0.6},{"time":3,"color":"ffffffb5"}]},"3_7":{"color":[{"color":"ffffffd2"},{"time":0.1667,"color":"ffffffff","curve":0.25,"c3":0.75},{"time":0.6667,"color":"ffffff7a"},{"time":1.1667,"color":"ffffffff","curve":0.25,"c3":0.75},{"time":1.6333,"color":"ffffff00","curve":0.25,"c3":0.75},{"time":2.1667,"color":"ffffffff","curve":0.25,"c3":0.75},{"time":2.6667,"color":"ffffff7a"},{"time":3,"color":"ffffffd2"}]},"3_8":{"color":[{"color":"ffffffa2","curve":0.382,"c2":0.57,"c3":0.735},{"time":0.1667,"color":"ffffff7d"},{"time":0.7,"color":"ffffffff","curve":0.25,"c3":0.75},{"time":1.1667,"color":"ffffff7d"},{"time":1.7,"color":"ffffffff","curve":0.25,"c3":0.75},{"time":2.1333,"color":"ffffff00","curve":0.25,"c3":0.75},{"time":2.6667,"color":"ffffffff","curve":0.243,"c3":0.649,"c4":0.6},{"time":3,"color":"ffffffa2"}]},"3_9":{"color":[{"color":"ffffffbd","curve":0.382,"c2":0.58,"c3":0.733},{"time":0.1667,"color":"ffffffff"},{"time":0.6667,"color":"ffffff7b"},{"time":1.1667,"color":"ffffffff"},{"time":1.6667,"color":"ffffff7b"},{"time":2.1667,"color":"ffffffff"},{"time":2.6333,"color":"ffffff00","curve":0.243,"c3":0.653,"c4":0.62},{"time":3,"color":"ffffffbd"}]},"n":{"color":[{"color":"ffffffff"}]}},"bones":{"bone":{"rotate":[{},{"time":1,"angle":-120},{"time":2,"angle":120},{"time":3},{"time":4,"angle":-120},{"time":5,"angle":120},{"time":6},{"time":7,"angle":-120},{"time":8,"angle":120},{"time":9},{"time":10,"angle":-120},{"time":11,"angle":120}]},"bone5":{"rotate":[{},{"time":0.5,"angle":-120},{"time":1,"angle":120},{"time":1.5},{"time":2,"angle":-120},{"time":2.5,"angle":120},{"time":3}],"scale":[{"x":0.883,"y":0.883},{"time":1.4667,"x":0.379,"y":0.379,"curve":"stepped"},{"time":1.5,"x":1.399,"y":1.399},{"time":3,"x":0.883,"y":0.883}]},"bone6":{"rotate":[{},{"time":0.5333,"angle":-120},{"time":1,"angle":120},{"time":1.5333},{"time":2,"angle":-120},{"time":2.5,"angle":120},{"time":3}],"scale":[{"x":1.188,"y":1.188},{"time":1.9667,"x":0.601,"y":0.601,"curve":"stepped"},{"time":2,"x":1.486,"y":1.486},{"time":3,"x":1.188,"y":1.188}]},"bone4":{"rotate":[{},{"time":0.5,"angle":-120},{"time":1,"angle":120},{"time":1.5},{"time":2,"angle":-120},{"time":2.5,"angle":120},{"time":3}],"scale":[{"x":0.711,"y":0.711},{"time":0.9667,"x":0.379,"y":0.379,"curve":"stepped"},{"time":1,"x":1.399,"y":1.399},{"time":3,"x":0.711,"y":0.711}]},"bone7":{"rotate":[{},{"time":0.5,"angle":-120},{"time":1,"angle":120},{"time":1.5},{"time":2,"angle":-120},{"time":2.5,"angle":120},{"time":3}],"scale":[{"x":1.227,"y":1.227},{"time":2.4667,"x":0.379,"y":0.379,"curve":"stepped"},{"time":2.5,"x":1.399,"y":1.399},{"time":3,"x":1.227,"y":1.227}]},"bone10":{"rotate":[{"angle":40},{"time":0.1667},{"time":0.6667,"angle":-120},{"time":1.1667,"angle":120},{"time":1.6667},{"time":2.1667,"angle":-120},{"time":2.6667,"angle":120},{"time":3,"angle":40}],"scale":[{"x":0.769,"y":0.769},{"time":0.1667,"x":0.711,"y":0.711},{"time":1.1333,"x":0.379,"y":0.379,"curve":"stepped"},{"time":1.1667,"x":1.399,"y":1.399},{"time":3,"x":0.769,"y":0.769}]},"bone11":{"rotate":[{"angle":40},{"time":0.1667},{"time":0.6667,"angle":-120},{"time":1.1667,"angle":120},{"time":1.6667},{"time":2.1667,"angle":-120},{"time":2.6667,"angle":120},{"time":3,"angle":40}],"scale":[{"x":0.941,"y":0.941},{"time":0.1667,"x":0.883,"y":0.883},{"time":1.6333,"x":0.379,"y":0.379,"curve":"stepped"},{"time":1.6667,"x":1.399,"y":1.399},{"time":3,"x":0.941,"y":0.941}]},"bone12":{"rotate":[{"angle":40},{"time":0.1667},{"time":0.7,"angle":-120},{"time":1.1667,"angle":120},{"time":1.7},{"time":2.1667,"angle":-120},{"time":2.6667,"angle":120},{"time":3,"angle":40}],"scale":[{"x":1.237,"y":1.237},{"time":0.1667,"x":1.188,"y":1.188},{"time":2.1333,"x":0.601,"y":0.601,"curve":"stepped"},{"time":2.1667,"x":1.486,"y":1.486},{"time":3,"x":1.237,"y":1.237}]},"bone13":{"rotate":[{"angle":40},{"time":0.1667},{"time":0.6667,"angle":-120},{"time":1.1667,"angle":120},{"time":1.6667},{"time":2.1667,"angle":-120},{"time":2.6667,"angle":120},{"time":3,"angle":40}],"scale":[{"x":1.285,"y":1.285},{"time":0.1667,"x":1.227,"y":1.227},{"time":2.6333,"x":0.379,"y":0.379,"curve":"stepped"},{"time":2.6667,"x":1.399,"y":1.399},{"time":3,"x":1.285,"y":1.285}]},"bone9":{"rotate":[{"curve":0.25,"c3":0.75},{"time":1.5,"angle":-92.52,"curve":0.25,"c3":0.75},{"time":3,"curve":0.25,"c3":0.75},{"time":4.5,"angle":-92.52,"curve":0.25,"c3":0.75},{"time":6,"curve":0.25,"c3":0.75},{"time":7.5,"angle":-92.52,"curve":0.25,"c3":0.75},{"time":9,"curve":0.25,"c3":0.75},{"time":10.5,"angle":-92.52}]},"bone3":{"translate":[{"x":-2.67,"y":-18.46},{"time":1.6333,"x":-5.94,"y":-41.07,"curve":"stepped"},{"time":1.6667},{"time":3,"x":-2.67,"y":-18.46}],"scale":[{"x":0.991,"y":0.991},{"time":1.6333,"x":0,"y":0,"curve":"stepped"},{"time":1.6667,"x":1.8,"y":1.8},{"time":3,"x":0.991,"y":0.991}]},"bone14":{"translate":[{"x":-14.06,"y":-4.32},{"time":1.9667,"x":-38.9,"y":-12.82,"curve":"stepped"},{"time":2,"x":-1.43},{"time":3,"x":-14.06,"y":-4.32}],"scale":[{"x":1.326,"y":1.326},{"time":1.9667,"x":0,"y":0,"curve":"stepped"},{"time":2,"x":2,"y":2},{"time":3,"x":1.326,"y":1.326}]},"bone15":{"translate":[{"x":-23.23,"y":18.58},{"time":0.9667,"x":-34.46,"y":27.56,"curve":"stepped"},{"time":1,"x":-4.77,"y":56.2},{"time":3,"x":-23.23,"y":18.58}],"scale":[{"x":0.749,"y":0.749},{"time":0.9667,"x":0,"y":0,"curve":"stepped"},{"time":1,"x":2.3,"y":2.3},{"time":3,"x":0.749,"y":0.749}]},"bone16":{"translate":[{"x":0.11,"y":34},{"time":0.3,"x":0.12,"y":37.83,"curve":"stepped"},{"time":0.3333},{"time":3,"x":0.11,"y":34}],"scale":[{"x":0.101,"y":0.101},{"time":0.3,"x":0,"y":0,"curve":"stepped"},{"time":0.3333},{"time":3,"x":0.101,"y":0.101}]},"bone17":{"translate":[{"x":22.88,"y":18.41},{"time":0.8,"x":31.33,"y":25.21,"curve":"stepped"},{"time":0.8333,"x":-10.57,"y":32.63},{"time":3,"x":22.88,"y":18.41}],"scale":[{"x":0.404,"y":0.404},{"time":0.8,"x":0,"y":0,"curve":"stepped"},{"time":0.8333,"x":1.5,"y":1.5},{"time":3,"x":0.404,"y":0.404}]},"bone18":{"translate":[{"x":22.08,"y":-3.74},{"time":1.3,"x":39.29,"y":-6.66,"curve":"stepped"},{"time":1.3333},{"time":3,"x":22.08,"y":-3.74}],"scale":[{"x":0.351,"y":0.351},{"time":1.3,"x":0,"y":0,"curve":"stepped"},{"time":1.3333,"x":0.8,"y":0.8},{"time":3,"x":0.351,"y":0.351}]},"bone19":{"translate":[{"x":11.93,"y":-12.54},{"time":1.8,"x":30.33,"y":-31.89,"curve":"stepped"},{"time":1.8333},{"time":3,"x":11.93,"y":-12.54}],"scale":[{"x":0.607,"y":0.607},{"time":1.8,"x":0,"y":0,"curve":"stepped"},{"time":1.8333},{"time":3,"x":0.607,"y":0.607}]},"bone20":{"translate":[{"x":8.52,"y":-8.96},{"time":2.1333,"x":30.33,"y":-31.89,"curve":"stepped"},{"time":2.1667},{"time":3,"x":8.52,"y":-8.96}],"scale":[{"x":1.438,"y":1.438},{"time":2.1333,"x":0,"y":0,"curve":"stepped"},{"time":2.1667,"x":2,"y":2},{"time":3,"x":1.438,"y":1.438}]},"bone23":{"translate":[{"x":-5.67,"y":-39.22},{"time":0.1333,"x":-5.94,"y":-41.07,"curve":"stepped"},{"time":0.1667},{"time":1.5,"x":-2.67,"y":-18.46},{"time":3,"x":-5.67,"y":-39.22}],"scale":[{"x":0.081,"y":0.081},{"time":0.1333,"x":0,"y":0,"curve":"stepped"},{"time":0.1667,"x":1.8,"y":1.8},{"time":1.5,"x":0.991,"y":0.991},{"time":3,"x":0.081,"y":0.081}]},"bone24":{"translate":[{"x":-33.01,"y":-10.8},{"time":0.4667,"x":-38.9,"y":-12.82,"curve":"stepped"},{"time":0.5,"x":-1.43},{"time":1.5,"x":-14.06,"y":-4.32},{"time":3,"x":-33.01,"y":-10.8}],"scale":[{"x":0.315,"y":0.315},{"time":0.4667,"x":0,"y":0,"curve":"stepped"},{"time":0.5,"x":2,"y":2},{"time":1.5,"x":1.326,"y":1.326},{"time":3,"x":0.315,"y":0.315}]},"bone25":{"translate":[{"x":-5.81,"y":4.64},{"time":1.5,"x":-23.23,"y":18.58},{"time":2.4667,"x":-34.46,"y":27.56,"curve":"stepped"},{"time":2.5},{"time":3,"x":-5.81,"y":4.64}],"scale":[{"x":1.912,"y":1.912},{"time":1.5,"x":0.749,"y":0.749},{"time":2.4667,"x":0,"y":0,"curve":"stepped"},{"time":2.5,"x":2.3,"y":2.3},{"time":3,"x":1.912,"y":1.912}]},"bone26":{"translate":[{"x":0.05,"y":14.88},{"time":1.5,"x":0.11,"y":34},{"time":1.8,"x":0.12,"y":37.83,"curve":"stepped"},{"time":1.8333},{"time":3,"x":0.05,"y":14.88}],"scale":[{"x":0.607,"y":0.607},{"time":1.5,"x":0.101,"y":0.101},{"time":1.8,"x":0,"y":0,"curve":"stepped"},{"time":1.8333},{"time":3,"x":0.607,"y":0.607}]},"bone27":{"translate":[{"x":7.04,"y":5.67},{"time":1.5,"x":22.88,"y":18.41},{"time":2.3,"x":31.33,"y":25.21,"curve":"stepped"},{"time":2.3333},{"time":3,"x":7.04,"y":5.67}],"scale":[{"x":1.163,"y":1.163},{"time":1.5,"x":0.404,"y":0.404},{"time":2.3,"x":0,"y":0,"curve":"stepped"},{"time":2.3333,"x":1.5,"y":1.5},{"time":3,"x":1.163,"y":1.163}]},"bone28":{"translate":[{"x":2.21,"y":-0.37},{"time":1.5,"x":22.08,"y":-3.74},{"time":2.8,"x":39.29,"y":-6.66,"curve":"stepped"},{"time":2.8333},{"time":3,"x":2.21,"y":-0.37}],"scale":[{"x":0.755,"y":0.755},{"time":1.5,"x":0.351,"y":0.351},{"time":2.8,"x":0,"y":0,"curve":"stepped"},{"time":2.8333,"x":0.8,"y":0.8},{"time":3,"x":0.755,"y":0.755}]},"bone29":{"translate":[{"x":27.26,"y":-28.67},{"time":0.3,"x":30.33,"y":-31.89,"curve":"stepped"},{"time":0.3333},{"time":1.5,"x":11.93,"y":-12.54},{"time":3,"x":27.26,"y":-28.67}],"scale":[{"x":0.101,"y":0.101},{"time":0.3,"x":0,"y":0,"curve":"stepped"},{"time":0.3333},{"time":1.5,"x":0.607,"y":0.607},{"time":3,"x":0.101,"y":0.101}]},"bone30":{"translate":[{"x":23.86,"y":-25.08},{"time":0.6333,"x":30.33,"y":-31.89,"curve":"stepped"},{"time":0.6667},{"time":1.5,"x":8.52,"y":-8.96},{"time":3,"x":23.86,"y":-25.08}],"scale":[{"x":0.427,"y":0.427},{"time":0.6333,"x":0,"y":0,"curve":"stepped"},{"time":0.6667,"x":2,"y":2},{"time":1.5,"x":1.438,"y":1.438},{"time":3,"x":0.427,"y":0.427}]},"bone22":{"rotate":[{"angle":1.26,"curve":0.25,"c3":0.75},{"time":1.5,"angle":-25.18,"curve":0.25,"c3":0.75},{"time":3,"angle":1.26}]},"bone21":{"rotate":[{"curve":"stepped"},{"time":3}]},"bone32":{"scale":[{"time":3.3},{"time":3.3333,"x":0.8,"y":0.8},{"time":3.3667,"curve":"stepped"},{"time":3.6667},{"time":3.7333,"x":0,"y":0}]},"bone33":{"scale":[{"time":3.6},{"time":3.6333,"x":0.8,"y":0.8},{"time":3.6667},{"time":3.7333,"x":0,"y":0}]},"bone31":{"scale":[{"time":8.6},{"time":8.6333,"x":0.9,"y":0.9},{"time":8.6667,"curve":"stepped"},{"time":10},{"time":10.1333,"x":0,"y":0}]},"bone37":{"scale":[{"time":9.9333},{"time":9.9667,"x":0.9,"y":0.9},{"time":10},{"time":10.1333,"x":0,"y":0}]},"bone42":{"rotate":[{"angle":62.63,"curve":"stepped"},{"time":3.7333,"angle":62.63}],"translate":[{"x":-745.02,"y":497.24,"curve":"stepped"},{"time":3.7333,"x":-745.02,"y":497.24,"curve":0.25,"c3":0.75},{"time":4.4667,"x":-399.01,"y":243.04}]},"bone44":{"translate":[{"time":3.7333,"x":-744.2,"y":420.7,"curve":0.25,"c3":0.75},{"time":4.3333,"x":-400.19,"y":243.75}]},"bone45":{"rotate":[{"angle":62.63,"curve":"stepped"},{"time":10.1333,"angle":62.63}],"translate":[{"x":-523.48,"y":363.12,"curve":"stepped"},{"time":10.1333,"x":-523.48,"y":363.12,"curve":0.25,"c3":0.75},{"time":10.4667,"x":-399.01,"y":243.04}]},"bone46":{"rotate":[{"angle":62.63},{"time":10.1333,"angle":-70.19}],"translate":[{"x":-523.48,"y":363.12,"curve":0.25,"c3":0.75},{"time":10.1333,"x":-668.17,"y":523.87,"curve":0.25,"c3":0.75},{"time":11.3333,"x":-399.01,"y":243.04}]},"bone47":{"translate":[{"curve":"stepped"},{"time":2.6667},{"time":3.3,"x":-340.34,"y":158.7,"curve":"stepped"},{"time":3.4333,"x":-340.34,"y":158.7},{"time":3.6,"x":-340.34,"y":109.94,"curve":"stepped"},{"time":4,"x":-340.34,"y":109.94},{"time":6.3333,"x":-385.27,"y":-59.27,"curve":"stepped"},{"time":7.6667,"x":-385.27,"y":-59.27},{"time":8.6,"x":-181.64,"y":98.47,"curve":"stepped"},{"time":9.3333,"x":-181.64,"y":98.47},{"time":9.9333,"x":-281.06,"y":211.28}],"scale":[{"time":3.3},{"time":3.3333,"x":0.9,"y":0.9},{"time":3.3667,"curve":"stepped"},{"time":3.6},{"time":3.6333,"x":0.9,"y":0.9},{"time":3.6667,"curve":"stepped"},{"time":8.6},{"time":8.6333,"x":0.9,"y":0.9},{"time":8.6667,"curve":"stepped"},{"time":9.9333},{"time":9.9667,"x":0.9,"y":0.9},{"time":10}]}},"path":{"root":{"position":[{},{"time":3.7333,"position":0.3111},{"time":4.3333,"position":0.19},{"time":11.4667,"position":0.7791}]},"root0":{"position":[{"time":1},{"time":11.4667,"position":0.8722}]},"root00":{"position":[{},{"time":3.7333,"position":0.3111},{"time":4.3333,"position":0.19},{"time":11.4667,"position":0.7791}]},"root03":{"position":[{"time":1},{"time":11.4667,"position":0.8722}]},"root1":{"position":[{"time":2},{"time":11.4667,"position":0.7889}]},"root2":{"position":[{"time":3},{"time":10.1333,"position":0.5944},{"time":10.3333,"position":0.52},{"time":11.4667,"position":0.616}]},"root3":{"position":[{"time":4},{"time":10.1333,"position":0.5111},{"time":10.3333,"position":0.44},{"time":11.4667,"position":0.5352}]},"root4":{"position":[{"time":5},{"time":10.1333,"position":0.4278},{"time":10.3333,"position":0.36},{"time":11.4667,"position":0.4546}]},"root5":{"position":[{"time":6},{"time":11.4667,"position":0.4556}]},"root6":{"position":[{"time":7},{"time":11.4667,"position":0.3722}]},"root7":{"position":[{"time":8},{"time":11.4667,"position":0.2889}]},"root8":{"position":[{"time":9},{"time":11.4667,"position":0.2056}]}}}}},[0]]],0,0,[0],[-1],[0]]