[1,["67/L9P3/NDXI4tLJmUcYA+"],0,[["sp.SkeletonData",["_name","_atlasText","textureNames","_skeletonJson","textures"],-1,3]],[[0,0,1,2,3,4,5]],[[0,"bonfire","\nbonfire.png\nsize: 245,243\nformat: RGBA8888\nfilter: Linear,Linear\nrepeat: none\ncaihuo\n  rotate: false\n  xy: 84, 164\n  size: 55, 32\n  orig: 55, 32\n  offset: 0, 0\n  index: -1\ngouhua0001\n  rotate: false\n  xy: 2, 116\n  size: 50, 43\n  orig: 50, 43\n  offset: 0, 0\n  index: -1\ngouhua0002\n  rotate: false\n  xy: 84, 198\n  size: 50, 43\n  orig: 50, 43\n  offset: 0, 0\n  index: -1\ngouhua0003\n  rotate: false\n  xy: 2, 71\n  size: 50, 43\n  orig: 50, 43\n  offset: 0, 0\n  index: -1\ngouhua0004\n  rotate: false\n  xy: 136, 198\n  size: 50, 43\n  orig: 50, 43\n  offset: 0, 0\n  index: -1\ngouhua0005\n  rotate: false\n  xy: 2, 26\n  size: 50, 43\n  orig: 50, 43\n  offset: 0, 0\n  index: -1\ngouhua0006\n  rotate: false\n  xy: 188, 198\n  size: 50, 43\n  orig: 50, 43\n  offset: 0, 0\n  index: -1\ngouhua0007\n  rotate: false\n  xy: 141, 153\n  size: 50, 43\n  orig: 50, 43\n  offset: 0, 0\n  index: -1\ngouhua0008\n  rotate: false\n  xy: 193, 153\n  size: 50, 43\n  orig: 50, 43\n  offset: 0, 0\n  index: -1\ngouhua0009\n  rotate: true\n  xy: 54, 109\n  size: 50, 43\n  orig: 50, 43\n  offset: 0, 0\n  index: -1\ngouhua0010\n  rotate: true\n  xy: 54, 57\n  size: 50, 43\n  orig: 50, 43\n  offset: 0, 0\n  index: -1\ngouhua0011\n  rotate: false\n  xy: 54, 12\n  size: 50, 43\n  orig: 50, 43\n  offset: 0, 0\n  index: -1\ngouhua0012\n  rotate: false\n  xy: 99, 108\n  size: 50, 43\n  orig: 50, 43\n  offset: 0, 0\n  index: -1\ngouhua0013\n  rotate: false\n  xy: 99, 63\n  size: 50, 43\n  orig: 50, 43\n  offset: 0, 0\n  index: -1\ngouhua0014\n  rotate: false\n  xy: 151, 108\n  size: 50, 43\n  orig: 50, 43\n  offset: 0, 0\n  index: -1\ngouhua0015\n  rotate: false\n  xy: 151, 63\n  size: 50, 43\n  orig: 50, 43\n  offset: 0, 0\n  index: -1\ngouhua0016\n  rotate: false\n  xy: 106, 18\n  size: 50, 43\n  orig: 50, 43\n  offset: 0, 0\n  index: -1\nguang\n  rotate: false\n  xy: 2, 161\n  size: 80, 80\n  orig: 80, 80\n  offset: 0, 0\n  index: -1\n",["bonfire.png"],{"skeleton":{"hash":"xZjkDPlyAXUVHimuvr9vA9pl+9c","spine":"3.6.53","width":80,"height":80,"fps":50,"images":""},"bones":[{"name":"root"},{"name":"guang","parent":"root","y":22.04},{"name":"huo","parent":"root","y":28.26,"scaleX":1.246,"scaleY":1.246}],"slots":[{"name":"caihuo","bone":"root","attachment":"caihuo"},{"name":"gouhua0001","bone":"huo","attachment":"gouhua0001"},{"name":"guang","bone":"guang","attachment":"guang","blend":"additive"}],"skins":{"default":{"caihuo":{"caihuo":{"width":55,"height":32}},"gouhua0001":{"gouhua0001":{"width":50,"height":43},"gouhua0002":{"width":50,"height":43},"gouhua0003":{"width":50,"height":43},"gouhua0004":{"width":50,"height":43},"gouhua0005":{"width":50,"height":43},"gouhua0006":{"width":50,"height":43},"gouhua0007":{"width":50,"height":43},"gouhua0008":{"width":50,"height":43},"gouhua0009":{"width":50,"height":43},"gouhua0010":{"width":50,"height":43},"gouhua0011":{"width":50,"height":43},"gouhua0012":{"width":50,"height":43},"gouhua0013":{"width":50,"height":43},"gouhua0014":{"width":50,"height":43},"gouhua0015":{"width":50,"height":43},"gouhua0016":{"width":50,"height":43}},"guang":{"guang":{"width":80,"height":80}}}},"animations":{"bonfire":{"slots":{"gouhua0001":{"color":[{"time":0,"color":"ffffffff","curve":"stepped"},{"time":0.3,"color":"ffffffff"}],"attachment":[{"time":0,"name":"gouhua0001"},{"time":0.02,"name":"gouhua0002"},{"time":0.04,"name":"gouhua0003"},{"time":0.06,"name":"gouhua0004"},{"time":0.08,"name":"gouhua0005"},{"time":0.1,"name":"gouhua0006"},{"time":0.12,"name":"gouhua0007"},{"time":0.14,"name":"gouhua0008"},{"time":0.16,"name":"gouhua0009"},{"time":0.18,"name":"gouhua0010"},{"time":0.2,"name":"gouhua0011"},{"time":0.22,"name":"gouhua0012"},{"time":0.24,"name":"gouhua0013"},{"time":0.26,"name":"gouhua0014"},{"time":0.28,"name":"gouhua0015"},{"time":0.3,"name":"gouhua0016"}]},"guang":{"color":[{"time":0,"color":"ffffffbe","curve":"stepped"},{"time":0.3,"color":"ffffffbe"}]}},"bones":{"guang":{"translate":[{"time":0,"x":0,"y":0,"curve":"stepped"},{"time":0.16,"x":0,"y":0,"curve":"stepped"},{"time":0.3,"x":0,"y":0}],"scale":[{"time":0,"x":1,"y":1},{"time":0.16,"x":1.14,"y":1.14},{"time":0.3,"x":1,"y":1}]}}}}},[0]]],0,0,[0],[-1],[0]]