[1,["c92q2hlfVDCb85EJp0ZKOe"],0,[["sp.SkeletonData",["_name","_atlasText","textureNames","_skeletonJson","textures"],-1,3]],[[0,0,1,2,3,4,5]],[[0,"bomb","\nbomb.png\nsize: 650,648\nformat: RGBA8888\nfilter: Linear,Linear\nrepeat: none\n消除爆0001\n  rotate: false\n  xy: 164, 34\n  size: 160, 18\n  orig: 160, 160\n  offset: 0, 73\n  index: -1\n消除爆0002\n  rotate: false\n  xy: 488, 83\n  size: 160, 47\n  orig: 160, 160\n  offset: 0, 56\n  index: -1\n消除爆0003\n  rotate: false\n  xy: 326, 14\n  size: 160, 71\n  orig: 160, 160\n  offset: 0, 42\n  index: -1\n消除爆0004\n  rotate: false\n  xy: 488, 132\n  size: 160, 89\n  orig: 160, 160\n  offset: 0, 35\n  index: -1\n消除爆0005\n  rotate: false\n  xy: 488, 321\n  size: 160, 102\n  orig: 160, 160\n  offset: 0, 29\n  index: -1\n消除爆0006\n  rotate: false\n  xy: 488, 536\n  size: 160, 110\n  orig: 160, 160\n  offset: 0, 22\n  index: -1\n消除爆0007\n  rotate: false\n  xy: 326, 412\n  size: 160, 111\n  orig: 160, 160\n  offset: 0, 22\n  index: -1\n消除爆0008\n  rotate: false\n  xy: 164, 276\n  size: 160, 113\n  orig: 160, 160\n  offset: 0, 20\n  index: -1\n消除爆0009\n  rotate: false\n  xy: 2, 127\n  size: 160, 119\n  orig: 160, 160\n  offset: 0, 17\n  index: -1\n消除爆0010\n  rotate: false\n  xy: 164, 391\n  size: 160, 124\n  orig: 160, 160\n  offset: 0, 15\n  index: -1\n消除爆0011\n  rotate: false\n  xy: 164, 517\n  size: 160, 129\n  orig: 160, 160\n  offset: 0, 13\n  index: -1\n消除爆0012\n  rotate: false\n  xy: 2, 379\n  size: 160, 132\n  orig: 160, 160\n  offset: 0, 12\n  index: -1\n消除爆0013\n  rotate: false\n  xy: 2, 248\n  size: 160, 129\n  orig: 160, 160\n  offset: 0, 16\n  index: -1\n消除爆0014\n  rotate: false\n  xy: 2, 513\n  size: 160, 133\n  orig: 160, 160\n  offset: 0, 13\n  index: -1\n消除爆0015\n  rotate: false\n  xy: 326, 525\n  size: 160, 121\n  orig: 160, 160\n  offset: 0, 12\n  index: -1\n消除爆0016\n  rotate: false\n  xy: 2, 15\n  size: 160, 110\n  orig: 160, 160\n  offset: 0, 23\n  index: -1\n消除爆0017\n  rotate: false\n  xy: 164, 165\n  size: 160, 109\n  orig: 160, 160\n  offset: 0, 23\n  index: -1\n消除爆0018\n  rotate: false\n  xy: 326, 301\n  size: 160, 109\n  orig: 160, 160\n  offset: 0, 23\n  index: -1\n消除爆0019\n  rotate: false\n  xy: 488, 425\n  size: 160, 109\n  orig: 160, 160\n  offset: 0, 23\n  index: -1\n消除爆0020\n  rotate: false\n  xy: 164, 54\n  size: 160, 109\n  orig: 160, 160\n  offset: 0, 23\n  index: -1\n消除爆0021\n  rotate: false\n  xy: 326, 191\n  size: 160, 108\n  orig: 160, 160\n  offset: 0, 24\n  index: -1\n消除爆0022\n  rotate: false\n  xy: 326, 87\n  size: 160, 102\n  orig: 160, 160\n  offset: 0, 27\n  index: -1\n消除爆0023\n  rotate: false\n  xy: 488, 223\n  size: 160, 96\n  orig: 160, 160\n  offset: 0, 32\n  index: -1\n",["bomb.png"],{"skeleton":{"hash":"5nzQXD1Z5cBhHjd12Xfv+ib+uN0","spine":"3.6.53","width":160,"height":160,"fps":50,"images":""},"bones":[{"name":"root"}],"slots":[{"name":"消除爆0001","bone":"root","color":"ffffff00","attachment":"消除爆0001"}],"skins":{"default":{"消除爆0001":{"消除爆0001":{"width":160,"height":160},"消除爆0002":{"width":160,"height":160},"消除爆0003":{"width":160,"height":160},"消除爆0004":{"width":160,"height":160},"消除爆0005":{"width":160,"height":160},"消除爆0006":{"width":160,"height":160},"消除爆0007":{"width":160,"height":160},"消除爆0008":{"width":160,"height":160},"消除爆0009":{"width":160,"height":160},"消除爆0010":{"width":160,"height":160},"消除爆0011":{"width":160,"height":160},"消除爆0012":{"width":160,"height":160},"消除爆0013":{"width":160,"height":160},"消除爆0014":{"width":160,"height":160},"消除爆0015":{"width":160,"height":160},"消除爆0016":{"width":160,"height":160},"消除爆0017":{"width":160,"height":160},"消除爆0018":{"width":160,"height":160},"消除爆0019":{"width":160,"height":160},"消除爆0020":{"width":160,"height":160},"消除爆0021":{"width":160,"height":160},"消除爆0022":{"width":160,"height":160},"消除爆0023":{"width":160,"height":160}}}},"animations":{"bomb":{"slots":{"消除爆0001":{"color":[{"time":0,"color":"ffffffff","curve":"stepped"},{"time":0.26,"color":"ffffffff"},{"time":0.44,"color":"ffffff00"}],"attachment":[{"time":0,"name":"消除爆0001"},{"time":0.02,"name":"消除爆0002"},{"time":0.04,"name":"消除爆0003"},{"time":0.06,"name":"消除爆0004"},{"time":0.08,"name":"消除爆0005"},{"time":0.1,"name":"消除爆0006"},{"time":0.12,"name":"消除爆0007"},{"time":0.14,"name":"消除爆0008"},{"time":0.16,"name":"消除爆0009"},{"time":0.18,"name":"消除爆0010"},{"time":0.2,"name":"消除爆0011"},{"time":0.22,"name":"消除爆0012"},{"time":0.24,"name":"消除爆0013"},{"time":0.26,"name":"消除爆0014"},{"time":0.28,"name":"消除爆0015"},{"time":0.3,"name":"消除爆0016"},{"time":0.32,"name":"消除爆0017"},{"time":0.34,"name":"消除爆0018"},{"time":0.36,"name":"消除爆0019"},{"time":0.38,"name":"消除爆0020"},{"time":0.4,"name":"消除爆0021"},{"time":0.42,"name":"消除爆0022"},{"time":0.44,"name":"消除爆0023"}]}}}}},[0]]],0,0,[0],[-1],[0]]