[1,["7egUjXqZhFAJo0IsSTtqHP"],0,[["sp.SkeletonData",["_name","_atlasText","textureNames","_skeletonJson","textures"],-1,3]],[[0,0,1,2,3,4,5]],[[0,"end_light","\nend_light.png\nsize: 512,256\nformat: RGBA8888\nfilter: Linear,Linear\nrepeat: none\nbitmap1\n  rotate: false\n  xy: 2, 2\n  size: 160, 160\n  orig: 161, 161\n  offset: 0, 1\n  index: -1\nlight\n  rotate: false\n  xy: 164, 12\n  size: 149, 150\n  orig: 152, 152\n  offset: 2, 1\n  index: -1\nyellow_star2\n  rotate: false\n  xy: 315, 53\n  size: 109, 109\n  orig: 114, 114\n  offset: 0, 5\n  index: -1\n",["end_light.png"],{"skeleton":{"hash":"SM16gTRA9UKLCEpDjpVbfH7S2h4","spine":"3.6.53","width":472.16,"height":472.16,"fps":50,"images":""},"bones":[{"name":"root"},{"name":"bone","parent":"root","rotation":1.2,"scaleX":0.728,"scaleY":0.728},{"name":"bitmap1","parent":"bone","scaleX":1.393,"scaleY":1.393},{"name":"bitmap2","parent":"bone","scaleX":1.386,"scaleY":1.386},{"name":"light","parent":"bone","scaleX":4.18,"scaleY":4.18},{"name":"yellow_star2","parent":"bone","scaleX":0.869,"scaleY":0.869},{"name":"yellow_star3","parent":"bone","scaleX":0.551,"scaleY":0.551},{"name":"yellow_star4","parent":"bone","scaleX":0.991,"scaleY":0.991},{"name":"yellow_star5","parent":"bone","scaleX":1.111,"scaleY":1.111},{"name":"yellow_star6","parent":"bone","scaleX":0.741,"scaleY":0.741},{"name":"yellow_star8","parent":"bone","scaleX":1.167,"scaleY":1.167},{"name":"yellow_star9","parent":"bone","scaleX":0.371,"scaleY":0.371},{"name":"yellow_star10","parent":"bone","scaleX":0.7,"scaleY":0.7},{"name":"yellow_star11","parent":"bone","scaleX":0.52,"scaleY":0.52},{"name":"yellow_star12","parent":"bone","scaleX":1.226,"scaleY":1.226},{"name":"yellow_star13","parent":"bone","scaleX":0.943,"scaleY":0.943}],"slots":[{"name":"light","bone":"light","attachment":"light"},{"name":"bitmap1","bone":"bitmap1","attachment":"bitmap1"},{"name":"bitmap2","bone":"bitmap2","attachment":"bitmap1"},{"name":"yellow_star2","bone":"yellow_star2","attachment":"yellow_star2"},{"name":"yellow_star3","bone":"yellow_star3","attachment":"yellow_star2"},{"name":"yellow_star4","bone":"yellow_star4","attachment":"yellow_star2"},{"name":"yellow_star5","bone":"yellow_star5","attachment":"yellow_star2"},{"name":"yellow_star6","bone":"yellow_star6","attachment":"yellow_star2"},{"name":"yellow_star8","bone":"yellow_star8","attachment":"yellow_star2"},{"name":"yellow_star9","bone":"yellow_star9","attachment":"yellow_star2"},{"name":"yellow_star10","bone":"yellow_star10","attachment":"yellow_star2"},{"name":"yellow_star11","bone":"yellow_star11","attachment":"yellow_star2"},{"name":"yellow_star12","bone":"yellow_star12","attachment":"yellow_star2"},{"name":"yellow_star13","bone":"yellow_star13","attachment":"yellow_star2"}],"skins":{"default":{"bitmap1":{"bitmap1":{"x":1.16,"y":-1.73,"width":161,"height":161}},"bitmap2":{"bitmap1":{"x":1.16,"y":-1.73,"width":161,"height":161}},"light":{"light":{"x":0.23,"y":-1.64,"width":152,"height":152}},"yellow_star10":{"yellow_star2":{"x":4.26,"y":-5.13,"width":114,"height":114}},"yellow_star11":{"yellow_star2":{"x":4.26,"y":-5.13,"width":114,"height":114}},"yellow_star12":{"yellow_star2":{"x":4.26,"y":-5.13,"width":114,"height":114}},"yellow_star13":{"yellow_star2":{"x":4.26,"y":-5.13,"width":114,"height":114}},"yellow_star2":{"yellow_star2":{"x":4.26,"y":-5.13,"width":114,"height":114}},"yellow_star3":{"yellow_star2":{"x":4.26,"y":-5.13,"width":114,"height":114}},"yellow_star4":{"yellow_star2":{"x":4.26,"y":-5.13,"width":114,"height":114}},"yellow_star5":{"yellow_star2":{"x":4.26,"y":-5.13,"width":114,"height":114}},"yellow_star6":{"yellow_star2":{"x":4.26,"y":-5.13,"width":114,"height":114}},"yellow_star8":{"yellow_star2":{"x":4.26,"y":-5.13,"width":114,"height":114}},"yellow_star9":{"yellow_star2":{"x":4.26,"y":-5.13,"width":114,"height":114}}}},"animations":{"end_light":{"slots":{"bitmap1":{"color":[{"time":0,"color":"ffffff00"},{"time":0.16,"color":"ffffffff","curve":"stepped"},{"time":0.6,"color":"ffffffff"},{"time":0.78,"color":"ffffff00","curve":"stepped"},{"time":0.8,"color":"ffffff00"},{"time":0.96,"color":"ffffffff","curve":"stepped"},{"time":1.4,"color":"ffffffff"},{"time":1.6,"color":"ffffff00"}]},"bitmap2":{"color":[{"time":0,"color":"ffffffff","curve":"stepped"},{"time":0.34,"color":"ffffffff"},{"time":0.52,"color":"ffffff00","curve":"stepped"},{"time":0.54,"color":"ffffff00"},{"time":0.7,"color":"ffffffff","curve":"stepped"},{"time":1.14,"color":"ffffffff"},{"time":1.34,"color":"ffffff00","curve":"stepped"},{"time":1.36,"color":"ffffff00"},{"time":1.52,"color":"ffffffff","curve":"stepped"},{"time":1.6,"color":"ffffffff"}]},"yellow_star2":{"color":[{"time":0,"color":"ffffffd4"},{"time":0.2,"color":"ffffff00","curve":"stepped"},{"time":0.22,"color":"ffffff00"},{"time":0.38,"color":"ffffffff","curve":"stepped"},{"time":0.76,"color":"ffffffff"},{"time":1.02,"color":"ffffff00","curve":"stepped"},{"time":1.04,"color":"ffffff00"},{"time":1.2,"color":"ffffffff","curve":"stepped"},{"time":1.38,"color":"ffffffff","curve":"stepped"},{"time":1.4,"color":"ffffffff","curve":"stepped"},{"time":1.58,"color":"ffffffff"},{"time":1.6,"color":"ffffffe9"}]},"yellow_star3":{"color":[{"time":0,"color":"ffffff00"},{"time":0.16,"color":"ffffffff","curve":"stepped"},{"time":0.5,"color":"ffffffff"},{"time":0.78,"color":"ffffff00","curve":"stepped"},{"time":0.8,"color":"ffffff00"},{"time":0.96,"color":"ffffffff","curve":"stepped"},{"time":1.3,"color":"ffffffff"},{"time":1.6,"color":"ffffff00"}]},"yellow_star4":{"color":[{"time":0,"color":"ffffff00"},{"time":0.16,"color":"ffffffff","curve":"stepped"},{"time":0.52,"color":"ffffffff"},{"time":0.78,"color":"ffffff00","curve":"stepped"},{"time":0.8,"color":"ffffff00"},{"time":0.96,"color":"ffffffff","curve":"stepped"},{"time":1.32,"color":"ffffffff"},{"time":1.6,"color":"ffffff00"}]},"yellow_star5":{"color":[{"time":0,"color":"ffffff00"},{"time":0.16,"color":"ffffffff","curve":"stepped"},{"time":0.5,"color":"ffffffff"},{"time":0.78,"color":"ffffff00","curve":"stepped"},{"time":0.8,"color":"ffffff00"},{"time":0.96,"color":"ffffffff","curve":"stepped"},{"time":1.3,"color":"ffffffff"},{"time":1.6,"color":"ffffff00"}]},"yellow_star6":{"color":[{"time":0,"color":"ffffff00"},{"time":0.16,"color":"ffffffff","curve":"stepped"},{"time":0.5,"color":"ffffffff"},{"time":0.78,"color":"ffffff00","curve":"stepped"},{"time":0.8,"color":"ffffff00"},{"time":0.96,"color":"ffffffff","curve":"stepped"},{"time":1.3,"color":"ffffffff"},{"time":1.6,"color":"ffffff00"}]},"yellow_star8":{"color":[{"time":0,"color":"ffffffec"},{"time":0.26,"color":"ffffff00","curve":"stepped"},{"time":0.28,"color":"ffffff00"},{"time":0.44,"color":"ffffffff","curve":"stepped"},{"time":0.78,"color":"ffffffff"},{"time":1.08,"color":"ffffff00","curve":"stepped"},{"time":1.1,"color":"ffffff00"},{"time":1.26,"color":"ffffffff","curve":"stepped"},{"time":1.6,"color":"ffffffff"}]},"yellow_star9":{"color":[{"time":0,"color":"ffffffff","curve":"stepped"},{"time":0.14,"color":"ffffffff"},{"time":0.44,"color":"ffffff00","curve":"stepped"},{"time":0.46,"color":"ffffff00"},{"time":0.6,"color":"ffffffff","curve":"stepped"},{"time":0.96,"color":"ffffffff"},{"time":1.24,"color":"ffffff00","curve":"stepped"},{"time":1.26,"color":"ffffff00"},{"time":1.4,"color":"ffffffff","curve":"stepped"},{"time":1.6,"color":"ffffffff"}]},"yellow_star10":{"color":[{"time":0,"color":"ffffffff","curve":"stepped"},{"time":0.16,"color":"ffffffff"},{"time":0.44,"color":"ffffff00","curve":"stepped"},{"time":0.46,"color":"ffffff00"},{"time":0.6,"color":"ffffffff","curve":"stepped"},{"time":0.96,"color":"ffffffff"},{"time":1.26,"color":"ffffff00","curve":"stepped"},{"time":1.28,"color":"ffffff00"},{"time":1.42,"color":"ffffffff","curve":"stepped"},{"time":1.6,"color":"ffffffff"}]},"yellow_star11":{"color":[{"time":0,"color":"ffffff6d"},{"time":0.12,"color":"ffffff00","curve":"stepped"},{"time":0.14,"color":"ffffff00"},{"time":0.3,"color":"ffffffff","curve":"stepped"},{"time":0.64,"color":"ffffffff"},{"time":0.94,"color":"ffffff00","curve":"stepped"},{"time":0.96,"color":"ffffff00"},{"time":1.12,"color":"ffffffff","curve":"stepped"},{"time":1.46,"color":"ffffffff"},{"time":1.6,"color":"ffffff7f"}]},"yellow_star12":{"color":[{"time":0,"color":"ffffffff","curve":"stepped"},{"time":0.1,"color":"ffffffff"},{"time":0.38,"color":"ffffff00","curve":"stepped"},{"time":0.4,"color":"ffffff00"},{"time":0.54,"color":"ffffffff","curve":"stepped"},{"time":0.9,"color":"ffffffff"},{"time":1.2,"color":"ffffff00","curve":"stepped"},{"time":1.22,"color":"ffffff00"},{"time":1.36,"color":"ffffffff","curve":"stepped"},{"time":1.6,"color":"ffffffff"}]},"yellow_star13":{"color":[{"time":0,"color":"ffffff91"},{"time":0.16,"color":"ffffff00","curve":"stepped"},{"time":0.18,"color":"ffffff00"},{"time":0.32,"color":"ffffffff","curve":"stepped"},{"time":0.68,"color":"ffffffff"},{"time":0.98,"color":"ffffff00","curve":"stepped"},{"time":1,"color":"ffffff00"},{"time":1.14,"color":"ffffffff","curve":"stepped"},{"time":1.5,"color":"ffffffff"},{"time":1.6,"color":"ffffffa3"}]}},"bones":{"root":{"rotate":[{"time":0,"angle":0,"curve":"stepped"},{"time":1.6,"angle":0}],"translate":[{"time":0,"x":0,"y":0,"curve":"stepped"},{"time":1.6,"x":0,"y":0}],"scale":[{"time":0,"x":1,"y":1,"curve":"stepped"},{"time":1.6,"x":1,"y":1}],"shear":[{"time":0,"x":0,"y":0,"curve":"stepped"},{"time":1.6,"x":0,"y":0}]},"light":{"rotate":[{"time":0,"angle":-178.5},{"time":0.8,"angle":0.15},{"time":0.82,"angle":5.43},{"time":1.6,"angle":-178.5}],"translate":[{"time":0,"x":0,"y":0,"curve":"stepped"},{"time":1.6,"x":0,"y":0}],"scale":[{"time":0,"x":1,"y":1,"curve":"stepped"},{"time":1.6,"x":1,"y":1}],"shear":[{"time":0,"x":0,"y":0,"curve":"stepped"},{"time":1.6,"x":0,"y":0}]},"bitmap1":{"rotate":[{"time":0,"angle":0,"curve":"stepped"},{"time":0.78,"angle":0,"curve":"stepped"},{"time":0.8,"angle":0,"curve":"stepped"},{"time":1.6,"angle":0}],"translate":[{"time":0,"x":0,"y":0,"curve":"stepped"},{"time":0.78,"x":0,"y":0,"curve":"stepped"},{"time":0.8,"x":0,"y":0,"curve":"stepped"},{"time":1.6,"x":0,"y":0}],"scale":[{"time":0,"x":0.25,"y":0.25},{"time":0.78,"x":2.5,"y":2.5},{"time":0.8,"x":0.25,"y":0.25},{"time":1.6,"x":2.5,"y":2.5}],"shear":[{"time":0,"x":0,"y":0,"curve":"stepped"},{"time":0.78,"x":0,"y":0,"curve":"stepped"},{"time":0.8,"x":0,"y":0,"curve":"stepped"},{"time":1.6,"x":0,"y":0}]},"yellow_star2":{"rotate":[{"time":0,"angle":-67.87},{"time":0.2,"angle":-91.27},{"time":0.22,"angle":0},{"time":1.02,"angle":-91.27},{"time":1.04,"angle":0},{"time":1.38,"angle":-39.79},{"time":1.4,"angle":-42.13},{"time":1.58,"angle":-63.19},{"time":1.6,"angle":-65.53}],"translate":[{"time":0,"x":0,"y":119.6},{"time":0.2,"x":0,"y":160.84},{"time":0.22,"x":0,"y":0},{"time":1.02,"x":0,"y":160.84},{"time":1.04,"x":0,"y":0},{"time":1.38,"x":0,"y":70.11},{"time":1.4,"x":0,"y":74.23},{"time":1.58,"x":0,"y":111.35},{"time":1.6,"x":0,"y":115.48}],"scale":[{"time":0,"x":1,"y":1,"curve":"stepped"},{"time":0.2,"x":1,"y":1,"curve":"stepped"},{"time":0.22,"x":1,"y":1,"curve":"stepped"},{"time":1.02,"x":1,"y":1,"curve":"stepped"},{"time":1.04,"x":1,"y":1,"curve":"stepped"},{"time":1.38,"x":1,"y":1,"curve":"stepped"},{"time":1.4,"x":1,"y":1,"curve":"stepped"},{"time":1.58,"x":1,"y":1,"curve":"stepped"},{"time":1.6,"x":1,"y":1}],"shear":[{"time":0,"x":0,"y":0,"curve":"stepped"},{"time":0.2,"x":0,"y":0,"curve":"stepped"},{"time":0.22,"x":0,"y":0,"curve":"stepped"},{"time":1.02,"x":0,"y":0,"curve":"stepped"},{"time":1.04,"x":0,"y":0,"curve":"stepped"},{"time":1.38,"x":0,"y":0,"curve":"stepped"},{"time":1.4,"x":0,"y":0,"curve":"stepped"},{"time":1.58,"x":0,"y":0,"curve":"stepped"},{"time":1.6,"x":0,"y":0}]},"bitmap2":{"rotate":[{"time":0,"angle":0,"curve":"stepped"},{"time":0.52,"angle":0,"curve":"stepped"},{"time":0.54,"angle":0,"curve":"stepped"},{"time":1.34,"angle":0,"curve":"stepped"},{"time":1.36,"angle":0,"curve":"stepped"},{"time":1.6,"angle":0}],"translate":[{"time":0,"x":0,"y":0,"curve":"stepped"},{"time":0.52,"x":0,"y":0,"curve":"stepped"},{"time":0.54,"x":0,"y":0,"curve":"stepped"},{"time":1.34,"x":0,"y":0,"curve":"stepped"},{"time":1.36,"x":0,"y":0,"curve":"stepped"},{"time":1.6,"x":0,"y":0}],"scale":[{"time":0,"x":1,"y":1},{"time":0.52,"x":2.5,"y":2.5},{"time":0.54,"x":0.25,"y":0.25},{"time":1.34,"x":2.5,"y":2.5},{"time":1.36,"x":0.25,"y":0.25},{"time":1.6,"x":0.942,"y":0.942}],"shear":[{"time":0,"x":0,"y":0,"curve":"stepped"},{"time":0.52,"x":0,"y":0,"curve":"stepped"},{"time":0.54,"x":0,"y":0,"curve":"stepped"},{"time":1.34,"x":0,"y":0,"curve":"stepped"},{"time":1.36,"x":0,"y":0,"curve":"stepped"},{"time":1.6,"x":0,"y":0}]},"yellow_star3":{"rotate":[{"time":0,"angle":0},{"time":0.78,"angle":140.81},{"time":0.8,"angle":0},{"time":1.6,"angle":140.81}],"translate":[{"time":0,"x":-30.86,"y":-31.69},{"time":0.78,"x":-175.32,"y":-135.75},{"time":0.8,"x":-30.86,"y":-31.69},{"time":1.6,"x":-175.32,"y":-135.75}],"scale":[{"time":0,"x":1,"y":1,"curve":"stepped"},{"time":0.78,"x":1,"y":1,"curve":"stepped"},{"time":0.8,"x":1,"y":1,"curve":"stepped"},{"time":1.6,"x":1,"y":1}],"shear":[{"time":0,"x":0,"y":0,"curve":"stepped"},{"time":0.78,"x":0,"y":0,"curve":"stepped"},{"time":0.8,"x":0,"y":0,"curve":"stepped"},{"time":1.6,"x":0,"y":0}]},"yellow_star4":{"rotate":[{"time":0,"angle":0},{"time":0.78,"angle":178.17},{"time":0.8,"angle":0},{"time":1.6,"angle":178.17}],"translate":[{"time":0,"x":66.1,"y":-60.42},{"time":0.78,"x":216.2,"y":-188.2},{"time":0.8,"x":66.1,"y":-60.42},{"time":1.6,"x":216.2,"y":-188.2}],"scale":[{"time":0,"x":1,"y":1,"curve":"stepped"},{"time":0.78,"x":1,"y":1,"curve":"stepped"},{"time":0.8,"x":1,"y":1,"curve":"stepped"},{"time":1.6,"x":1,"y":1}],"shear":[{"time":0,"x":0,"y":0,"curve":"stepped"},{"time":0.78,"x":0,"y":0,"curve":"stepped"},{"time":0.8,"x":0,"y":0,"curve":"stepped"},{"time":1.6,"x":0,"y":0}]},"yellow_star5":{"rotate":[{"time":0,"angle":0},{"time":0.78,"angle":-143.2},{"time":0.8,"angle":0},{"time":1.6,"angle":-143.2}],"translate":[{"time":0,"x":64.63,"y":27.42},{"time":0.78,"x":208.61,"y":162.98},{"time":0.8,"x":64.63,"y":27.42},{"time":1.6,"x":208.61,"y":162.98}],"scale":[{"time":0,"x":1,"y":1,"curve":"stepped"},{"time":0.78,"x":1,"y":1,"curve":"stepped"},{"time":0.8,"x":1,"y":1,"curve":"stepped"},{"time":1.6,"x":1,"y":1}],"shear":[{"time":0,"x":0,"y":0,"curve":"stepped"},{"time":0.78,"x":0,"y":0,"curve":"stepped"},{"time":0.8,"x":0,"y":0,"curve":"stepped"},{"time":1.6,"x":0,"y":0}]},"yellow_star6":{"rotate":[{"time":0,"angle":0},{"time":0.78,"angle":127.04},{"time":0.8,"angle":0},{"time":1.6,"angle":127.04}],"translate":[{"time":0,"x":3.23,"y":-6.87},{"time":0.78,"x":-193.72,"y":157.19},{"time":0.8,"x":-52.64,"y":42.96},{"time":1.6,"x":-193.72,"y":157.19}],"scale":[{"time":0,"x":1,"y":1,"curve":"stepped"},{"time":0.78,"x":1,"y":1,"curve":"stepped"},{"time":0.8,"x":1,"y":1,"curve":"stepped"},{"time":1.6,"x":1,"y":1}],"shear":[{"time":0,"x":0,"y":0,"curve":"stepped"},{"time":0.78,"x":0,"y":0,"curve":"stepped"},{"time":0.8,"x":0,"y":0,"curve":"stepped"},{"time":1.6,"x":0,"y":0}]},"yellow_star8":{"rotate":[{"time":0,"angle":-105.88},{"time":0.26,"angle":-158.82},{"time":0.28,"angle":0},{"time":1.08,"angle":-158.82},{"time":1.1,"angle":0},{"time":1.6,"angle":-101.81}],"translate":[{"time":0,"x":150.7,"y":-24.59},{"time":0.26,"x":207.01,"y":-24.59},{"time":0.28,"x":38.07,"y":-24.59},{"time":1.08,"x":207.01,"y":-24.59},{"time":1.1,"x":38.07,"y":-24.59},{"time":1.6,"x":146.36,"y":-24.59}],"scale":[{"time":0,"x":1,"y":1,"curve":"stepped"},{"time":0.26,"x":1,"y":1,"curve":"stepped"},{"time":0.28,"x":1,"y":1,"curve":"stepped"},{"time":1.08,"x":1,"y":1,"curve":"stepped"},{"time":1.1,"x":1,"y":1,"curve":"stepped"},{"time":1.6,"x":1,"y":1}],"shear":[{"time":0,"x":0,"y":0,"curve":"stepped"},{"time":0.26,"x":0,"y":0,"curve":"stepped"},{"time":0.28,"x":0,"y":0,"curve":"stepped"},{"time":1.08,"x":0,"y":0,"curve":"stepped"},{"time":1.1,"x":0,"y":0,"curve":"stepped"},{"time":1.6,"x":0,"y":0}]},"yellow_star9":{"rotate":[{"time":0,"angle":80.46},{"time":0.44,"angle":178.81},{"time":0.46,"angle":0},{"time":1.24,"angle":178.81},{"time":1.26,"angle":0},{"time":1.6,"angle":75.99}],"translate":[{"time":0,"x":-84.7,"y":171.3},{"time":0.44,"x":-120.96,"y":263.75},{"time":0.46,"x":-55.02,"y":95.66},{"time":1.24,"x":-120.96,"y":263.75},{"time":1.26,"x":-55.02,"y":95.66},{"time":1.6,"x":-83.05,"y":167.1}],"scale":[{"time":0,"x":1,"y":1,"curve":"stepped"},{"time":0.44,"x":1,"y":1,"curve":"stepped"},{"time":0.46,"x":1,"y":1,"curve":"stepped"},{"time":1.24,"x":1,"y":1,"curve":"stepped"},{"time":1.26,"x":1,"y":1,"curve":"stepped"},{"time":1.6,"x":1,"y":1}],"shear":[{"time":0,"x":0,"y":0,"curve":"stepped"},{"time":0.44,"x":0,"y":0,"curve":"stepped"},{"time":0.46,"x":0,"y":0,"curve":"stepped"},{"time":1.24,"x":0,"y":0,"curve":"stepped"},{"time":1.26,"x":0,"y":0,"curve":"stepped"},{"time":1.6,"x":0,"y":0}]},"yellow_star10":{"rotate":[{"time":0,"angle":-74.15},{"time":0.44,"angle":-170.1},{"time":0.46,"angle":0},{"time":1.26,"angle":-170.1},{"time":1.28,"angle":0},{"time":1.6,"angle":-69.79}],"translate":[{"time":0,"x":-166.28,"y":-0.83},{"time":0.44,"x":-275.59,"y":15.29},{"time":0.46,"x":-81.81,"y":-13.29},{"time":1.26,"x":-275.59,"y":15.29},{"time":1.28,"x":-81.81,"y":-13.29},{"time":1.6,"x":-161.31,"y":-1.56}],"scale":[{"time":0,"x":1,"y":1,"curve":"stepped"},{"time":0.44,"x":1,"y":1,"curve":"stepped"},{"time":0.46,"x":1,"y":1,"curve":"stepped"},{"time":1.26,"x":1,"y":1,"curve":"stepped"},{"time":1.28,"x":1,"y":1,"curve":"stepped"},{"time":1.6,"x":1,"y":1}],"shear":[{"time":0,"x":0,"y":0,"curve":"stepped"},{"time":0.44,"x":0,"y":0,"curve":"stepped"},{"time":0.46,"x":0,"y":0,"curve":"stepped"},{"time":1.26,"x":0,"y":0,"curve":"stepped"},{"time":1.28,"x":0,"y":0,"curve":"stepped"},{"time":1.6,"x":0,"y":0}]},"yellow_star11":{"rotate":[{"time":0,"angle":-139.05},{"time":0.12,"angle":-164.33},{"time":0.14,"angle":0},{"time":0.94,"angle":-164.33},{"time":0.96,"angle":0},{"time":1.6,"angle":-134.84}],"translate":[{"time":0,"x":110.08,"y":-228.79},{"time":0.12,"x":120.67,"y":-249.2},{"time":0.14,"x":51.84,"y":-116.56},{"time":0.94,"x":120.67,"y":-249.2},{"time":0.96,"x":51.84,"y":-116.56},{"time":1.6,"x":108.31,"y":-225.39}],"scale":[{"time":0,"x":1,"y":1,"curve":"stepped"},{"time":0.12,"x":1,"y":1,"curve":"stepped"},{"time":0.14,"x":1,"y":1,"curve":"stepped"},{"time":0.94,"x":1,"y":1,"curve":"stepped"},{"time":0.96,"x":1,"y":1,"curve":"stepped"},{"time":1.6,"x":1,"y":1}],"shear":[{"time":0,"x":0,"y":0,"curve":"stepped"},{"time":0.12,"x":0,"y":0,"curve":"stepped"},{"time":0.14,"x":0,"y":0,"curve":"stepped"},{"time":0.94,"x":0,"y":0,"curve":"stepped"},{"time":0.96,"x":0,"y":0,"curve":"stepped"},{"time":1.6,"x":0,"y":0}]},"yellow_star12":{"rotate":[{"time":0,"angle":-85.45},{"time":0.38,"angle":-166.63},{"time":0.4,"angle":0},{"time":1.2,"angle":-166.63},{"time":1.22,"angle":0},{"time":1.6,"angle":-81.18}],"translate":[{"time":0,"x":80.52,"y":126.26},{"time":0.38,"x":122.54,"y":212.89},{"time":0.4,"x":36.29,"y":35.07},{"time":1.2,"x":122.54,"y":212.89},{"time":1.22,"x":36.29,"y":35.07},{"time":1.6,"x":78.31,"y":121.7}],"scale":[{"time":0,"x":1,"y":1,"curve":"stepped"},{"time":0.38,"x":1,"y":1,"curve":"stepped"},{"time":0.4,"x":1,"y":1,"curve":"stepped"},{"time":1.2,"x":1,"y":1,"curve":"stepped"},{"time":1.22,"x":1,"y":1,"curve":"stepped"},{"time":1.6,"x":1,"y":1}],"shear":[{"time":0,"x":0,"y":0,"curve":"stepped"},{"time":0.38,"x":0,"y":0,"curve":"stepped"},{"time":0.4,"x":0,"y":0,"curve":"stepped"},{"time":1.2,"x":0,"y":0,"curve":"stepped"},{"time":1.22,"x":0,"y":0,"curve":"stepped"},{"time":1.6,"x":0,"y":0}]},"yellow_star13":{"rotate":[{"time":0,"angle":-72.96},{"time":0.16,"angle":-91.79},{"time":0.18,"angle":0},{"time":0.98,"angle":-91.79},{"time":1,"angle":0},{"time":1.6,"angle":-70.6}],"translate":[{"time":0,"x":-103.4,"y":-227.14},{"time":0.16,"x":-122.31,"y":-255.39},{"time":0.18,"x":-30.14,"y":-104.17},{"time":0.98,"x":-122.31,"y":-255.39},{"time":1,"x":-30.14,"y":-104.17},{"time":1.6,"x":-101.04,"y":-220.5}],"scale":[{"time":0,"x":1,"y":1,"curve":"stepped"},{"time":0.16,"x":1,"y":1,"curve":"stepped"},{"time":0.18,"x":1,"y":1,"curve":"stepped"},{"time":0.98,"x":1,"y":1,"curve":"stepped"},{"time":1,"x":1,"y":1,"curve":"stepped"},{"time":1.6,"x":1,"y":1}],"shear":[{"time":0,"x":0,"y":0,"curve":"stepped"},{"time":0.16,"x":0,"y":0,"curve":"stepped"},{"time":0.18,"x":0,"y":0,"curve":"stepped"},{"time":0.98,"x":0,"y":0,"curve":"stepped"},{"time":1,"x":0,"y":0,"curve":"stepped"},{"time":1.6,"x":0,"y":0}]}}}}},[0]]],0,0,[0],[-1],[0]]