[1,["89dVWlHYlH7rrtro9vGiGw"],0,[["sp.SkeletonData",["_name","_atlasText","textureNames","_skeletonJson","textures"],-1,3]],[[0,0,1,2,3,4,5]],[[0,"rocket","\nrocket.png\nsize: 203,203\nformat: RGBA8888\nfilter: Linear,Linear\nrepeat: none\nca2\n  rotate: false\n  xy: 2, 81\n  size: 120, 120\n  orig: 120, 120\n  offset: 0, 0\n  index: -1\nhuojian\n  rotate: true\n  xy: 2, 2\n  size: 77, 131\n  orig: 77, 131\n  offset: 0, 0\n  index: -1\n",["rocket.png"],{"skeleton":{"hash":"JljWcVtpXc0mtIaX7ZwpsBYC7So","spine":"3.6.53","width":77,"height":178.29,"fps":50,"images":""},"bones":[{"name":"root"},{"name":"bone","parent":"root","x":2.21,"y":24.18},{"name":"weiyan","parent":"root","rotation":180,"x":1.44,"y":-35.76,"scaleX":0.511,"scaleY":0.524}],"slots":[{"name":"bone","bone":"weiyan","attachment":"ca2"},{"name":"huojian","bone":"bone","attachment":"huojian"}],"skins":{"default":{"bone":{"ca2":{"y":40.78,"width":120,"height":120}},"huojian":{"huojian":{"width":77,"height":131}}}},"animations":{"rocket":{"bones":{"weiyan":{"rotate":[{"time":0,"angle":0,"curve":"stepped"},{"time":0.04,"angle":0,"curve":"stepped"},{"time":0.1,"angle":0}],"translate":[{"time":0,"x":0,"y":0,"curve":"stepped"},{"time":0.04,"x":0,"y":0,"curve":"stepped"},{"time":0.1,"x":0,"y":0}],"scale":[{"time":0,"x":0.89,"y":1},{"time":0.04,"x":1.114,"y":1.114},{"time":0.1,"x":0.89,"y":1}]}}}}},[0]]],0,0,[0],[-1],[0]]