[1,["00WJFIcehMj4XDuY7KuXYe"],0,[["sp.SkeletonData",["_name","_atlasText","textureNames","_skeletonJson","textures"],-1,3]],[[0,0,1,2,3,4,5]],[[0,"sparkle","\nsparkle.png\nsize: 294,294\nformat: RGBA8888\nfilter: Linear,Linear\nrepeat: none\naaa\n  rotate: false\n  xy: 142, 64\n  size: 119, 106\n  orig: 119, 106\n  offset: 0, 0\n  index: -1\ndian_01\n  rotate: false\n  xy: 2, 24\n  size: 128, 128\n  orig: 128, 128\n  offset: 0, 0\n  index: -1\nhuan03\n  rotate: false\n  xy: 2, 154\n  size: 138, 138\n  orig: 138, 138\n  offset: 0, 0\n  index: -1\nsuipian_01\n  rotate: false\n  xy: 132, 2\n  size: 60, 60\n  orig: 60, 60\n  offset: 0, 0\n  index: -1\nxing_03\n  rotate: false\n  xy: 142, 172\n  size: 120, 120\n  orig: 120, 120\n  offset: 0, 0\n  index: -1\n",["sparkle.png"],{"skeleton":{"hash":"nMqiy37t11sjZfCF+w8dztR+7Lc","spine":"3.6.53","width":105.64,"height":101.33,"fps":50,"images":""},"bones":[{"name":"root"},{"name":"bone","parent":"root","scaleX":0.723,"scaleY":0.723},{"name":"bone2","parent":"root","scaleX":0.65,"scaleY":0.65},{"name":"bone3","parent":"root","rotation":21.08,"x":3.25,"y":-4.22,"scaleX":0.678,"scaleY":0.678},{"name":"suipian","parent":"root","scaleX":0.723,"scaleY":0.723},{"name":"bone4","parent":"suipian"},{"name":"suipian2","parent":"root","rotation":134.95,"scaleX":0.546,"scaleY":0.546},{"name":"bone5","parent":"suipian2"},{"name":"suipian3","parent":"root","rotation":-127.86,"scaleX":0.723,"scaleY":0.723},{"name":"bone6","parent":"suipian3"},{"name":"suipian4","parent":"root","rotation":-59.75,"scaleX":0.52,"scaleY":0.52},{"name":"bone7","parent":"suipian4"},{"name":"suipian5","parent":"root","rotation":70.31,"scaleX":0.616,"scaleY":0.616},{"name":"bone8","parent":"suipian5"},{"name":"bone9","parent":"root"}],"slots":[{"name":"huan","bone":"bone","color":"ffffff00","attachment":"huan03","blend":"additive"},{"name":"xingxing03","bone":"bone2","color":"ffffff00","attachment":"xing_03","blend":"additive"},{"name":"dian_01","bone":"bone3","color":"ffffff00","attachment":"aaa","blend":"additive"},{"name":"suipian_01","bone":"bone4","color":"ffffff00","attachment":"suipian_01","blend":"additive"},{"name":"suipian_1","bone":"bone5","color":"ffffff00","attachment":"suipian_01","blend":"additive"},{"name":"suipian_4","bone":"bone8","color":"ffffff00","attachment":"suipian_01","blend":"additive"},{"name":"suipian_2","bone":"bone6","color":"ffffff00","attachment":"suipian_01","blend":"additive"},{"name":"suipian_3","bone":"bone7","color":"ffffff00","attachment":"suipian_01","blend":"additive"}],"skins":{"default":{"dian_01":{"aaa":{"x":3.15,"width":119,"height":106},"dian_01":{"x":3.15,"width":128,"height":128}},"huan":{"huan03":{"width":138,"height":138}},"suipian_01":{"suipian_01":{"width":60,"height":60}},"suipian_1":{"suipian_01":{"width":60,"height":60}},"suipian_2":{"suipian_01":{"width":60,"height":60}},"suipian_3":{"suipian_01":{"width":60,"height":60}},"suipian_4":{"suipian_01":{"width":60,"height":60}},"xingxing03":{"xing_03":{"width":120,"height":120}}}},"animations":{"sparkle":{"slots":{"dian_01":{"color":[{"time":0,"color":"ffffff00"},{"time":0.06,"color":"fffffff5"},{"time":0.2,"color":"ffffff00"}]},"huan":{"color":[{"time":0,"color":"ffffff00","curve":"stepped"},{"time":0.06,"color":"ffffff00"},{"time":0.08,"color":"fffffffe"},{"time":0.1,"color":"ffffffff","curve":"stepped"},{"time":0.16,"color":"ffffffff"},{"time":0.32,"color":"ffffff00"}]},"suipian_01":{"color":[{"time":0,"color":"ffffff00"},{"time":0.06,"color":"ffffffff","curve":"stepped"},{"time":0.16,"color":"ffffffff","curve":"stepped"},{"time":0.26,"color":"ffffffff"},{"time":0.4,"color":"ffffff00"}]},"suipian_1":{"color":[{"time":0,"color":"ffffff00"},{"time":0.06,"color":"ffffffff","curve":"stepped"},{"time":0.16,"color":"ffffffff","curve":"stepped"},{"time":0.26,"color":"ffffffff"},{"time":0.4,"color":"ffffff00"}]},"suipian_2":{"color":[{"time":0,"color":"ffffff00"},{"time":0.06,"color":"ffffffff","curve":"stepped"},{"time":0.16,"color":"ffffffff","curve":"stepped"},{"time":0.26,"color":"ffffffff"},{"time":0.4,"color":"ffffff00"}]},"suipian_3":{"color":[{"time":0,"color":"ffffff00"},{"time":0.06,"color":"ffffffff","curve":"stepped"},{"time":0.16,"color":"ffffffff","curve":"stepped"},{"time":0.26,"color":"ffffffff"},{"time":0.4,"color":"ffffff00"}]},"suipian_4":{"color":[{"time":0,"color":"ffffff00"},{"time":0.06,"color":"ffffffff","curve":"stepped"},{"time":0.16,"color":"ffffffff","curve":"stepped"},{"time":0.26,"color":"ffffffff"},{"time":0.4,"color":"ffffff00"}]},"xingxing03":{"color":[{"time":0,"color":"ffffff00","curve":"stepped"},{"time":0.06,"color":"ffffff00"},{"time":0.08,"color":"ffffffff"},{"time":0.16,"color":"ffffffe9"},{"time":0.26,"color":"ffffff00"}]}},"bones":{"bone":{"rotate":[{"time":0.06,"angle":0,"curve":"stepped"},{"time":0.32,"angle":0}],"translate":[{"time":0.06,"x":0,"y":0,"curve":"stepped"},{"time":0.32,"x":0,"y":0}],"scale":[{"time":0.06,"x":0.214,"y":0.214},{"time":0.12,"x":0.937,"y":0.937},{"time":0.32,"x":1.2,"y":1.2}],"shear":[{"time":0.06,"x":0,"y":0}]},"bone2":{"rotate":[{"time":0.06,"angle":0,"curve":"stepped"},{"time":0.26,"angle":0}],"translate":[{"time":0.06,"x":0,"y":0,"curve":"stepped"},{"time":0.26,"x":0,"y":0}],"scale":[{"time":0.06,"x":1,"y":1},{"time":0.12,"x":2.022,"y":2.022},{"time":0.26,"x":2.5,"y":2.5}],"shear":[{"time":0.06,"x":0,"y":0}]},"bone4":{"rotate":[{"time":0.06,"angle":0},{"time":0.4,"angle":66.49}],"translate":[{"time":0.06,"x":0,"y":0},{"time":0.22,"x":61.13,"y":0},{"time":0.4,"x":82.6,"y":0}],"scale":[{"time":0.06,"x":1,"y":1,"curve":"stepped"},{"time":0.26,"x":1,"y":1,"curve":"stepped"},{"time":0.4,"x":1,"y":1}]},"bone5":{"rotate":[{"time":0.06,"angle":0},{"time":0.4,"angle":-43.54}],"translate":[{"time":0.06,"x":0,"y":0},{"time":0.22,"x":50.4,"y":0},{"time":0.4,"x":82.6,"y":0}],"scale":[{"time":0.06,"x":1,"y":1,"curve":"stepped"},{"time":0.26,"x":1,"y":1,"curve":"stepped"},{"time":0.4,"x":1,"y":1}]},"bone6":{"rotate":[{"time":0.06,"angle":0},{"time":0.4,"angle":-46.5}],"translate":[{"time":0.06,"x":0,"y":0},{"time":0.22,"x":58.53,"y":0},{"time":0.4,"x":82.6,"y":0}],"scale":[{"time":0.06,"x":1,"y":1,"curve":"stepped"},{"time":0.26,"x":1,"y":1,"curve":"stepped"},{"time":0.4,"x":1,"y":1}]},"bone7":{"rotate":[{"time":0.06,"angle":0},{"time":0.4,"angle":66.49}],"translate":[{"time":0.06,"x":0,"y":0},{"time":0.22,"x":50.4,"y":0},{"time":0.4,"x":82.6,"y":0}],"scale":[{"time":0.06,"x":1,"y":1,"curve":"stepped"},{"time":0.26,"x":1,"y":1,"curve":"stepped"},{"time":0.4,"x":1,"y":1}]},"bone8":{"rotate":[{"time":0.06,"angle":0},{"time":0.4,"angle":-124.68}],"translate":[{"time":0.06,"x":0,"y":0},{"time":0.22,"x":50.4,"y":0},{"time":0.4,"x":82.6,"y":0}],"scale":[{"time":0.06,"x":1,"y":1,"curve":"stepped"},{"time":0.26,"x":1,"y":1,"curve":"stepped"},{"time":0.4,"x":1,"y":1}]},"suipian5":{"rotate":[{"time":0.06,"angle":0}],"translate":[{"time":0.06,"x":0,"y":0}],"scale":[{"time":0.06,"x":1,"y":1}],"shear":[{"time":0.06,"x":0,"y":0}]},"suipian4":{"rotate":[{"time":0.06,"angle":0}],"translate":[{"time":0.06,"x":0,"y":0}],"scale":[{"time":0.06,"x":1,"y":1}],"shear":[{"time":0.06,"x":0,"y":0}]},"suipian3":{"rotate":[{"time":0.06,"angle":0}],"translate":[{"time":0.06,"x":0,"y":0}],"scale":[{"time":0.06,"x":1,"y":1}],"shear":[{"time":0.06,"x":0,"y":0}]},"suipian2":{"rotate":[{"time":0.06,"angle":0}],"translate":[{"time":0.06,"x":0,"y":0}],"scale":[{"time":0.06,"x":1,"y":1}],"shear":[{"time":0.06,"x":0,"y":0}]},"suipian":{"rotate":[{"time":0.06,"angle":0}],"translate":[{"time":0.06,"x":0,"y":0}],"scale":[{"time":0.06,"x":1,"y":1}],"shear":[{"time":0.06,"x":0,"y":0}]},"bone3":{"rotate":[{"time":0,"angle":0,"curve":"stepped"},{"time":0.2,"angle":0}],"translate":[{"time":0,"x":0,"y":0,"curve":"stepped"},{"time":0.2,"x":0,"y":0}],"scale":[{"time":0,"x":1,"y":1},{"time":0.08,"x":1.203,"y":1.203},{"time":0.2,"x":1,"y":1}],"shear":[{"time":0,"x":0,"y":0}]}}}}},[0]]],0,0,[0],[-1],[0]]