[1,["8eOlfs9jJKy5mogtiplnby"],["_textureSetter"],["cc.SpriteFrame"],0,[[[{"name":"pkpoint1","rect":[951,108,7,7],"offset":[0,0],"originalSize":[7,7],"capInsets":[0,0,0,0]}],[0],0,[0],[0],[0]],[[{"name":"pk_win","rect":[955,252,63,43],"offset":[0,0],"originalSize":[63,43],"capInsets":[0,0,0,0]}],[0],0,[0],[0],[0]],[[{"name":"pkItemBg","rect":[2,2,659,188],"offset":[0,0],"originalSize":[659,188],"capInsets":[0,0,0,0]}],[0],0,[0],[0],[0]],[[{"name":"pklight2","rect":[2,690,143,135],"offset":[0,0],"originalSize":[143,135],"rotated":1,"capInsets":[0,0,0,0]}],[0],0,[0],[0],[0]],[[{"name":"icon_tv","rect":[2,907,55,50],"offset":[0,0],"originalSize":[55,50],"rotated":1,"capInsets":[0,0,0,0]}],[0],0,[0],[0],[0]],[[{"name":"icon_tz","rect":[2,964,52,52],"offset":[0,0],"originalSize":[52,52],"capInsets":[0,0,0,0]}],[0],0,[0],[0],[0]],[[{"name":"pklight1","rect":[965,2,248,57],"offset":[0,0],"originalSize":[248,57],"rotated":1,"capInsets":[0,0,0,0]}],[0],0,[0],[0],[0]]]]