[1,["4dALoQgJNAD6NpOLbUTPET"],["_textureSetter"],["cc.SpriteFrame"],0,[[[{"name":"voice_close","rect":[608,918,55,46],"offset":[0,0],"originalSize":[55,46],"rotated":1,"capInsets":[0,0,0,0]}],[0],0,[0],[0],[0]],[[{"name":"cup","rect":[869,872,59,58],"offset":[0,2],"originalSize":[63,62],"rotated":1,"capInsets":[0,0,0,0]}],[0],0,[0],[0],[0]],[[{"name":"btnbg2","rect":[438,721,123,127],"offset":[0,0],"originalSize":[123,127],"capInsets":[0,0,0,0]}],[0],0,[0],[0],[0]],[[{"name":"challengeBg","rect":[306,3,284,157],"offset":[0,0],"originalSize":[284,157],"capInsets":[0,0,0,0]}],[0],0,[0],[0],[0]],[[{"name":"notepad","rect":[897,674,99,97],"offset":[0,0],"originalSize":[99,97],"capInsets":[0,0,0,0]}],[0],0,[0],[0],[0]],[[{"name":"icon_3","rect":[565,830,84,89],"offset":[0,0],"originalSize":[84,89],"rotated":1,"capInsets":[0,0,0,0]}],[0],0,[0],[0],[0]],[[{"name":"musicbg","rect":[351,936,77,77],"offset":[0,0],"originalSize":[77,77],"capInsets":[0,0,0,0]}],[0],0,[0],[0],[0]],[[{"name":"gift","rect":[691,807,93,88],"offset":[0,0],"originalSize":[93,88],"capInsets":[0,0,0,0]}],[0],0,[0],[0],[0]],[[{"name":"voice_open","rect":[542,970,55,45],"offset":[0,0],"originalSize":[55,45],"capInsets":[0,0,0,0]}],[0],0,[0],[0],[0]],[[{"name":"puzzle","rect":[438,852,91,106],"offset":[0,0],"originalSize":[91,106],"rotated":1,"capInsets":[0,0,0,0]}],[0],0,[0],[0],[0]],[[{"name":"rank","rect":[869,935,55,58],"offset":[0,2],"originalSize":[59,62],"rotated":1,"capInsets":[0,0,0,0]}],[0],0,[0],[0],[0]],[[{"name":"box","rect":[3,956,62,62],"offset":[0,1],"originalSize":[66,66],"capInsets":[0,0,0,0]}],[0],0,[0],[0],[0]],[[{"name":"btnbg1","rect":[565,703,122,123],"offset":[0,0],"originalSize":[122,123],"capInsets":[0,0,0,0]}],[0],0,[0],[0],[0]]]]