[1,["ecpdLyjvZBwrvm+cedCcQy","8ebXJxpM9Ma4t2EdxXmt60","38qBRf1OZG0JR3OSaC/tyS","6d8LN2uA9L1JiNJhJoSIk0","1f+j0dDYFOnJrouRZTIdXY","b8Vg5UFd5BharbcqpOP2gQ","a2MjXRFdtLlYQ5ouAFv/+R","1frcsH42FACpXEa71qbxsM","dcemu7A9lBWr2F912PW2U8","b9DfqfK+ZLpp2Hp501iYON","84Zi1NO2VEgr/8YoaWI6oz","1ff3e3010","acWNzvKZpNmb2TN/Hwyvza","2fvzRpOM5DQY5zeJpln9Ra","c1QLZDyghA/bDfmF2HknO5","7a/uovk6RPeZCLYxFZs/Er","76eHj2+RpL9qdFAtjifEH3","4d9E2lFWdLo7aEvnj1HE41","eaMJ9X+KhGiJAB9Zbx7poJ","7dwKwru65OQqjc40PWyfQs","1f9Uu+twhBKJtpaksItHTW","3dsdVa4htAYoRItc3HAHnP","c3MAH9BaZB1pZ8Q8SQa8oe","33a8HyUZVLfqd3Klaopwi/","96Fb/7cI1J4Y3QHR0Ffkxe","b90A2WMLlLaKhdGgAlEUY+","53ODZtGaJNjKwromTvG0w6","41UaEWrehGraaTqQwpmHuO","0cLAMAW09HxJJHIulnFMrC","f2N9xtIBZIQIS9aPxRjsJd","4ecal4BFJCLr88W4rvpJ/P","45UVpL4L9OmrzlfV/lUNxl","4bur71qiRPkbKhqb+QQzL7","e5OaFcDb5PLq1+N+JB1Q2H","d1jiqWe9FLtoZrVWo+zCiK","182gOVtu5IRKuVBdTNgVKx","74O68wVcJF970GthU5GQMR","eeIcNiWyBMWb11RArZ55w6","12/P8hBHVLf5j04t29l1Jo","77jswb3otIrZGi3z17nn60","909zNDrJJB7LDOtOeMa64j","ffDpHHVcZAhqOfy25Fe4w7","ed0hW5J5ZKBar1gflskoHO"],["node","_spriteFrame","_N$file","_textureSetter","_parent","root","_N$background","_N$placeholderLabel","_N$textLabel","_soundIconSp","data","_fontSpriteAtlas","_btnSpriteUrl","_closeSpriteUrl","_openSpriteUrl"],[["cc.Node",["_name","_active","_prefab","_components","_contentSize","_parent","_trs","_children","_color","_anchorPoint"],1,4,9,5,1,7,2,5,5],["cc.Sprite",["_sizeMode","_type","_isTrimmedMode","node","_materials","_spriteFrame"],0,1,3,6],["cc.Label",["_N$verticalAlign","_string","_fontSize","_N$horizontalAlign","_N$overflow","_isSystemFontUsed","_lineHeight","_enableWrapText","node","_materials","_N$file"],-5,1,3,6],["cc.Node",["_name","_active","_parent","_components","_prefab","_contentSize","_anchorPoint","_trs","_color"],1,1,12,4,5,5,7,5],["cc.Button",["_N$transition","zoomScale","node"],1,1],"cc.SpriteFrame",["cc.PrefabInfo",["fileId","root"],2,1],["cc.LabelOutline",["_width","node","_color"],2,1,5],["cc.Widget",["alignMode","_alignFlags","_originalWidth","_originalHeight","_left","node"],-2,1],["cc.Prefab",["_name"],2],["cc.EditBox",["maxLength","_N$inputMode","node","_N$textLabel","_N$placeholderLabel","_N$background"],1,1,1,1,1],["b843axXZeZGULWgNuP8T98G",["_txtKey","node"],2,1],["8225d9PnTZOJbX7Y6ncL9e9",["node","_soundBtn","_soundIconSp","_btnSpriteUrl","_closeSpriteUrl","_openSpriteUrl"],3,1,1,1,6,6,6],["cc.BlockInputEvents",["node"],3,1],["c065aWrojlEdoYtWfgd7pju",["_text","_fontName","node","_txtNode","_stringSize","_fontSpriteAtlas"],1,1,1,8,6],["cc.LabelShadow",["node","_color","_offset"],3,1,5,5]],[[6,0,1,2],[1,3,4,5,1],[0,0,5,3,2,4,6,2],[0,0,5,7,3,2,4,6,2],[4,0,2,2],[1,0,3,4,5,2],[0,0,1,5,3,2,4,6,3],[1,1,3,4,5,2],[0,0,1,5,7,3,2,4,6,3],[0,0,5,3,2,4,9,6,2],[1,0,3,4,2],[2,1,2,5,3,0,8,9,10,6],[7,0,1,2,2],[0,0,5,3,2,4,2],[1,1,0,3,4,5,3],[0,0,5,3,2,8,4,6,2],[4,1,0,2,3],[11,0,1,2],[1,0,2,3,4,5,3],[8,0,1,4,2,3,5,6],[9,0,2],[0,0,7,2,2],[0,0,7,2,6,2],[0,0,7,3,2,4,6,2],[0,0,5,3,2,8,4,2],[0,0,1,5,3,2,4,3],[0,0,5,3,2,4,9,2],[0,0,1,5,3,2,8,4,6,3],[3,0,2,3,4,5,2],[3,0,1,2,3,4,5,6,7,3],[3,0,2,3,4,8,5,6,7,2],[6,1,1],[1,1,0,3,4,3],[4,2,1],[10,0,1,2,3,4,5,3],[2,1,5,3,0,4,8,9,10,6],[2,1,2,6,7,5,3,0,4,8,9,10,9],[2,1,2,3,0,8,9,5],[2,2,6,7,0,4,8,9,6],[2,1,2,6,7,0,4,8,9,7],[7,0,1,2],[12,0,1,2,3,4,5,1],[13,0,1],[14,0,1,2,3,4,5,3],[8,0,1,2,3,5,5],[15,0,1,2,1]],[[[{"name":"game_icon","rect":[3,758,122,127],"offset":[0,0],"originalSize":[122,127],"rotated":1,"capInsets":[0,0,0,0]}],[5],0,[0],[3],[11]],[[[20,"main_prefab"],[21,"main_prefab",[-2,-3,-4,-5,-6,-7,-8,-9,-10,-11,-12,-13,-14,-15,-16,-17,-18,-19,-20,-21,-22,-23,-24,-25,-26,-27,-28],[31,-1]],[8,"playWithFriendBtn",false,1,[-31,-32,-33,-34,-35,-36],[[14,1,2,-29,[73],74],[16,1.05,3,-30]],[0,"71vJMIql1AMqHR1yNjeQIZ",1],[5,488,190],[764.656,-413.264,0,0,0,0,1,1,1,0]],[22,"New Node",[-37,-38,-39,-40,-41,-42],[0,"67zlLMYwBNvK0NLrCRyqU5",1],[-49,0,0,0,0,0,1,1,1,1]],[3,"puzzle",1,[-45,-46,-47,-48,-49],[[5,0,-43,[55],56],[33,-44]],[0,"71V+NPt1BBx6ISIwqXx4O4",1],[5,332,386],[0,-6,0,0,0,0,1,1,1,1]],[8,"challengeBg",false,1,[-51,-52,-53,-54],[[18,2,false,-50,[85],86]],[0,"04X9FomO1HEa7vF/S9dbk3",1],[5,284,157],[218,-334,0,0,0,0,1,1,1,1]],[3,"mysticalbtn",1,[-57,-58],[[1,-55,[29],30],[4,3,-56]],[0,"d1OX78hBFNd6t56ds01P1h",1],[5,122,123],[-270,139,0,0,0,0,1,1,1,0]],[8,"puzzlebtn",false,1,[-61,-62],[[1,-59,[35],36],[4,3,-60]],[0,"82UmdsebZCupPuZd2njcMZ",1],[5,122,123],[-270,-105.765,0,0,0,0,1,1,1,0]],[3,"taskbtn",1,[-65,-66],[[1,-63,[43],44],[4,3,-64]],[0,"955Ut0n+BG0JYQEVejalVF",1],[5,122,123],[270,139,0,0,0,0,1,1,1,0]],[3,"daygiftbtn",1,[-69,-70],[[7,1,-67,[95],96],[4,3,-68]],[0,"e0IZiKrV1JNYHMVum2sDHM",1],[5,123,127],[216,-533,0,0,0,0,1,1,1,0]],[3,"cupbtn",1,[-73,-74],[[7,1,-71,[105],106],[4,3,-72]],[0,"ddT5aZ+ApEebHKDx0AZXd4",1],[5,123,127],[-213,-533,0,0,0,0,1,1,1,0]],[3,"gradebtn",1,[-77,-78],[[7,1,-75,[111],112],[4,3,-76]],[0,"b26HZqQA5GAKc4q/j4fo42",1],[5,122,123],[-271,-76,0,0,0,0,1,1,1,0]],[23,"New Node",[-81],[[1,-79,[119],120],[16,0.9,3,-80]],[0,"a3QuYFhIJI5JEPgnSoMXw0",1],[5,77,77],[0,0,0,0,0,0,1,1,1,0]],[3,"lvnum",1,[-86,-87,-88],[[34,8,6,-85,-84,-83,-82]],[0,"5arfr5lyBNQotp9ebzErY1",1],[5,160,40],[0,-387.653,0,0,0,0,1,1,1,1]],[3,"playbtn",1,[-91],[[14,1,0,-89,[61],62],[16,1.05,3,-90]],[0,"11szyoiSlBLJAzP/JTn0t4",1],[5,400,150],[0,-335.104,0,0,0,0,1,1,1,0]],[2,"txt",14,[[11,"PLAY",70,false,1,1,-92,[59],60],[12,3,-93,[4,4284449538]],[17,1004,-94]],[0,"dcX8K4kfZKVafFmCg9OKhq",1],[5,195,56.4],[0,10,0,0,0,0,1,1,1,1]],[2,"txt",2,[[11,"PLAY  WITH  FRIEND",36,false,1,1,-95,[63],64],[12,3,-96,[4,4278409678]],[17,1001,-97]],[0,"03AHwlludAeYvjOsAYViCl",1],[5,388.88,56.4],[0,-29,0,0,0,0,1,1,1,1]],[8,"continuebtn",false,1,[-100],[[14,1,0,-98,[89],90],[4,3,-99]],[0,"f5AU5nQP1KIrckTFbHdOeT",1],[5,392,137],[0,-280,0,0,0,0,1,1,1,0]],[2,"txt",17,[[11,"CONTINUE",50,false,1,1,-101,[87],88],[12,3,-102,[4,4279737429]],[17,1005,-103]],[0,"f0KXGuTdVMG6pA2Fa/Aqjw",1],[5,283.1,56.4],[0,8,0,0,0,0,1,1,1,1]],[8,"rankbtn",false,1,[-106],[[7,1,-104,[99],100],[4,3,-105]],[0,"179fTFiKhKu4otHd4xH0wj",1],[5,123,127],[635.545,-554.985,0,0,0,0,1,1,1,0]],[8,"strongbtn",false,1,[-109],[[7,1,-107,[115],116],[4,3,-108]],[0,"eaVoXtrQFHUqEtb2TOWuXU",1],[5,123,127],[82,-500,0,0,0,0,1,1,1,1]],[3,"musicbtn",1,[12],[[4,3,-110],[41,-112,12,-111,121,122,123]],[0,"1cXnSYt3BKmqti9i0UZP4M",1],[5,77,77],[-288.108,585.09,0,0,0,0,1,1,1,0]],[3,"gamebtn",1,[-115],[[7,1,-113,[133],134],[4,3,-114]],[0,"8anOsbScFMvp5ZQXyH2H6O",1],[5,122,127],[274,-78,0,0,0,0,1,1,1,0]],[13,"bg1",1,[[5,0,-116,[0],1],[42,-117]],[0,"e4UPZ202RLiKnRwmn1M/GL",1],[5,920,1480]],[3,"gemword",1,[3],[[43,"135469","fnttype3",-118,3,[5,98,0],20]],[0,"49LlmGoPJH+I5miigUjDHP",1],[5,80.01,39.16],[236.188,587,0,0,0,0,1,1,1,1]],[2,"addgembtn",1,[[1,-119,[21],22],[4,3,-120]],[0,"afLRO1p7pHEI7Mn5A73smI",1],[5,53,53],[315.217,582.858,0,0,0,0,1,1,1,0]],[15,"mysticaltime",1,[[11,"23:23:23",24,false,1,1,-121,[37],38],[12,2,-122,[4,4279319410]]],[0,"b03PWQYJtE0IvFT5dyx0Qn",1],[4,4294965733],[5,115.84,54.4],[-270,75,0,0,0,0,1,1,1,1]],[15,"tasktime",1,[[11,"23:23:23",24,false,1,1,-123,[45],46],[12,2,-124,[4,4279319410]]],[0,"dcuT2fhslJVa//PaSyXQVK",1],[4,4294965733],[5,115.84,54.4],[270,75,0,0,0,0,1,1,1,1]],[15,"title",4,[[35,"LEVEL  1000",false,1,1,2,-125,[49],50],[40,2,-126]],[0,"2c9bjnxIJEC4D4KSLJHGug",1],[4,4278291199],[5,180,50.4],[0,195,0,0,0,0,1,1,1,1]],[3,"icon_me",5,[-128],[[10,0,-127,[77]]],[0,"8cOod8Ru1JJpyTiNMADImo",1],[5,63,63],[-63,-10,0,0,0,0,1,1,1,1]],[3,"icon_other",5,[-130],[[10,0,-129,[80]]],[0,"c3Rl/swJtM3KAWlrucZF5U",1],[5,63,63],[91,-10,0,0,0,0,1,1,1,1]],[2,"New Node",12,[[1,-131,[117],118]],[0,"ca/leixWJIQr74KeHxywdK",1],[5,55,45],[0,-6,0,0,0,0,1,1,1,1]],[28,"BACKGROUND_SPRITE",13,[[-132,[44,0,45,160,40,-133]],1,4],[0,"5bdnyTS21FRqzfyhmUwZDw",1],[5,160,40]],[29,"TEXT_LABEL",false,13,[[-134,[19,0,45,2,158,40,-135]],1,4],[0,"1cGv7O84BHbqsmMfgqlMzD",1],[5,158,40],[0,0,1],[-78,20,0,0,0,0,1,1,1,1]],[30,"PLACEHOLDER_LABEL",13,[[-136,[19,0,45,2,158,40,-137]],1,4],[0,"ddM/SZn+FDS7AmJcF+l3p6",1],[4,4290493371],[5,158,40],[0,0,1],[-78,20,0,0,0,0,1,1,1,1]],[3,"bestscorebg",1,[-139],[[14,1,0,-138,[129],130]],[0,"aeMLQNkFdBG7RCRGdrvxc4",1],[5,319,56],[-63.989,584.09,0,0,0,0,1,1,1,1]],[24,"txt",35,[[36,"BEST SCORE:1000",24,34,false,false,1,1,2,-140,[127],128],[45,-141,[4,2986344448],[0,-2,-2]]],[0,"6cNyEiO+dPdZ3rGfoQaFO7",1],[4,4294178026],[5,290,47.84]],[25,"New Sprite(Splash)",false,1,[[5,0,-142,[2],3]],[0,"04q0PEErFHj4v5YGMyJhBB",1],[5,720,1280]],[2,"gembg",1,[[1,-143,[4],5]],[0,"a0z/VpGb5Ae4Uh3DR/b5Yg",1],[5,197,46],[236.188,583.09,0,0,0,0,1,1,1,1]],[2,"gemimg",1,[[1,-144,[6],7]],[0,"10JXE69HRIv5AcAcpcBXiU",1],[5,61,51],[149.512,585.803,0,0,0,0,1,1,1,1]],[26,"New Node",3,[[1,-145,[8],9]],[0,"3dEjmQLlFBZbYJqv2fqwNX",1],[5,10,20],[0,0,0.5]],[9,"New Node",3,[[1,-146,[10],11]],[0,"ec61Je6jtOcJhztiLdZ/GO",1],[5,17,20],[0,0,0.5],[10,0,0,0,0,0,1,1,1,1]],[9,"New Node",3,[[1,-147,[12],13]],[0,"f2QOAVrpZDeLbr7OALPSsZ",1],[5,18,20],[0,0,0.5],[27,0,0,0,0,0,1,1,1,1]],[9,"New Node",3,[[1,-148,[14],15]],[0,"76Ia3wgZhGD6YUyFt8uE7i",1],[5,19,20],[0,0,0.5],[45,0,0,0,0,0,1,1,1,1]],[9,"New Node",3,[[1,-149,[16],17]],[0,"d5OYM0GIRPXZyBJO7PUc+C",1],[5,17,20],[0,0,0.5],[64,0,0,0,0,0,1,1,1,1]],[9,"New Node",3,[[1,-150,[18],19]],[0,"26zoNDmKFDwLb+G8qFIWx6",1],[5,17,20],[0,0,0.5],[81,0,0,0,0,0,1,1,1,1]],[2,"logo",1,[[18,2,false,-151,[23],24]],[0,"80ZklG7pRE6polfo6bSZNP",1],[5,584,368],[-9,381,0,0,0,0,1,1,1,1]],[2,"img",6,[[1,-152,[25],26]],[0,"80rRpvuTpHu7SsDhIbQY0Y",1],[5,93,88],[0,5,0,0,0,0,1,1,1,1]],[2,"push",6,[[1,-153,[27],28]],[0,"b7hW4sAEVJJqSoQRN/BQfX",1],[5,22,24],[40.827,51.063,0,0,0,0,1,1,1,1]],[2,"img",7,[[1,-154,[31],32]],[0,"e4V063SdZIG7K/NtuxDmSJ",1],[5,91,106],[0,5,0,0,0,0,1,1,1,1]],[6,"push",false,7,[[1,-155,[33],34]],[0,"6fkflPDpROkqMa4He54mt7",1],[5,22,24],[40.827,51.063,0,0,0,0,1,1,1,1]],[13,"img",8,[[1,-156,[39],40]],[0,"b5Hp9xbAdE0qfvE0mN9RxV",1],[5,99,97]],[6,"push",false,8,[[1,-157,[41],42]],[0,"ffXtR1i1NFooP0LWALLp4p",1],[5,22,24],[42.827,51.063,0,0,0,0,1,1,1,1]],[2,"titlebg",4,[[1,-158,[47],48]],[0,"09URNpmdhNYIwaraWQ0uup",1],[5,284,75],[0,186.024,0,0,0,0,1,1.1,1,1]],[27,"level",false,4,[[37,"LEVEL 1",30,1,1,-159,[51]]],[0,"02rFXSW6dEJoBg3+G08kr6",1],[4,4278190080],[5,118.42,50.4],[0,117.582,0,0,0,0,1,1,1,1]],[2,"content",4,[[5,0,-160,[52],53]],[0,"309dlCX6FJ6o0rQ9h9Xsal",1],[5,240,280],[0,5,0,0,0,0,1,1,1,1]],[2,"img",4,[[10,0,-161,[54]]],[0,"83xut/IipK0qizt5LSmLY8",1],[5,250,140],[0,-23.17,0,0,0,0,1,1,1,1]],[6,"playBtnBg",false,1,[[7,1,-162,[57],58]],[0,"14+6qaSoxMWLUl8CL1FcRF",1],[5,399,175],[0,-490.132,0,0,0,0,1,1,1,1]],[2,"pk",2,[[5,2,-163,[65],66]],[0,"6eeLhrvJpILK2qZah/ddQH",1],[5,85,51],[0,31,0,0,0,0,1,1,1,1]],[2,"icon_me",2,[[10,0,-164,[67]]],[0,"bdueE1bS1MCKFApXNl6XHe",1],[5,81,81],[-99,35,0,0,0,0,1,1,1,1]],[2,"pk_head_me",2,[[5,0,-165,[68],69]],[0,"b2h8qPQUlAnKp1Z1qTP/p4",1],[5,85,85],[-99,35,0,0,0,0,1,1,1,1]],[2,"icon_other",2,[[10,0,-166,[70]]],[0,"5eAegxgNRMcpl+iWTieoAM",1],[5,81,81],[98,35,0,0,0,0,1,1,1,1]],[2,"pk_head_other",2,[[5,0,-167,[71],72]],[0,"e0f2GeAINDB6q3/AvB+xKv",1],[5,85,85],[98,35,0,0,0,0,1,1,1,1]],[13,"pk_head_me",29,[[1,-168,[75],76]],[0,"95Teu0P0FPK4jMZ1B4i5rJ",1],[5,66,67]],[13,"pk_head_other",30,[[1,-169,[78],79]],[0,"03lf6mwoFNuokQtgGLApoD",1],[5,66,67]],[2,"pk",5,[[5,2,-170,[81],82]],[0,"2eoWsLa7lFBZTLyjpNHpFe",1],[5,85,51],[14,-13,0,0,0,0,1,0.8,0.8,1]],[2,"Newchallenges",5,[[1,-171,[83],84]],[0,"64zZ5SEf5CpLh8+WtlXVqz",1],[5,259,30],[12,38,0,0,0,0,1,1,1,1]],[2,"img",9,[[1,-172,[91],92]],[0,"5eSbVqAShL2ZaiKzGkz+YT",1],[5,62,62],[0,3,0,0,0,0,1,1,1,1]],[6,"push",false,9,[[1,-173,[93],94]],[0,"6bNfOEeaxDVZx4D34fbktC",1],[5,22,24],[42,50,0,0,0,0,1,1,1,1]],[2,"img",19,[[1,-174,[97],98]],[0,"a54aSu0IpJFZWtniaVT7TN",1],[5,55,58],[2,3,0,0,0,0,1,1,1,1]],[2,"img",10,[[1,-175,[101],102]],[0,"ebuQUXSnBHtpU2ooU5sfDE",1],[5,59,58],[0,2,0,0,0,0,1,1,1,1]],[6,"push",false,10,[[1,-176,[103],104]],[0,"defMkQi+9KZasC0H8O43IK",1],[5,22,24],[42,50,0,0,0,0,1,1,1,1]],[2,"img",11,[[5,0,-177,[107],108]],[0,"4b6Nw/EQRL8IZRH1eA9LTC",1],[5,93,94],[1,5,0,0,0,0,1,1,1,1]],[6,"push",false,11,[[1,-178,[109],110]],[0,"dcHQMpjeBOZJf9MxHjebyj",1],[5,22,24],[37.874,48.35,0,0,0,0,1,1,1,1]],[6,"push",false,20,[[1,-179,[113],114]],[0,"4bxFgSl5lHJbd+ILoGNrGs",1],[5,22,24],[42,50,0,0,0,0,1,1,1,1]],[32,1,0,32,[124]],[38,20,25,false,1,1,33,[125]],[39,"Enter text here...",20,25,false,1,1,34,[126]],[6,"push",false,22,[[1,-180,[131],132]],[0,"e2GElDrTFFjKT5/H82MTVG",1],[5,22,24],[37.874,48.35,0,0,0,0,1,1,1,1]]],0,[0,5,1,0,-1,23,0,-2,37,0,-3,38,0,-4,39,0,-5,24,0,-6,25,0,-7,46,0,-8,6,0,-9,7,0,-10,26,0,-11,8,0,-12,27,0,-13,4,0,-14,57,0,-15,14,0,-16,2,0,-17,5,0,-18,17,0,-19,9,0,-20,19,0,-21,10,0,-22,11,0,-23,20,0,-24,21,0,-25,13,0,-26,35,0,-27,22,0,0,2,0,0,2,0,-1,16,0,-2,58,0,-3,59,0,-4,60,0,-5,61,0,-6,62,0,-1,40,0,-2,41,0,-3,42,0,-4,43,0,-5,44,0,-6,45,0,0,4,0,0,4,0,-1,53,0,-2,28,0,-3,54,0,-4,55,0,-5,56,0,0,5,0,-1,29,0,-2,30,0,-3,65,0,-4,66,0,0,6,0,0,6,0,-1,47,0,-2,48,0,0,7,0,0,7,0,-1,49,0,-2,50,0,0,8,0,0,8,0,-1,51,0,-2,52,0,0,9,0,0,9,0,-1,67,0,-2,68,0,0,10,0,0,10,0,-1,70,0,-2,71,0,0,11,0,0,11,0,-1,72,0,-2,73,0,0,12,0,0,12,0,-1,31,0,6,75,0,7,77,0,8,76,0,0,13,0,-1,32,0,-2,33,0,-3,34,0,0,14,0,0,14,0,-1,15,0,0,15,0,0,15,0,0,15,0,0,16,0,0,16,0,0,16,0,0,17,0,0,17,0,-1,18,0,0,18,0,0,18,0,0,18,0,0,19,0,0,19,0,-1,69,0,0,20,0,0,20,0,-1,74,0,0,21,0,9,31,0,0,21,0,0,22,0,0,22,0,-1,78,0,0,23,0,0,23,0,0,24,0,0,25,0,0,25,0,0,26,0,0,26,0,0,27,0,0,27,0,0,28,0,0,28,0,0,29,0,-1,63,0,0,30,0,-1,64,0,0,31,0,-1,75,0,0,32,0,-1,76,0,0,33,0,-1,77,0,0,34,0,0,35,0,-1,36,0,0,36,0,0,36,0,0,37,0,0,38,0,0,39,0,0,40,0,0,41,0,0,42,0,0,43,0,0,44,0,0,45,0,0,46,0,0,47,0,0,48,0,0,49,0,0,50,0,0,51,0,0,52,0,0,53,0,0,54,0,0,55,0,0,56,0,0,57,0,0,58,0,0,59,0,0,60,0,0,61,0,0,62,0,0,63,0,0,64,0,0,65,0,0,66,0,0,67,0,0,68,0,0,69,0,0,70,0,0,71,0,0,72,0,0,73,0,0,74,0,0,78,0,10,1,3,4,24,12,4,21,180],[0,0,0,0,0,0,0,0,0,0,0,0,0,0,0,0,0,0,0,0,0,0,0,0,0,0,0,0,0,0,0,0,0,0,0,0,0,0,0,0,0,0,0,0,0,0,0,0,0,0,0,0,0,0,0,0,0,0,0,0,0,0,0,0,0,0,0,0,0,0,0,0,0,0,0,0,0,0,0,0,0,0,0,0,0,0,0,0,0,0,0,0,0,0,0,0,0,0,0,0,0,0,0,0,0,0,0,0,0,0,0,0,0,0,0,0,0,0,0,0,0,0,0,0,0,0,0,0,0,0,0,0,0,0,0,75],[-1,1,-1,1,-1,1,-1,1,-1,1,-1,1,-1,1,-1,1,-1,1,-1,1,11,-1,1,-1,1,-1,1,-1,1,-1,1,-1,1,-1,1,-1,1,-1,2,-1,1,-1,1,-1,1,-1,2,-1,1,-1,2,-1,-1,1,-1,-1,1,-1,1,-1,2,-1,1,-1,2,-1,1,-1,-1,1,-1,-1,1,-1,1,-1,1,-1,-1,1,-1,-1,1,-1,1,-1,1,-1,2,-1,1,-1,1,-1,1,-1,1,-1,1,-1,1,-1,1,-1,1,-1,1,-1,1,-1,1,-1,1,-1,1,-1,1,-1,1,-1,1,12,13,14,-1,-1,-1,-1,2,-1,1,-1,1,-1,1,1],[0,12,0,6,0,13,0,14,0,15,0,16,0,17,0,18,0,19,0,20,21,0,22,0,23,0,24,0,1,0,5,0,25,0,1,0,5,0,2,0,26,0,1,0,5,0,2,0,27,0,2,0,0,6,0,0,28,0,29,0,2,0,7,0,2,0,8,0,0,3,0,0,3,0,30,0,3,0,0,3,0,0,8,0,31,0,32,0,2,0,7,0,33,0,1,0,4,0,34,0,4,0,35,0,1,0,4,0,36,0,1,0,37,0,1,0,4,0,9,0,10,10,38,9,0,0,0,0,2,0,39,0,1,0,40,41]],[[{"name":"default_editbox_bg","rect":[0,0,40,40],"offset":[0,0],"originalSize":[40,40],"capInsets":[12,12,12,12]}],[5],0,[0],[3],[42]]]]