[1,["237Xq0mC1GG6ZK39G2Boo/"],0,[["sp.SkeletonData",["_name","_atlasText","textureNames","_skeletonJson","textures"],-1,3]],[[0,0,1,2,3,4,5]],[[0,"select","\nselect.png\nsize: 642,642\nformat: RGBA8888\nfilter: Linear,Linear\nrepeat: none\nxzts0001\n  rotate: false\n  xy: 2, 386\n  size: 126, 126\n  orig: 126, 126\n  offset: 0, 0\n  index: -1\nxzts0002\n  rotate: false\n  xy: 130, 514\n  size: 126, 126\n  orig: 126, 126\n  offset: 0, 0\n  index: -1\nxzts0003\n  rotate: false\n  xy: 2, 258\n  size: 126, 126\n  orig: 126, 126\n  offset: 0, 0\n  index: -1\nxzts0004\n  rotate: false\n  xy: 130, 386\n  size: 126, 126\n  orig: 126, 126\n  offset: 0, 0\n  index: -1\nxzts0005\n  rotate: false\n  xy: 258, 514\n  size: 126, 126\n  orig: 126, 126\n  offset: 0, 0\n  index: -1\nxzts0006\n  rotate: false\n  xy: 2, 130\n  size: 126, 126\n  orig: 126, 126\n  offset: 0, 0\n  index: -1\nxzts0007\n  rotate: false\n  xy: 130, 258\n  size: 126, 126\n  orig: 126, 126\n  offset: 0, 0\n  index: -1\nxzts0008\n  rotate: false\n  xy: 258, 386\n  size: 126, 126\n  orig: 126, 126\n  offset: 0, 0\n  index: -1\nxzts0009\n  rotate: false\n  xy: 386, 514\n  size: 126, 126\n  orig: 126, 126\n  offset: 0, 0\n  index: -1\nxzts0010\n  rotate: false\n  xy: 2, 2\n  size: 126, 126\n  orig: 126, 126\n  offset: 0, 0\n  index: -1\nxzts0011\n  rotate: false\n  xy: 130, 130\n  size: 126, 126\n  orig: 126, 126\n  offset: 0, 0\n  index: -1\nxzts0012\n  rotate: false\n  xy: 258, 258\n  size: 126, 126\n  orig: 126, 126\n  offset: 0, 0\n  index: -1\nxzts0013\n  rotate: false\n  xy: 386, 386\n  size: 126, 126\n  orig: 126, 126\n  offset: 0, 0\n  index: -1\nxzts0014\n  rotate: false\n  xy: 514, 514\n  size: 126, 126\n  orig: 126, 126\n  offset: 0, 0\n  index: -1\nxzts0015\n  rotate: false\n  xy: 130, 2\n  size: 126, 126\n  orig: 126, 126\n  offset: 0, 0\n  index: -1\nxzts0016\n  rotate: false\n  xy: 258, 130\n  size: 126, 126\n  orig: 126, 126\n  offset: 0, 0\n  index: -1\nxzts0017\n  rotate: false\n  xy: 386, 258\n  size: 126, 126\n  orig: 126, 126\n  offset: 0, 0\n  index: -1\nxzts0018\n  rotate: false\n  xy: 514, 386\n  size: 126, 126\n  orig: 126, 126\n  offset: 0, 0\n  index: -1\nxzts0019\n  rotate: false\n  xy: 258, 2\n  size: 126, 126\n  orig: 126, 126\n  offset: 0, 0\n  index: -1\nxzts0020\n  rotate: false\n  xy: 386, 130\n  size: 126, 126\n  orig: 126, 126\n  offset: 0, 0\n  index: -1\nxzts0021\n  rotate: false\n  xy: 2, 514\n  size: 126, 126\n  orig: 126, 126\n  offset: 0, 0\n  index: -1\n",["select.png"],{"skeleton":{"hash":"l5Ke1+NXiqXGTF3zydPEye1FFJc","spine":"3.6.53","width":126,"height":126,"fps":50,"images":""},"bones":[{"name":"root"}],"slots":[{"name":"xzts0001","bone":"root","color":"ffffff00","attachment":"xzts0001","blend":"additive"}],"skins":{"default":{"xzts0001":{"xzts0001":{"width":126,"height":126},"xzts0002":{"width":126,"height":126},"xzts0003":{"width":126,"height":126},"xzts0004":{"width":126,"height":126},"xzts0005":{"width":126,"height":126},"xzts0006":{"width":126,"height":126},"xzts0007":{"width":126,"height":126},"xzts0008":{"width":126,"height":126},"xzts0009":{"width":126,"height":126},"xzts0010":{"width":126,"height":126},"xzts0011":{"width":126,"height":126},"xzts0012":{"width":126,"height":126},"xzts0013":{"width":126,"height":126},"xzts0014":{"width":126,"height":126},"xzts0015":{"width":126,"height":126},"xzts0016":{"width":126,"height":126},"xzts0017":{"width":126,"height":126},"xzts0018":{"width":126,"height":126},"xzts0019":{"width":126,"height":126},"xzts0020":{"width":126,"height":126},"xzts0021":{"width":126,"height":126}}}},"animations":{"select":{"slots":{"xzts0001":{"color":[{"time":0,"color":"ffffffff","curve":"stepped"},{"time":0.4,"color":"ffffffff"}],"attachment":[{"time":0,"name":"xzts0001"},{"time":0.02,"name":"xzts0002"},{"time":0.04,"name":"xzts0003"},{"time":0.06,"name":"xzts0004"},{"time":0.08,"name":"xzts0005"},{"time":0.1,"name":"xzts0006"},{"time":0.12,"name":"xzts0007"},{"time":0.14,"name":"xzts0008"},{"time":0.16,"name":"xzts0009"},{"time":0.18,"name":"xzts0010"},{"time":0.2,"name":"xzts0011"},{"time":0.22,"name":"xzts0012"},{"time":0.24,"name":"xzts0013"},{"time":0.26,"name":"xzts0014"},{"time":0.28,"name":"xzts0015"},{"time":0.3,"name":"xzts0016"},{"time":0.32,"name":"xzts0017"},{"time":0.34,"name":"xzts0018"},{"time":0.36,"name":"xzts0019"},{"time":0.38,"name":"xzts0020"},{"time":0.4,"name":"xzts0021"}]}}}}},[0]]],0,0,[0],[-1],[0]]