[1,["e44AfCY81JPJ62hxKFvNtR"],0,[["sp.SkeletonData",["_name","_atlasText","textureNames","_skeletonJson","textures"],-1,3]],[[0,0,1,2,3,4,5]],[[0,"sight","\nsight.png\nsize: 104,104\nformat: RGBA8888\nfilter: Linear,Linear\nrepeat: none\nc28\n  rotate: false\n  xy: 2, 2\n  size: 100, 100\n  orig: 100, 100\n  offset: 0, 0\n  index: -1\n",["sight.png"],{"skeleton":{"hash":"5nfzT7UGJbcg4MofkVNp9cW83t8","spine":"3.6.53","width":100,"height":100,"fps":50,"images":""},"bones":[{"name":"root"},{"name":"bone","parent":"root"}],"slots":[{"name":"c28","bone":"bone","attachment":"c28"}],"skins":{"default":{"c28":{"c28":{"width":100,"height":100}}}},"animations":{"sight":{"bones":{"bone":{"rotate":[{"time":0,"angle":0,"curve":"stepped"},{"time":0.1,"angle":0,"curve":"stepped"},{"time":0.2,"angle":0}],"translate":[{"time":0,"x":0,"y":0,"curve":"stepped"},{"time":0.1,"x":0,"y":0,"curve":"stepped"},{"time":0.2,"x":0,"y":0}],"scale":[{"time":0,"x":1,"y":1},{"time":0.1,"x":0.803,"y":0.803},{"time":0.2,"x":1,"y":1}]}}}}},[0]]],0,0,[0],[-1],[0]]