[1,["7cEJ0ox05PXpuWJtoJrE0X"],0,[["sp.SkeletonData",["_name","_atlasText","textureNames","_skeletonJson","textures"],-1,3]],[[0,0,1,2,3,4,5]],[[0,"block","\nblock.png\nsize: 256,256\nformat: RGBA8888\nfilter: Linear,Linear\nrepeat: none\nfanghuan\n  rotate: false\n  xy: 2, 129\n  size: 125, 125\n  orig: 125, 125\n  offset: 0, 0\n  index: -1\nfangkuan\n  rotate: false\n  xy: 2, 2\n  size: 125, 125\n  orig: 125, 125\n  offset: 0, 0\n  index: -1\n",["block.png"],{"skeleton":{"hash":"pIUGFqwkw7WEg4GPaJDPktHEGI4","spine":"3.6.53","width":125,"height":125,"fps":50,"images":""},"bones":[{"name":"root"},{"name":"fang","parent":"root"},{"name":"huan","parent":"root"}],"slots":[{"name":"fanghuan","bone":"huan","color":"ffffff00","attachment":"fanghuan","blend":"additive"},{"name":"fangkuan","bone":"fang","color":"ffffff00","attachment":"fangkuan","blend":"additive"}],"skins":{"default":{"fanghuan":{"fanghuan":{"width":125,"height":125}},"fangkuan":{"fangkuan":{"width":125,"height":125}}}},"animations":{"block":{"slots":{"fanghuan":{"color":[{"time":0,"color":"ffffff00","curve":"stepped"},{"time":0.04,"color":"ffffff00"},{"time":0.1,"color":"ffffffff","curve":"stepped"},{"time":0.2,"color":"ffffffff"},{"time":0.4,"color":"ffffff00"}]},"fangkuan":{"color":[{"time":0,"color":"ffffff00"},{"time":0.04,"color":"fffffff5"},{"time":0.08,"color":"ffffffff","curve":"stepped"},{"time":0.1,"color":"ffffffff"},{"time":0.24,"color":"ffffff00"}]}},"bones":{"huan":{"rotate":[{"time":0,"angle":0,"curve":"stepped"},{"time":0.4,"angle":0}],"translate":[{"time":0,"x":0,"y":0,"curve":"stepped"},{"time":0.4,"x":0,"y":0}],"scale":[{"time":0,"x":1.234,"y":1.234,"curve":[0.098,0.65,0.688,1]},{"time":0.4,"x":1.364,"y":1.364}]},"fang":{"rotate":[{"time":0,"angle":0,"curve":"stepped"},{"time":0.24,"angle":0}],"translate":[{"time":0,"x":0,"y":0,"curve":"stepped"},{"time":0.24,"x":0,"y":0}],"scale":[{"time":0,"x":1.234,"y":1.234,"curve":"stepped"},{"time":0.24,"x":1.234,"y":1.234}]}}}}},[0]]],0,0,[0],[-1],[0]]