[1,["b1vK+/b89NSpKJ79C7LLuY"],0,[["sp.SkeletonData",["_name","_atlasText","textureNames","_skeletonJson","textures"],-1,3]],[[0,0,1,2,3,4,5]],[[0,"msg_box","\nmsg_box.png\nsize: 1024,512\nformat: RGBA8888\nfilter: Linear,Linear\nrepeat: none\nbox_bottom\n  rotate: true\n  xy: 774, 234\n  size: 265, 173\n  orig: 265, 173\n  offset: 0, 0\n  index: -1\nbox_close\n  rotate: false\n  xy: 2, 260\n  size: 285, 239\n  orig: 285, 239\n  offset: 0, 0\n  index: -1\nbox_lid\n  rotate: false\n  xy: 515, 314\n  size: 257, 185\n  orig: 257, 185\n  offset: 0, 0\n  index: -1\nbox_light\n  rotate: false\n  xy: 515, 180\n  size: 255, 132\n  orig: 255, 132\n  offset: 0, 0\n  index: -1\nspread\n  rotate: false\n  xy: 2, 2\n  size: 256, 256\n  orig: 256, 256\n  offset: 0, 0\n  index: -1\nyellow_star2\n  rotate: false\n  xy: 289, 275\n  size: 224, 224\n  orig: 224, 224\n  offset: 0, 0\n  index: -1\n",["msg_box.png"],{"skeleton":{"hash":"FBAg+nOReLB5McwY7fvKCzdxbW4","spine":"3.6.53","width":285,"height":239,"fps":50,"images":""},"bones":[{"name":"root"},{"name":"box_bottom","parent":"root","length":163.38,"rotation":87.62,"x":-3.5,"y":-92.42},{"name":"box_close","parent":"root","length":217.03,"rotation":87.75,"x":-11.52,"y":-90.97},{"name":"box_lid","parent":"box_bottom","length":157.05,"rotation":-8.93,"x":150.83,"y":-39.36},{"name":"box_light","parent":"box_bottom","length":98.27,"rotation":1.71,"x":90.16,"y":17.89},{"name":"spread","parent":"root","x":-2.78,"y":17.89},{"name":"yellow_star2","parent":"root","x":-112.7,"y":74.87,"scaleX":0.85,"scaleY":0.85},{"name":"yellow_star3","parent":"root","rotation":-19.03,"x":10.86,"y":31.58,"scaleX":0.874,"scaleY":0.874},{"name":"yellow_star4","parent":"root","rotation":-19.03,"x":-57.61,"y":-10.13,"scaleX":0.605,"scaleY":0.605},{"name":"yellow_star5","parent":"root","rotation":11.73,"x":53.36,"y":-32.17,"scaleX":0.747,"scaleY":0.747},{"name":"yellow_star6","parent":"root","rotation":-7.11,"x":131.27,"y":16.63,"scaleX":0.747,"scaleY":0.747}],"slots":[{"name":"box_close","bone":"box_close","attachment":"box_close"},{"name":"box_lid","bone":"box_lid"},{"name":"box_bottom","bone":"box_bottom"},{"name":"box_light","bone":"box_light"},{"name":"spread","bone":"spread"},{"name":"yellow_star2","bone":"yellow_star2"},{"name":"yellow_star3","bone":"yellow_star3"},{"name":"yellow_star4","bone":"yellow_star4"},{"name":"yellow_star5","bone":"yellow_star5"},{"name":"yellow_star6","bone":"yellow_star6"}],"skins":{"default":{"box_bottom":{"box_bottom":{"x":74.75,"y":-10.37,"rotation":-87.62,"width":265,"height":173}},"box_close":{"box_close":{"x":106.45,"y":-13.9,"rotation":-87.75,"width":285,"height":239}},"box_lid":{"box_lid":{"x":73.6,"y":-31.26,"rotation":-78.69,"width":257,"height":185}},"box_light":{"box_light":{"x":57.72,"y":-20.36,"rotation":-89.34,"width":255,"height":132}},"spread":{"spread":{"x":4.48,"y":0.86,"width":256,"height":256}},"yellow_star2":{"yellow_star2":{"x":4.66,"y":-5.78,"width":224,"height":224}},"yellow_star3":{"yellow_star2":{"x":4.66,"y":-5.78,"width":224,"height":224}},"yellow_star4":{"yellow_star2":{"x":4.66,"y":-5.78,"width":224,"height":224}},"yellow_star5":{"yellow_star2":{"x":4.66,"y":-5.78,"width":224,"height":224}},"yellow_star6":{"yellow_star2":{"x":4.66,"y":-5.78,"width":224,"height":224}}}},"animations":{"open":{"slots":{"box_bottom":{"attachment":[{"time":0,"name":null},{"time":0.28,"name":"box_bottom"}]},"box_close":{"attachment":[{"time":0.28,"name":null}]},"box_lid":{"attachment":[{"time":0.28,"name":"box_lid"}]},"box_light":{"attachment":[{"time":0,"name":null},{"time":0.28,"name":"box_light"}]},"spread":{"color":[{"time":0.32,"color":"ffffffff"},{"time":0.66,"color":"ffffff00"}],"attachment":[{"time":0,"name":null},{"time":0.28,"name":"spread"}]},"yellow_star2":{"color":[{"time":0.28,"color":"ffffff5c"},{"time":0.32,"color":"ffffffff","curve":"stepped"},{"time":0.46,"color":"ffffffff"},{"time":0.7,"color":"ffffff00"}],"attachment":[{"time":0.28,"name":"yellow_star2"}]},"yellow_star3":{"color":[{"time":0.28,"color":"ffffff51"},{"time":0.32,"color":"ffffffff","curve":"stepped"},{"time":0.46,"color":"ffffffff"},{"time":0.7,"color":"ffffff00"}],"attachment":[{"time":0.28,"name":"yellow_star2"}]},"yellow_star4":{"color":[{"time":0.28,"color":"ffffff58"},{"time":0.32,"color":"ffffffff","curve":"stepped"},{"time":0.46,"color":"ffffffff"},{"time":0.7,"color":"ffffff00"}],"attachment":[{"time":0.28,"name":"yellow_star2"}]},"yellow_star5":{"color":[{"time":0.28,"color":"ffffff59"},{"time":0.32,"color":"ffffffff","curve":"stepped"},{"time":0.46,"color":"ffffffff"},{"time":0.7,"color":"ffffff00"}],"attachment":[{"time":0.28,"name":"yellow_star2"},{"time":0.7,"name":"yellow_star2"},{"time":0.8,"name":"yellow_star2"}]},"yellow_star6":{"color":[{"time":0.28,"color":"ffffff56"},{"time":0.32,"color":"ffffffff","curve":"stepped"},{"time":0.46,"color":"ffffffff"},{"time":0.7,"color":"ffffff00"}],"attachment":[{"time":0.28,"name":"yellow_star2"}]}},"bones":{"root":{"rotate":[{"time":0,"angle":0,"curve":"stepped"},{"time":0.8,"angle":0}],"translate":[{"time":0,"x":0,"y":0,"curve":"stepped"},{"time":0.8,"x":0,"y":0}],"scale":[{"time":0,"x":1,"y":1,"curve":"stepped"},{"time":0.8,"x":1,"y":1}],"shear":[{"time":0,"x":0,"y":0,"curve":"stepped"},{"time":0.8,"x":0,"y":0}]},"box_close":{"rotate":[{"time":0,"angle":0,"curve":"stepped"},{"time":0.1,"angle":0,"curve":"stepped"},{"time":0.14,"angle":0,"curve":"stepped"},{"time":0.18,"angle":0,"curve":"stepped"},{"time":0.2,"angle":0,"curve":"stepped"},{"time":0.22,"angle":0,"curve":"stepped"},{"time":0.26,"angle":0,"curve":"stepped"},{"time":0.28,"angle":0,"curve":"stepped"},{"time":0.8,"angle":0}],"translate":[{"time":0,"x":0,"y":0,"curve":"stepped"},{"time":0.1,"x":0,"y":0,"curve":"stepped"},{"time":0.14,"x":0,"y":0,"curve":"stepped"},{"time":0.18,"x":0,"y":0,"curve":"stepped"},{"time":0.2,"x":0,"y":0,"curve":"stepped"},{"time":0.22,"x":0,"y":0,"curve":"stepped"},{"time":0.26,"x":0,"y":0,"curve":"stepped"},{"time":0.28,"x":0,"y":0,"curve":"stepped"},{"time":0.8,"x":0,"y":0}],"scale":[{"time":0,"x":1,"y":1},{"time":0.1,"x":0.779,"y":1.121},{"time":0.14,"x":0.853,"y":1.083},{"time":0.18,"x":0.779,"y":1.121},{"time":0.2,"x":0.853,"y":1.083},{"time":0.22,"x":0.779,"y":1.121},{"time":0.26,"x":0.853,"y":1.083},{"time":0.28,"x":0.859,"y":1.08,"curve":"stepped"},{"time":0.8,"x":0.859,"y":1.08}],"shear":[{"time":0,"x":0,"y":0,"curve":"stepped"},{"time":0.1,"x":0,"y":0,"curve":"stepped"},{"time":0.14,"x":0,"y":0,"curve":"stepped"},{"time":0.18,"x":0,"y":0,"curve":"stepped"},{"time":0.2,"x":0,"y":0,"curve":"stepped"},{"time":0.22,"x":0,"y":0,"curve":"stepped"},{"time":0.26,"x":0,"y":0,"curve":"stepped"},{"time":0.28,"x":0,"y":0,"curve":"stepped"},{"time":0.8,"x":0,"y":0}]},"box_bottom":{"rotate":[{"time":0,"angle":0,"curve":"stepped"},{"time":0.28,"angle":0,"curve":"stepped"},{"time":0.32,"angle":0,"curve":"stepped"},{"time":0.46,"angle":0,"curve":"stepped"},{"time":0.58,"angle":0,"curve":"stepped"},{"time":0.8,"angle":0}],"translate":[{"time":0,"x":0,"y":26.03,"curve":"stepped"},{"time":0.28,"x":0,"y":26.03},{"time":0.32,"x":0,"y":0},{"time":0.46,"x":0,"y":3.68},{"time":0.58,"x":0,"y":0,"curve":"stepped"},{"time":0.8,"x":0,"y":0}],"scale":[{"time":0,"x":1,"y":1,"curve":"stepped"},{"time":0.28,"x":1,"y":1,"curve":"stepped"},{"time":0.32,"x":1,"y":1,"curve":"stepped"},{"time":0.46,"x":1,"y":1,"curve":"stepped"},{"time":0.58,"x":1,"y":1,"curve":"stepped"},{"time":0.8,"x":1,"y":1}],"shear":[{"time":0,"x":0,"y":0,"curve":"stepped"},{"time":0.28,"x":0,"y":0,"curve":"stepped"},{"time":0.32,"x":0,"y":0,"curve":"stepped"},{"time":0.46,"x":0,"y":0,"curve":"stepped"},{"time":0.58,"x":0,"y":0,"curve":"stepped"},{"time":0.8,"x":0,"y":0}]},"box_lid":{"rotate":[{"time":0,"angle":0,"curve":"stepped"},{"time":0.28,"angle":0,"curve":"stepped"},{"time":0.32,"angle":0,"curve":"stepped"},{"time":0.46,"angle":0,"curve":"stepped"},{"time":0.58,"angle":0,"curve":"stepped"},{"time":0.8,"angle":0}],"translate":[{"time":0,"x":-3.54,"y":-0.15,"curve":"stepped"},{"time":0.28,"x":-3.54,"y":-0.15},{"time":0.32,"x":0,"y":0,"curve":"stepped"},{"time":0.46,"x":0,"y":0,"curve":"stepped"},{"time":0.58,"x":0,"y":0,"curve":"stepped"},{"time":0.8,"x":0,"y":0}],"scale":[{"time":0,"x":1,"y":1,"curve":"stepped"},{"time":0.28,"x":1,"y":1,"curve":"stepped"},{"time":0.32,"x":1,"y":1,"curve":"stepped"},{"time":0.46,"x":1,"y":1,"curve":"stepped"},{"time":0.58,"x":1,"y":1,"curve":"stepped"},{"time":0.8,"x":1,"y":1}],"shear":[{"time":0,"x":-16.54,"y":0,"curve":"stepped"},{"time":0.28,"x":-16.54,"y":0},{"time":0.32,"x":9.73,"y":0},{"time":0.46,"x":0,"y":0,"curve":"stepped"},{"time":0.58,"x":0,"y":0,"curve":"stepped"},{"time":0.8,"x":0,"y":0}]},"box_light":{"rotate":[{"time":0,"angle":0,"curve":"stepped"},{"time":0.28,"angle":0,"curve":"stepped"},{"time":0.8,"angle":0}],"translate":[{"time":0,"x":34.74,"y":-1.66,"curve":"stepped"},{"time":0.28,"x":34.74,"y":-1.66,"curve":"stepped"},{"time":0.8,"x":34.74,"y":-1.66}],"scale":[{"time":0,"x":1,"y":1,"curve":"stepped"},{"time":0.28,"x":1,"y":1,"curve":"stepped"},{"time":0.8,"x":1,"y":1}],"shear":[{"time":0,"x":0,"y":0,"curve":"stepped"},{"time":0.28,"x":0,"y":0,"curve":"stepped"},{"time":0.8,"x":0,"y":0}]},"spread":{"rotate":[{"time":0,"angle":0,"curve":"stepped"},{"time":0.28,"angle":0,"curve":"stepped"},{"time":0.32,"angle":0,"curve":"stepped"},{"time":0.66,"angle":0,"curve":"stepped"},{"time":0.8,"angle":0}],"translate":[{"time":0,"x":0,"y":35.08,"curve":"stepped"},{"time":0.28,"x":0,"y":35.08,"curve":"stepped"},{"time":0.32,"x":0,"y":35.08,"curve":"stepped"},{"time":0.66,"x":0,"y":35.08,"curve":"stepped"},{"time":0.8,"x":0,"y":35.08}],"scale":[{"time":0,"x":1.717,"y":1.717,"curve":"stepped"},{"time":0.28,"x":1.717,"y":1.717},{"time":0.32,"x":2.395,"y":2.395},{"time":0.66,"x":3.583,"y":3.583,"curve":"stepped"},{"time":0.8,"x":3.583,"y":3.583}],"shear":[{"time":0,"x":0,"y":0,"curve":"stepped"},{"time":0.28,"x":0,"y":0,"curve":"stepped"},{"time":0.32,"x":0,"y":0,"curve":"stepped"},{"time":0.66,"x":0,"y":0,"curve":"stepped"},{"time":0.8,"x":0,"y":0}]},"yellow_star2":{"rotate":[{"time":0,"angle":0,"curve":"stepped"},{"time":0.28,"angle":0},{"time":0.32,"angle":-24.06},{"time":0.46,"angle":-96.26},{"time":0.7,"angle":-168.45,"curve":"stepped"},{"time":0.8,"angle":-168.45}],"translate":[{"time":0,"x":0,"y":0,"curve":"stepped"},{"time":0.28,"x":0,"y":0},{"time":0.32,"x":-12.26,"y":12.55},{"time":0.46,"x":-49.04,"y":50.2},{"time":0.7,"x":-85.81,"y":87.85,"curve":"stepped"},{"time":0.8,"x":-85.81,"y":87.85}],"scale":[{"time":0,"x":1,"y":1,"curve":"stepped"},{"time":0.28,"x":1,"y":1,"curve":"stepped"},{"time":0.32,"x":1,"y":1,"curve":"stepped"},{"time":0.46,"x":1,"y":1,"curve":"stepped"},{"time":0.7,"x":1,"y":1,"curve":"stepped"},{"time":0.8,"x":1,"y":1}],"shear":[{"time":0,"x":0,"y":0,"curve":"stepped"},{"time":0.28,"x":0,"y":0,"curve":"stepped"},{"time":0.32,"x":0,"y":0,"curve":"stepped"},{"time":0.46,"x":0,"y":0,"curve":"stepped"},{"time":0.7,"x":0,"y":0,"curve":"stepped"},{"time":0.8,"x":0,"y":0}]},"yellow_star3":{"rotate":[{"time":0,"angle":0,"curve":"stepped"},{"time":0.28,"angle":0},{"time":0.32,"angle":-19.77},{"time":0.46,"angle":-88.98},{"time":0.7,"angle":-143.73,"curve":"stepped"},{"time":0.8,"angle":-143.73}],"translate":[{"time":0,"x":25.34,"y":46.73,"curve":"stepped"},{"time":0.28,"x":25.34,"y":46.73},{"time":0.32,"x":34.32,"y":54.32},{"time":0.46,"x":65.74,"y":80.9},{"time":0.7,"x":90.6,"y":101.93,"curve":"stepped"},{"time":0.8,"x":90.6,"y":101.93}],"scale":[{"time":0,"x":1,"y":1,"curve":"stepped"},{"time":0.28,"x":1,"y":1,"curve":"stepped"},{"time":0.32,"x":1,"y":1,"curve":"stepped"},{"time":0.46,"x":1,"y":1,"curve":"stepped"},{"time":0.7,"x":1,"y":1,"curve":"stepped"},{"time":0.8,"x":1,"y":1}],"shear":[{"time":0,"x":0,"y":0,"curve":"stepped"},{"time":0.28,"x":0,"y":0,"curve":"stepped"},{"time":0.32,"x":0,"y":0,"curve":"stepped"},{"time":0.46,"x":0,"y":0,"curve":"stepped"},{"time":0.7,"x":0,"y":0,"curve":"stepped"},{"time":0.8,"x":0,"y":0}]},"yellow_star4":{"rotate":[{"time":0,"angle":0,"curve":"stepped"},{"time":0.28,"angle":0},{"time":0.32,"angle":21.52},{"time":0.46,"angle":57.38},{"time":0.7,"angle":109.55,"curve":"stepped"},{"time":0.8,"angle":109.55}],"translate":[{"time":0,"x":7.93,"y":29.95,"curve":"stepped"},{"time":0.28,"x":7.93,"y":29.95},{"time":0.32,"x":-6.43,"y":18.53},{"time":0.46,"x":-30.37,"y":-0.5},{"time":0.7,"x":-65.19,"y":-28.19,"curve":"stepped"},{"time":0.8,"x":-65.19,"y":-28.19}],"scale":[{"time":0,"x":1,"y":1,"curve":"stepped"},{"time":0.28,"x":1,"y":1,"curve":"stepped"},{"time":0.32,"x":1,"y":1,"curve":"stepped"},{"time":0.46,"x":1,"y":1,"curve":"stepped"},{"time":0.7,"x":1,"y":1,"curve":"stepped"},{"time":0.8,"x":1,"y":1}],"shear":[{"time":0,"x":0,"y":0,"curve":"stepped"},{"time":0.28,"x":0,"y":0,"curve":"stepped"},{"time":0.32,"x":0,"y":0,"curve":"stepped"},{"time":0.46,"x":0,"y":0,"curve":"stepped"},{"time":0.7,"x":0,"y":0,"curve":"stepped"},{"time":0.8,"x":0,"y":0}]},"yellow_star5":{"rotate":[{"time":0,"angle":0,"curve":"stepped"},{"time":0.28,"angle":0},{"time":0.32,"angle":-19.86},{"time":0.46,"angle":-59.57},{"time":0.7,"angle":-96.24,"curve":"stepped"},{"time":0.8,"angle":-96.24}],"translate":[{"time":0,"x":0,"y":12.85,"curve":"stepped"},{"time":0.28,"x":0,"y":12.85},{"time":0.32,"x":6.3,"y":-4.72},{"time":0.46,"x":18.89,"y":-39.84},{"time":0.7,"x":30.51,"y":-72.27,"curve":"stepped"},{"time":0.8,"x":30.51,"y":-72.27}],"scale":[{"time":0,"x":1,"y":1,"curve":"stepped"},{"time":0.28,"x":1,"y":1,"curve":"stepped"},{"time":0.32,"x":1,"y":1,"curve":"stepped"},{"time":0.46,"x":1,"y":1,"curve":"stepped"},{"time":0.7,"x":1,"y":1,"curve":"stepped"},{"time":0.8,"x":1,"y":1}],"shear":[{"time":0,"x":0,"y":0,"curve":"stepped"},{"time":0.28,"x":0,"y":0,"curve":"stepped"},{"time":0.32,"x":0,"y":0,"curve":"stepped"},{"time":0.46,"x":0,"y":0,"curve":"stepped"},{"time":0.7,"x":0,"y":0,"curve":"stepped"},{"time":0.8,"x":0,"y":0}]},"yellow_star6":{"rotate":[{"time":0,"angle":0,"curve":"stepped"},{"time":0.28,"angle":0},{"time":0.32,"angle":-22.05},{"time":0.46,"angle":-73.5},{"time":0.7,"angle":-110.25,"curve":"stepped"},{"time":0.8,"angle":-110.25}],"translate":[{"time":0,"x":0,"y":0,"curve":"stepped"},{"time":0.28,"x":0,"y":0},{"time":0.32,"x":12.54,"y":-0.51},{"time":0.46,"x":41.79,"y":-1.69},{"time":0.7,"x":62.68,"y":-2.54,"curve":"stepped"},{"time":0.8,"x":62.68,"y":-2.54}],"scale":[{"time":0,"x":1,"y":1,"curve":"stepped"},{"time":0.28,"x":1,"y":1,"curve":"stepped"},{"time":0.32,"x":1,"y":1,"curve":"stepped"},{"time":0.46,"x":1,"y":1,"curve":"stepped"},{"time":0.7,"x":1,"y":1,"curve":"stepped"},{"time":0.8,"x":1,"y":1}],"shear":[{"time":0,"x":0,"y":0,"curve":"stepped"},{"time":0.28,"x":0,"y":0,"curve":"stepped"},{"time":0.32,"x":0,"y":0,"curve":"stepped"},{"time":0.46,"x":0,"y":0,"curve":"stepped"},{"time":0.7,"x":0,"y":0,"curve":"stepped"},{"time":0.8,"x":0,"y":0}]}}}}},[0]]],0,0,[0],[-1],[0]]