[1,["ff3Sr1AoBBI41/Gn7d50rG","c3MAH9BaZB1pZ8Q8SQa8oe","0bqS7E7CNNEZnmvr6XB+9P","01udpWyWVEKauBJDhFKY4q","9cejNQj+1Evo0VH1NnS89i","b8Vg5UFd5BharbcqpOP2gQ","3ctuQxDnRL2YjwL+aiRfPU","739bg6cS1Iz60tFS/7UDd9","b4YWJv9/VFYJIkMYYA82r/","6eY9IiG35LhaHin9ZgLxwY","fbItvv825Af4k++N9efPTY","53EwisMEFP67syrZz9iGSV","bbXdgv+RNPq7oP8cQf247o","abqWkih8pNYYxO+IqyNluR","e1wUyAqBJD97hywY1Ly4PI","e2BbbFyzVA2aMTelZa1U6z","9bF84s5upLnbPGC3A/H0hb","0cmJCji7BNXpBR3T5APQtX","fb3/KIlwFLyY4f7dbvPQXv","dc5n4sucFBuYldm5P9k0BJ","14fwlDd4VLDoxGbV23LaWo","96gPg/21pKZpzW09/fsdKh","e7R112IJxI54jV86wFJimm","6aIxY3ZpdJqLsXXJSS1ls6","95aVOEPuRH/Ku3B/1wzXHN","cbAoR6yP5HzrSMPJYrwdUB","dbowqGNNhMi69y7lLmuOGi","91Omizo+ZE66gkhpfKaJhZ","d3wcP7w1ZJhpXrH+f0W6KG","fc1xM8TlpArZL08jn+zyHt","7a/uovk6RPeZCLYxFZs/Er","ecVwwWO3FLVqHDmawZs6qH","76eHj2+RpL9qdFAtjifEH3","eaMJ9X+KhGiJAB9Zbx7poJ","4d9E2lFWdLo7aEvnj1HE41","7dwKwru65OQqjc40PWyfQs","672C1cywBNn6inBawDpyXm","eaj9IsXo9Bw7LvR+zbtLWP","1f9Uu+twhBKJtpaksItHTW","a3eplDxvBMlJzzYWmxd9v3","f1EVsDoCpH3IoCykfg5W77","08Ygh9aKVDv6u9G0sQbDYS","c3GKwlveJEbajwYL25Piab","5eurH1AbVAwbN6QzZluVqg","cb0PwkZqRDIZ5a5Zo+Rrtv","49vosa5gBH746MW50+4AVZ","b27OEC515FK59FVx708VwQ","49SlTg4tFO2YhpF1Bv5ddI","2equ99Rw9A3ZyhVQ5rHOS4","5eX+RJSIhBVKgCEBgedArX","77fBnlU9RCdZxZCiq2njuu","0aKGnFAiBEN4zw0qotzF0M","7e3aWZt7FImaNf/6pguT7a","9dSKjzWrtFi5bfVDUFa4bN","97AfQP0dNBar4jgkmzrcA0","00xB5egI5H8Le8YdG7FseV","54DW1ZF0RPHoXQOW2I3cse","05v9WORflHZYT8VtIB7NKq","126jv3R91DCpwfHOl7dfDe","dfeHUvIBtIDqg8GY9wzmyT","0662GMjVlB2Jlf48kEsGxm","9aTU3Sm+dMlpuRRK/6qkcg","b9j2nl32NHC7jLryEy5lf9","6fpOHsvQZGQ7Poj1arUdbB","34um4KoABIT51R0YZCEawt","46BPbQ58tHMqRY7T7m1Vtw","1dSks22NxH+KM1liHskArm","1fQeJ+MzVCtrgMmVb2DFaG","74b4nxH3NL74Q0h3okpVsu","42ODjQxehF57liSLsbXW78","59qFVwskxP3KEFPGbPycDE","1b9MrsH9hLELsCzdgNKgw0","3f247+V/xJ9YNSyY+89fKV","746357YFhKzZ8CgCrrE1Tv","2c/RQMv6ZHC48NVFCg0oeA","10Jc+oYmpCPbbSZZTPZC3A","b1UAY6yQtKOpRng+N5oSyA","9aR+8X8uRL64XCPSGF0D1G","28CAdwzPxHjLUDRQnTybo1","76HY8u6q5G97tF3+cWjOp0","56EAiuOihLHoFJ9Fw8/knF","cdgIQUIi9GrIm3b3KZGAh/","90Nh82JppFlYojeuYPjWfQ","73TodgpUdA24rUZ9GsoguO","a8n+UFqsJBm7NdwycR7DRy","62T3gGekdFy7Nx1r++oUQR","0e5/vJPwZOC6nU2OaPDvXY","e9XmhglvdHR5DFggkElKPs","e7dzLfkpVJ/IZvtPhkIeaz","fe3sS1jIFBc485hDe2ngsB","05ewA5n0lBUaMu/MCs9qSq","adDtJQeVBFqLG9gvyViET8","474e3AnrtF1aeyhkMkm5Qi","47c00W0+pEr7NID7PTAtTp","efBHOysU9EVpsPfLnlvvTc","53E39xAG9F7otSDg3fOoo2","f0HOVzSu9Fv6/5dfglAPAm","5cyYw/+1JDaImrJ3BVTCh/","88mC+JBQBJ1rqUK8oubPxM","26EfrBsnVLEpDd/DT2tZE1","c1QLZDyghA/bDfmF2HknO5","47f/KiW1pEoaD5P67ifDmu","f856JLDw5JrKyYxC8Lyx67","52Z54l/HVFG6DEmimAexxa","78NxJNSrtAEput5ZsqgGbJ","17p+nae1dKk5AB3k6JzCfB","99wsBv6nNJ0pNd0sIGsK7s","de4VMPrtRNd4dvzKsHzOgd","8ebXJxpM9Ma4t2EdxXmt60","bf6kJFK1pHN7rgC+S1YWd6","a41LIqv8hHkqgX5pXaXroM"],["_textureSetter","add1","button1","button2","button3","circle","circle2","close","closeimg","fnttype1_0","fnttype1_1","fnttype1_2","fnttype1_3","fnttype1_4","fnttype1_5","fnttype1_6","fnttype1_7","fnttype1_8","fnttype1_9","fnttype2_0","fnttype2_1","fnttype2_2","fnttype2_3","fnttype2_4","fnttype2_5","fnttype2_6","fnttype2_7","fnttype2_8","fnttype2_9","fnttype3_0","fnttype3_1","fnttype3_2","fnttype3_3","fnttype3_4","fnttype3_5","fnttype3_6","fnttype3_7","fnttype3_8","fnttype3_9","fnttype4_0","fnttype4_1","fnttype4_2","fnttype4_3","fnttype4_4","fnttype4_5","fnttype4_6","fnttype4_7","fnttype4_8","fnttype4_9","fnttype5_0","fnttype5_1","fnttype5_2","fnttype5_3","fnttype5_4","fnttype5_5","fnttype5_6","fnttype5_7","fnttype5_8","fnttype5_9","fnttype6_0","fnttype6_1","fnttype6_2","fnttype6_3","fnttype6_4","fnttype6_5","fnttype6_6","fnttype6_7","fnttype6_8","fnttype6_9","fnttype7_0","fnttype7_1","fnttype7_2","fnttype7_3","fnttype7_4","fnttype7_5","fnttype7_6","fnttype7_7","fnttype7_8","fnttype7_9","fnttype8_0","fnttype8_1","fnttype8_2","fnttype8_3","fnttype8_4","fnttype8_5","fnttype8_6","fnttype8_7","fnttype8_8","fnttype8_9","fnttype9_+","fnttype9_0","fnttype9_1","fnttype9_2","fnttype9_3","fnttype9_4","fnttype9_5","fnttype9_6","fnttype9_7","fnttype9_8","fnttype9_9","gem1","gem2","home","lampbg","line","line1","okimg","pause","point","scaleimg9","video"],["cc.SpriteFrame",["cc.SpriteAtlas",["_name","_spriteFrames"],2,11]],[[1,0,1,2]],[[[{"name":"fnttype5_6","rect":[358,710,25,30],"offset":[0,0],"originalSize":[25,30],"rotated":1,"capInsets":[0,0,0,0]}],[0],0,[0],[0],[0]],[[{"name":"fnttype9_0","rect":[3,386,70,76],"offset":[0,0],"originalSize":[70,76],"rotated":1,"capInsets":[0,0,0,0]}],[0],0,[0],[0],[0]],[[{"name":"fnttype5_8","rect":[324,710,25,30],"offset":[0,0],"originalSize":[25,30],"rotated":1,"capInsets":[0,0,0,0]}],[0],0,[0],[0],[0]],[[{"name":"fnttype6_1","rect":[344,240,17,30],"offset":[0,0],"originalSize":[17,30],"capInsets":[0,0,0,0]}],[0],0,[0],[0],[0]],[[{"name":"fnttype4_2","rect":[71,663,25,30],"offset":[0,1],"originalSize":[25,32],"rotated":1,"capInsets":[0,0,0,0]}],[0],0,[0],[0],[0]],[[{"name":"fnttype5_2","rect":[3,672,24,30],"offset":[0,0],"originalSize":[24,30],"rotated":1,"capInsets":[0,0,0,0]}],[0],0,[0],[0],[0]],[[{"name":"fnttype1_8","rect":[446,383,44,55],"offset":[0,1],"originalSize":[46,57],"capInsets":[0,0,0,0]}],[0],0,[0],[0],[0]],[[{"name":"fnttype8_7","rect":[451,129,39,47],"offset":[0,0],"originalSize":[39,47],"capInsets":[0,0,0,0]}],[0],0,[0],[0],[0]],[[{"name":"fnttype7_6","rect":[451,228,38,44],"offset":[0,0],"originalSize":[38,44],"capInsets":[0,0,0,0]}],[0],0,[0],[0],[0]],[[{"name":"fnttype5_9","rect":[173,687,24,30],"offset":[0,0],"originalSize":[24,30],"rotated":1,"capInsets":[0,0,0,0]}],[0],0,[0],[0],[0]],[[{"name":"fnttype2_1","rect":[344,183,18,29],"offset":[-1,0],"originalSize":[20,35],"capInsets":[0,0,0,0]}],[0],0,[0],[0],[0]],[[{"name":"fnttype7_2","rect":[3,573,37,44],"offset":[0,0],"originalSize":[37,44],"rotated":1,"capInsets":[0,0,0,0]}],[0],0,[0],[0],[0]],[[{"name":"fnttype6_7","rect":[139,681,24,30],"offset":[0,0],"originalSize":[24,30],"rotated":1,"capInsets":[0,0,0,0]}],[0],0,[0],[0],[0]],[[{"name":"fnttype6_8","rect":[335,469,25,30],"offset":[0,0],"originalSize":[25,30],"capInsets":[0,0,0,0]}],[0],0,[0],[0],[0]],[[{"name":"fnttype3_9","rect":[340,370,17,20],"offset":[0,2],"originalSize":[23,28],"rotated":1,"capInsets":[0,0,0,0]}],[0],0,[0],[0],[0]],[[{"name":"fnttype9_9","rect":[367,280,70,76],"offset":[0,0],"originalSize":[70,76],"rotated":1,"capInsets":[0,0,0,0]}],[0],0,[0],[0],[0]],[[{"name":"fnttype7_9","rect":[3,532,37,44],"offset":[0,0],"originalSize":[37,44],"rotated":1,"capInsets":[0,0,0,0]}],[0],0,[0],[0],[0]],[[{"name":"fnttype7_5","rect":[128,612,37,43],"offset":[0,0],"originalSize":[37,43],"rotated":1,"capInsets":[0,0,0,0]}],[0],0,[0],[0],[0]],[[{"name":"fnttype4_9","rect":[37,614,25,30],"offset":[0,1],"originalSize":[25,32],"rotated":1,"capInsets":[0,0,0,0]}],[0],0,[0],[0],[0]],[[{"name":"fnttype6_5","rect":[340,274,23,30],"offset":[0,0],"originalSize":[23,30],"capInsets":[0,0,0,0]}],[0],0,[0],[0],[0]],[[[0,"publicimg1.plist",[{},"add1",6,0,"button1",6,1,"button2",6,2,"button3",6,3,"circle",6,4,"circle2",6,5,"close",6,6,"closeimg",6,7,"fnttype1_0",6,8,"fnttype1_1",6,9,"fnttype1_2",6,10,"fnttype1_3",6,11,"fnttype1_4",6,12,"fnttype1_5",6,13,"fnttype1_6",6,14,"fnttype1_7",6,15,"fnttype1_8",6,16,"fnttype1_9",6,17,"fnttype2_0",6,18,"fnttype2_1",6,19,"fnttype2_2",6,20,"fnttype2_3",6,21,"fnttype2_4",6,22,"fnttype2_5",6,23,"fnttype2_6",6,24,"fnttype2_7",6,25,"fnttype2_8",6,26,"fnttype2_9",6,27,"fnttype3_0",6,28,"fnttype3_1",6,29,"fnttype3_2",6,30,"fnttype3_3",6,31,"fnttype3_4",6,32,"fnttype3_5",6,33,"fnttype3_6",6,34,"fnttype3_7",6,35,"fnttype3_8",6,36,"fnttype3_9",6,37,"fnttype4_0",6,38,"fnttype4_1",6,39,"fnttype4_2",6,40,"fnttype4_3",6,41,"fnttype4_4",6,42,"fnttype4_5",6,43,"fnttype4_6",6,44,"fnttype4_7",6,45,"fnttype4_8",6,46,"fnttype4_9",6,47,"fnttype5_0",6,48,"fnttype5_1",6,49,"fnttype5_2",6,50,"fnttype5_3",6,51,"fnttype5_4",6,52,"fnttype5_5",6,53,"fnttype5_6",6,54,"fnttype5_7",6,55,"fnttype5_8",6,56,"fnttype5_9",6,57,"fnttype6_0",6,58,"fnttype6_1",6,59,"fnttype6_2",6,60,"fnttype6_3",6,61,"fnttype6_4",6,62,"fnttype6_5",6,63,"fnttype6_6",6,64,"fnttype6_7",6,65,"fnttype6_8",6,66,"fnttype6_9",6,67,"fnttype7_0",6,68,"fnttype7_1",6,69,"fnttype7_2",6,70,"fnttype7_3",6,71,"fnttype7_4",6,72,"fnttype7_5",6,73,"fnttype7_6",6,74,"fnttype7_7",6,75,"fnttype7_8",6,76,"fnttype7_9",6,77,"fnttype8_0",6,78,"fnttype8_1",6,79,"fnttype8_2",6,80,"fnttype8_3",6,81,"fnttype8_4",6,82,"fnttype8_5",6,83,"fnttype8_6",6,84,"fnttype8_7",6,85,"fnttype8_8",6,86,"fnttype8_9",6,87,"fnttype9_+",6,88,"fnttype9_0",6,89,"fnttype9_1",6,90,"fnttype9_2",6,91,"fnttype9_3",6,92,"fnttype9_4",6,93,"fnttype9_5",6,94,"fnttype9_6",6,95,"fnttype9_7",6,96,"fnttype9_8",6,97,"fnttype9_9",6,98,"gem1",6,99,"gem2",6,100,"home",6,101,"lampbg",6,102,"line",6,103,"line1",6,104,"okimg",6,105,"pause",6,106,"point",6,107,"scaleimg9",6,108,"video",6,109]]],0,0,[0,0,0,0,0,0,0,0,0,0,0,0,0,0,0,0,0,0,0,0,0,0,0,0,0,0,0,0,0,0,0,0,0,0,0,0,0,0,0,0,0,0,0,0,0,0,0,0,0,0,0,0,0,0,0,0,0,0,0,0,0,0,0,0,0,0,0,0,0,0,0,0,0,0,0,0,0,0,0,0,0,0,0,0,0,0,0,0,0,0,0,0,0,0,0,0,0,0,0,0,0,0,0,0,0,0,0,0,0,0],[1,2,3,4,5,6,7,8,9,10,11,12,13,14,15,16,17,18,19,20,21,22,23,24,25,26,27,28,29,30,31,32,33,34,35,36,37,38,39,40,41,42,43,44,45,46,47,48,49,50,51,52,53,54,55,56,57,58,59,60,61,62,63,64,65,66,67,68,69,70,71,72,73,74,75,76,77,78,79,80,81,82,83,84,85,86,87,88,89,90,91,92,93,94,95,96,97,98,99,100,101,102,103,104,105,106,107,108,109,110],[1,2,3,4,5,6,7,8,9,10,11,12,13,14,15,16,17,18,19,20,21,22,23,24,25,26,27,28,29,30,31,32,33,34,35,36,37,38,39,40,41,42,43,44,45,46,47,48,49,50,51,52,53,54,55,56,57,58,59,60,61,62,63,64,65,66,67,68,69,70,71,72,73,74,75,76,77,78,79,80,81,82,83,84,85,86,87,88,89,90,91,92,93,94,95,96,97,98,99,100,101,102,103,104,105,106,107,108,109,110]],[[{"name":"fnttype7_3","rect":[451,276,38,44],"offset":[0,0],"originalSize":[38,44],"capInsets":[0,0,0,0]}],[0],0,[0],[0],[0]],[[{"name":"fnttype7_0","rect":[322,503,38,44],"offset":[0,0],"originalSize":[38,44],"capInsets":[0,0,0,0]}],[0],0,[0],[0],[0]],[[{"name":"fnttype6_6","rect":[222,683,25,30],"offset":[0,0],"originalSize":[25,30],"rotated":1,"capInsets":[0,0,0,0]}],[0],0,[0],[0],[0]],[[{"name":"fnttype9_3","rect":[3,460,68,76],"offset":[0,0],"originalSize":[68,76],"rotated":1,"capInsets":[0,0,0,0]}],[0],0,[0],[0],[0]],[[{"name":"fnttype9_2","rect":[255,413,68,76],"offset":[0,0],"originalSize":[68,76],"rotated":1,"capInsets":[0,0,0,0]}],[0],0,[0],[0],[0]],[[{"name":"fnttype4_8","rect":[71,634,25,30],"offset":[0,1],"originalSize":[25,32],"rotated":1,"capInsets":[0,0,0,0]}],[0],0,[0],[0],[0]],[[{"name":"fnttype4_6","rect":[3,643,25,30],"offset":[0,1],"originalSize":[25,32],"rotated":1,"capInsets":[0,0,0,0]}],[0],0,[0],[0],[0]],[[{"name":"fnttype3_5","rect":[344,216,18,20],"offset":[-1,2],"originalSize":[22,28],"capInsets":[0,0,0,0]}],[0],0,[0],[0],[0]],[[{"name":"lampbg","rect":[3,3,360,22],"offset":[0,0],"originalSize":[360,22],"capInsets":[0,0,0,0]}],[0],0,[0],[0],[0]],[[{"name":"fnttype1_2","rect":[364,573,42,55],"offset":[0,1],"originalSize":[44,57],"rotated":1,"capInsets":[0,0,0,0]}],[0],0,[0],[0],[0]],[[{"name":"fnttype9_5","rect":[83,459,68,76],"offset":[0,0],"originalSize":[68,76],"rotated":1,"capInsets":[0,0,0,0]}],[0],0,[0],[0],[0]],[[{"name":"fnttype5_7","rect":[139,709,24,30],"offset":[0,0],"originalSize":[24,30],"rotated":1,"capInsets":[0,0,0,0]}],[0],0,[0],[0],[0]],[[{"name":"fnttype8_1","rect":[163,386,29,47],"offset":[0,0],"originalSize":[29,47],"capInsets":[0,0,0,0]}],[0],0,[0],[0],[0]],[[{"name":"fnttype7_1","rect":[51,532,28,44],"offset":[0,0],"originalSize":[28,44],"capInsets":[0,0,0,0]}],[0],0,[0],[0],[0]],[[{"name":"fnttype9_7","rect":[364,502,67,76],"offset":[0,0],"originalSize":[67,76],"rotated":1,"capInsets":[0,0,0,0]}],[0],0,[0],[0],[0]],[[{"name":"fnttype5_0","rect":[3,614,25,30],"offset":[0,0],"originalSize":[25,30],"rotated":1,"capInsets":[0,0,0,0]}],[0],0,[0],[0],[0]],[[{"name":"fnttype4_4","rect":[256,653,26,30],"offset":[0,1],"originalSize":[26,32],"rotated":1,"capInsets":[0,0,0,0]}],[0],0,[0],[0],[0]],[[{"name":"fnttype8_6","rect":[296,649,42,47],"offset":[0,0],"originalSize":[42,47],"rotated":1,"capInsets":[0,0,0,0]}],[0],0,[0],[0],[0]],[[{"name":"fnttype3_7","rect":[140,531,16,20],"offset":[0,2],"originalSize":[22,28],"capInsets":[0,0,0,0]}],[0],0,[0],[0],[0]],[[{"name":"fnttype2_4","rect":[163,437,28,29],"offset":[-1,0],"originalSize":[30,35],"rotated":1,"capInsets":[0,0,0,0]}],[0],0,[0],[0],[0]],[[{"name":"fnttype1_0","rect":[444,501,44,55],"offset":[0,1],"originalSize":[46,57],"capInsets":[0,0,0,0]}],[0],0,[0],[0],[0]],[[{"name":"fnttype6_4","rect":[51,580,26,30],"offset":[0,0],"originalSize":[26,30],"capInsets":[0,0,0,0]}],[0],0,[0],[0],[0]],[[{"name":"fnttype8_4","rect":[347,664,42,47],"offset":[0,0],"originalSize":[42,47],"rotated":1,"capInsets":[0,0,0,0]}],[0],0,[0],[0],[0]],[[{"name":"fnttype6_9","rect":[139,653,24,30],"offset":[0,0],"originalSize":[24,30],"rotated":1,"capInsets":[0,0,0,0]}],[0],0,[0],[0],[0]],[[{"name":"fnttype7_4","rect":[322,551,38,43],"offset":[0,0],"originalSize":[38,43],"capInsets":[0,0,0,0]}],[0],0,[0],[0],[0]],[[{"name":"fnttype8_0","rect":[443,669,42,47],"offset":[0,0],"originalSize":[42,47],"rotated":1,"capInsets":[0,0,0,0]}],[0],0,[0],[0],[0]],[[{"name":"fnttype3_3","rect":[340,412,17,20],"offset":[0,2],"originalSize":[23,28],"rotated":1,"capInsets":[0,0,0,0]}],[0],0,[0],[0],[0]],[[{"name":"fnttype5_1","rect":[423,573,17,30],"offset":[0,0],"originalSize":[17,30],"capInsets":[0,0,0,0]}],[0],0,[0],[0],[0]],[[{"name":"fnttype3_1","rect":[494,3,10,20],"offset":[0,2],"originalSize":[16,28],"capInsets":[0,0,0,0]}],[0],0,[0],[0],[0]],[[{"name":"fnttype3_6","rect":[340,391,17,20],"offset":[0,2],"originalSize":[23,28],"rotated":1,"capInsets":[0,0,0,0]}],[0],0,[0],[0],[0]],[[{"name":"fnttype5_3","rect":[392,716,25,30],"offset":[0,0],"originalSize":[25,30],"rotated":1,"capInsets":[0,0,0,0]}],[0],0,[0],[0],[0]],[[{"name":"fnttype9_8","rect":[83,386,69,76],"offset":[0,0],"originalSize":[69,76],"rotated":1,"capInsets":[0,0,0,0]}],[0],0,[0],[0],[0]],[[{"name":"point","rect":[340,342,22,24],"offset":[0,0],"originalSize":[22,24],"capInsets":[0,0,0,0]}],[0],0,[0],[0],[0]],[[{"name":"fnttype8_3","rect":[443,715,41,47],"offset":[0,0],"originalSize":[41,47],"rotated":1,"capInsets":[0,0,0,0]}],[0],0,[0],[0],[0]],[[{"name":"fnttype2_8","rect":[36,700,25,29],"offset":[-2,0],"originalSize":[29,35],"rotated":1,"capInsets":[0,0,0,0]}],[0],0,[0],[0],[0]],[[{"name":"fnttype2_5","rect":[163,529,26,29],"offset":[-1,0],"originalSize":[28,35],"rotated":1,"capInsets":[0,0,0,0]}],[0],0,[0],[0],[0]],[[{"name":"fnttype2_2","rect":[104,710,26,29],"offset":[-1,0],"originalSize":[28,35],"rotated":1,"capInsets":[0,0,0,0]}],[0],0,[0],[0],[0]],[[{"name":"fnttype5_5","rect":[340,308,23,30],"offset":[0,0],"originalSize":[23,30],"capInsets":[0,0,0,0]}],[0],0,[0],[0],[0]],[[{"name":"fnttype7_8","rect":[451,180,38,44],"offset":[0,0],"originalSize":[38,44],"capInsets":[0,0,0,0]}],[0],0,[0],[0],[0]],[[{"name":"fnttype6_2","rect":[105,682,24,30],"offset":[0,0],"originalSize":[24,30],"rotated":1,"capInsets":[0,0,0,0]}],[0],0,[0],[0],[0]],[[{"name":"fnttype1_7","rect":[364,619,41,55],"offset":[0,1],"originalSize":[43,57],"rotated":1,"capInsets":[0,0,0,0]}],[0],0,[0],[0],[0]],[[{"name":"button3","rect":[260,111,147,80],"offset":[0,0],"originalSize":[147,80],"rotated":1,"capInsets":[0,0,0,0]}],[0],0,[0],[0],[0]],[[{"name":"fnttype5_4","rect":[222,653,26,30],"offset":[0,0],"originalSize":[26,30],"rotated":1,"capInsets":[0,0,0,0]}],[0],0,[0],[0],[0]],[[{"name":"fnttype4_0","rect":[335,433,25,32],"offset":[0,0],"originalSize":[25,32],"capInsets":[0,0,0,0]}],[0],0,[0],[0],[0]],[[{"name":"fnttype8_5","rect":[398,665,41,47],"offset":[0,0],"originalSize":[41,47],"capInsets":[0,0,0,0]}],[0],0,[0],[0],[0]],[[{"name":"fnttype1_4","rect":[444,442,45,55],"offset":[1,1],"originalSize":[47,57],"capInsets":[0,0,0,0]}],[0],0,[0],[0],[0]],[[{"name":"fnttype9_1","rect":[196,258,56,76],"offset":[0,0],"originalSize":[56,76],"capInsets":[0,0,0,0]}],[0],0,[0],[0],[0]],[[{"name":"fnttype7_7","rect":[175,647,36,43],"offset":[0,0],"originalSize":[36,43],"rotated":1,"capInsets":[0,0,0,0]}],[0],0,[0],[0],[0]],[[{"name":"fnttype4_7","rect":[37,672,24,30],"offset":[0,1],"originalSize":[24,32],"rotated":1,"capInsets":[0,0,0,0]}],[0],0,[0],[0],[0]],[[{"name":"circle","rect":[367,3,122,123],"offset":[0,0],"originalSize":[122,123],"rotated":1,"capInsets":[0,0,0,0]}],[0],0,[0],[0],[0]],[[{"name":"fnttype6_3","rect":[256,683,25,30],"offset":[0,0],"originalSize":[25,30],"rotated":1,"capInsets":[0,0,0,0]}],[0],0,[0],[0],[0]],[[{"name":"fnttype1_3","rect":[196,555,42,55],"offset":[0,1],"originalSize":[44,57],"rotated":1,"capInsets":[0,0,0,0]}],[0],0,[0],[0],[0]],[[{"name":"scaleimg9","rect":[260,29,85,78],"offset":[-1,0],"originalSize":[87,80],"capInsets":[0,0,0,0]}],[0],0,[0],[0],[0]],[[{"name":"fnttype4_3","rect":[105,653,25,30],"offset":[0,1],"originalSize":[25,32],"rotated":1,"capInsets":[0,0,0,0]}],[0],0,[0],[0],[0]],[[{"name":"add1","rect":[83,531,53,53],"offset":[0,0],"originalSize":[53,53],"capInsets":[0,0,0,0]}],[0],0,[0],[0],[0]],[[{"name":"fnttype2_6","rect":[163,499,26,29],"offset":[-1,0],"originalSize":[28,35],"rotated":1,"capInsets":[0,0,0,0]}],[0],0,[0],[0],[0]],[[{"name":"fnttype4_5","rect":[37,643,25,30],"offset":[0,1],"originalSize":[25,32],"rotated":1,"capInsets":[0,0,0,0]}],[0],0,[0],[0],[0]],[[{"name":"fnttype8_2","rect":[320,598,40,47],"offset":[0,0],"originalSize":[40,47],"capInsets":[0,0,0,0]}],[0],0,[0],[0],[0]],[[{"name":"fnttype2_9","rect":[163,469,26,29],"offset":[-1,0],"originalSize":[28,35],"rotated":1,"capInsets":[0,0,0,0]}],[0],0,[0],[0],[0]],[[{"name":"fnttype2_7","rect":[69,722,25,29],"offset":[-1,0],"originalSize":[27,35],"rotated":1,"capInsets":[0,0,0,0]}],[0],0,[0],[0],[0]],[[{"name":"fnttype2_0","rect":[3,700,26,29],"offset":[-1,0],"originalSize":[28,35],"rotated":1,"capInsets":[0,0,0,0]}],[0],0,[0],[0],[0]],[[{"name":"pause","rect":[255,485,63,63],"offset":[0,1],"originalSize":[65,65],"capInsets":[0,0,0,0]}],[0],0,[0],[0],[0]],[[{"name":"fnttype6_0","rect":[290,695,25,30],"offset":[0,0],"originalSize":[25,30],"rotated":1,"capInsets":[0,0,0,0]}],[0],0,[0],[0],[0]],[[{"name":"fnttype1_5","rect":[196,509,42,55],"offset":[0,1],"originalSize":[44,57],"rotated":1,"capInsets":[0,0,0,0]}],[0],0,[0],[0],[0]],[[{"name":"fnttype1_6","rect":[196,462,43,55],"offset":[0,1],"originalSize":[45,57],"rotated":1,"capInsets":[0,0,0,0]}],[0],0,[0],[0],[0]],[[{"name":"fnttype2_3","rect":[71,692,26,29],"offset":[-1,0],"originalSize":[28,35],"rotated":1,"capInsets":[0,0,0,0]}],[0],0,[0],[0],[0]],[[{"name":"fnttype8_9","rect":[194,601,42,47],"offset":[0,0],"originalSize":[42,47],"rotated":1,"capInsets":[0,0,0,0]}],[0],0,[0],[0],[0]],[[{"name":"fnttype8_8","rect":[245,607,42,47],"offset":[0,0],"originalSize":[42,47],"rotated":1,"capInsets":[0,0,0,0]}],[0],0,[0],[0],[0]],[[{"name":"fnttype3_4","rect":[344,135,19,20],"offset":[0,2],"originalSize":[23,28],"capInsets":[0,0,0,0]}],[0],0,[0],[0],[0]],[[{"name":"fnttype3_8","rect":[344,111,19,20],"offset":[0,2],"originalSize":[23,28],"capInsets":[0,0,0,0]}],[0],0,[0],[0],[0]],[[{"name":"fnttype3_2","rect":[423,607,17,20],"offset":[0,2],"originalSize":[23,28],"capInsets":[0,0,0,0]}],[0],0,[0],[0],[0]],[[{"name":"fnttype9_4","rect":[364,428,70,76],"offset":[0,0],"originalSize":[70,76],"rotated":1,"capInsets":[0,0,0,0]}],[0],0,[0],[0],[0]],[[{"name":"fnttype9_6","rect":[366,354,70,76],"offset":[0,0],"originalSize":[70,76],"rotated":1,"capInsets":[0,0,0,0]}],[0],0,[0],[0],[0]],[[{"name":"fnttype4_1","rect":[423,631,16,30],"offset":[0,1],"originalSize":[16,32],"capInsets":[0,0,0,0]}],[0],0,[0],[0],[0]],[[{"name":"fnttype1_1","rect":[443,637,28,55],"offset":[0,1],"originalSize":[30,57],"rotated":1,"capInsets":[0,0,0,0]}],[0],0,[0],[0],[0]],[[{"name":"fnttype1_9","rect":[447,324,43,55],"offset":[0,1],"originalSize":[45,57],"capInsets":[0,0,0,0]}],[0],0,[0],[0],[0]],[[{"name":"fnttype3_0","rect":[344,159,19,20],"offset":[0,2],"originalSize":[23,28],"capInsets":[0,0,0,0]}],[0],0,[0],[0],[0]],[[{"name":"fnttype9_+","rect":[444,570,63,64],"offset":[0,-5],"originalSize":[63,76],"rotated":1,"capInsets":[0,0,0,0]}],[0],0,[0],[0],[0]]]]