[1,["4dALoQgJNAD6NpOLbUTPET","e5OaFcDb5PLq1+N+JB1Q2H","eeIcNiWyBMWb11RArZ55w6","1f+j0dDYFOnJrouRZTIdXY","4bur71qiRPkbKhqb+QQzL7","ebJrwSM0JLsb8jhBlpYXlU","5cyIh3d3xLrZbI2bc4hSz8","182gOVtu5IRKuVBdTNgVKx","c1DApcX59MZpARKSpJZmT1","96Fb/7cI1J4Y3QHR0Ffkxe","a2HJcKPXJIRKP2sTnBvjE0","663jZTcgBPKoTVsepRZbYK","49m/xJIypF/oRrfmHEHOVO","1eVyRze9VE6KXrWgrwYBWB","a6gj37XUVMwqOYHxM3hrYW","affri+OLJIgIG6me6BLyWD","dfXqGmGntO8qLsAtiUKVeY","c12NnC8NJG7K7UocK6mlCL","2ey66mzndP3rJ1VV1g7R0E","33iVR3ujxLp6EDDger6vsn","94CSqrI/1OrKTXG+vWhPPa","0eIeY56ItHNLqiqSwb0Nac","82eCfXBgpClYz5ThNIydN8","74O68wVcJF970GthU5GQMR","3euTCX6jdDIY7Xb95jGCqL","6dl9LH8bVJ6IdeoFTuQEYX","f2jVOFOU5A3YmY+MpOx31+","2fvzRpOM5DQY5zeJpln9Ra","908uJHceBJhKWB1M7CwyVE","1euaxy/KFEbpst3+Mw9wtJ","06kM9CzVRNDIAb5fFU8YRp","5bmsJJhphFb7MEvAlehyr9","7aA1S4QbhMII7Vbmsp49aq","36fZ7Q8MFGhLYP1NzKkGyY","8cuDtFBaJE1ZhVGQTR8f8o","84Zi1NO2VEgr/8YoaWI6oz","53ODZtGaJNjKwromTvG0w6","b0O2bm53tLqbTklBvDPN+8","6d8LN2uA9L1JiNJhJoSIk0","b90A2WMLlLaKhdGgAlEUY+","d1jiqWe9FLtoZrVWo+zCiK","472woA4BFDMp9dIlM+e7j6","f8Sm9tKpJOdZ/yZQPWT4u5","62UpW58Z1AC7gnT8O3yaDH","12/P8hBHVLf5j04t29l1Jo","b9DfqfK+ZLpp2Hp501iYON"],["_textureSetter","box","btnbg1","btnbg2","challengeBg","clock","cow","cup","droparrows","gift","gradeicon1","gradeicon2","gradeicon3","gradeicon4","gradeicon5","gradeicon6","gradeicon7","gradeicon8","gradeicon9","headbg1","headbg2","headimg","icon_1","icon_3","icon_4","icon_5","icon_6","img1","img2","img3","itemicon1","itemicon2","itemicon3","itemicon4","left","musicbg","notepad","pk_earth","pk_head","puzzle","rank","right","strong","uparrows","voice_close","voice_open"],["cc.SpriteFrame",["cc.SpriteAtlas",["_name","_spriteFrames"],2,11]],[[1,0,1,2]],[[[{"name":"gradeicon4","rect":[282,540,177,221],"offset":[0,0],"originalSize":[177,221],"rotated":1,"capInsets":[0,0,0,0]}],[0],0,[0],[0],[0]],[[{"name":"itemicon4","rect":[819,3,196,201],"offset":[0,0],"originalSize":[196,201],"rotated":1,"capInsets":[0,0,0,0]}],[0],0,[0],[0],[0]],[[{"name":"icon_4","rect":[71,938,97,83],"offset":[0,0],"originalSize":[97,83],"capInsets":[0,0,0,0]}],[0],0,[0],[0],[0]],[[{"name":"right","rect":[3,3,31,949],"offset":[0,0],"originalSize":[31,949],"capInsets":[0,0,0,0]}],[0],0,[0],[0],[0]],[[{"name":"gradeicon3","rect":[306,388,148,221],"offset":[0,0],"originalSize":[148,221],"rotated":1,"capInsets":[0,0,0,0]}],[0],0,[0],[0],[0]],[[{"name":"cow","rect":[953,489,52,43],"offset":[0,0],"originalSize":[52,43],"capInsets":[0,0,0,0]}],[0],0,[0],[0],[0]],[[{"name":"gradeicon2","rect":[728,384,148,221],"offset":[0,0],"originalSize":[148,221],"rotated":1,"capInsets":[0,0,0,0]}],[0],0,[0],[0],[0]],[[{"name":"icon_5","rect":[795,776,92,94],"offset":[0,0],"originalSize":[92,94],"rotated":1,"capInsets":[0,0,0,0]}],[0],0,[0],[0],[0]],[[{"name":"itemicon3","rect":[531,380,193,167],"offset":[0,0],"originalSize":[193,167],"capInsets":[0,0,0,0]}],[0],0,[0],[0],[0]],[[{"name":"left","rect":[38,3,29,949],"offset":[0,0],"originalSize":[29,949],"capInsets":[0,0,0,0]}],[0],0,[0],[0],[0]],[[{"name":"gradeicon5","rect":[728,203,177,221],"offset":[0,0],"originalSize":[177,221],"rotated":1,"capInsets":[0,0,0,0]}],[0],0,[0],[0],[0]],[[{"name":"gradeicon6","rect":[594,3,177,221],"offset":[0,0],"originalSize":[177,221],"rotated":1,"capInsets":[0,0,0,0]}],[0],0,[0],[0],[0]],[[{"name":"pk_earth","rect":[261,936,85,86],"offset":[0,0],"originalSize":[85,86],"rotated":1,"capInsets":[0,0,0,0]}],[0],0,[0],[0],[0]],[[{"name":"gradeicon8","rect":[71,473,207,220],"offset":[0,0],"originalSize":[207,220],"capInsets":[0,0,0,0]}],[0],0,[0],[0],[0]],[[{"name":"gradeicon7","rect":[306,164,207,220],"offset":[0,0],"originalSize":[207,220],"capInsets":[0,0,0,0]}],[0],0,[0],[0],[0]],[[{"name":"icon_6","rect":[172,938,83,81],"offset":[0,0],"originalSize":[83,81],"rotated":1,"capInsets":[0,0,0,0]}],[0],0,[0],[0],[0]],[[{"name":"strong","rect":[953,404,81,54],"offset":[0,0],"originalSize":[81,54],"rotated":1,"capInsets":[0,0,0,0]}],[0],0,[0],[0],[0]],[[[0,"mastloadimg1.plist",[{},"box",6,0,"btnbg1",6,1,"btnbg2",6,2,"challengeBg",6,3,"clock",6,4,"cow",6,5,"cup",6,6,"droparrows",6,7,"gift",6,8,"gradeicon1",6,9,"gradeicon2",6,10,"gradeicon3",6,11,"gradeicon4",6,12,"gradeicon5",6,13,"gradeicon6",6,14,"gradeicon7",6,15,"gradeicon8",6,16,"gradeicon9",6,17,"headbg1",6,18,"headbg2",6,19,"headimg",6,20,"icon_1",6,21,"icon_3",6,22,"icon_4",6,23,"icon_5",6,24,"icon_6",6,25,"img1",6,26,"img2",6,27,"img3",6,28,"itemicon1",6,29,"itemicon2",6,30,"itemicon3",6,31,"itemicon4",6,32,"left",6,33,"musicbg",6,34,"notepad",6,35,"pk_earth",6,36,"pk_head",6,37,"puzzle",6,38,"rank",6,39,"right",6,40,"strong",6,41,"uparrows",6,42,"voice_close",6,43,"voice_open",6,44]]],0,0,[0,0,0,0,0,0,0,0,0,0,0,0,0,0,0,0,0,0,0,0,0,0,0,0,0,0,0,0,0,0,0,0,0,0,0,0,0,0,0,0,0,0,0,0,0],[1,2,3,4,5,6,7,8,9,10,11,12,13,14,15,16,17,18,19,20,21,22,23,24,25,26,27,28,29,30,31,32,33,34,35,36,37,38,39,40,41,42,43,44,45],[1,2,3,4,5,6,7,8,9,10,11,12,13,14,15,16,17,18,19,20,21,22,23,24,25,26,27,28,29,30,31,32,33,34,35,36,37,38,39,40,41,42,43,44,45]]]]