[1,["0bKD0xSTpHwJfr9n8tz4CW","f8UkzRE8dAuql+N4gFcm5w","afR6aWgVZE0KsEqCTFjDAy","59wJpAPPROSYLLD0KxE2eK","4csY/AWxdLRpkPO0bNv81V","d0cNhlVgFKPqk3wvHiKx1P","fb+wAly7tPmopO10Mpz67x","1cq8jn1rhFsKN/jq5LaGJU","9eyWJIIEdJxIB9nedQiR3C","bd49jfW/ZAbZR6JjGUbtu1","4eLGtoUM1HnLCWMqUeMQpd","4aSSKU8XdCQo5NwVDfrw22","dapXOJzXZIYqXqBB1+vbBh","5aQRg0+e9LBaqVwaeweMk0","c9br1t+P5BpKO6niPS7cpL","2bMJPM4bBHG5QXU0LnOuH9","341DnNC3VPN4kZTAf3JmN6","3fkg8Nb3VGEKGlXbh2S6GM","f2xIy4/dpBoqs0lv4Y5PGn","b2FzVvisNAoLAaHoPrS4SW","15kwEqDaRP8Z+V6ng9LArm","faaBxDLf1B/YUUQvRF/Ib2"],["_textureSetter","Score_","bg_gdt1","bg_gdt2","bossBgLight","bossHpImg","bossHpProgressBar","bossHpProgressBg","conveyBelt1","conveyBelt2","conveyBelt3","line","shijian","target_birdcage","target_bonfire","target_boss","target_clawball","target_clock","target_dragonfly","target_egg","target_flower","target_grid"],["cc.SpriteFrame",["cc.SpriteAtlas",["_name","_spriteFrames"],2,11]],[[1,0,1,2]],[[[{"name":"target_flower","rect":[242,186,80,73],"offset":[0,0],"originalSize":[80,73],"capInsets":[0,0,0,0]}],[0],0,[0],[0],[0]],[[{"name":"target_boss","rect":[351,93,102,81],"offset":[0,0],"originalSize":[102,81],"capInsets":[0,0,0,0]}],[0],0,[0],[0],[0]],[[{"name":"target_clawball","rect":[2,268,78,77],"offset":[0,0],"originalSize":[80,81],"rotated":1,"capInsets":[0,0,0,0]}],[0],0,[0],[0],[0]],[[[0,"fightimg2.plist",[{},"Score_",6,0,"bg_gdt1",6,1,"bg_gdt2",6,2,"bossBgLight",6,3,"bossHpImg",6,4,"bossHpProgressBar",6,5,"bossHpProgressBg",6,6,"conveyBelt1",6,7,"conveyBelt2",6,8,"conveyBelt3",6,9,"line",6,10,"shijian",6,11,"target_birdcage",6,12,"target_bonfire",6,13,"target_boss",6,14,"target_clawball",6,15,"target_clock",6,16,"target_dragonfly",6,17,"target_egg",6,18,"target_flower",6,19,"target_grid",6,20]]],0,0,[0,0,0,0,0,0,0,0,0,0,0,0,0,0,0,0,0,0,0,0,0],[1,2,3,4,5,6,7,8,9,10,11,12,13,14,15,16,17,18,19,20,21],[1,2,3,4,5,6,7,8,9,10,11,12,13,14,15,16,17,18,19,20,21]],[[{"name":"line","rect":[489,406,8,8],"offset":[0,0],"originalSize":[8,8],"capInsets":[0,0,0,0]}],[0],0,[0],[0],[0]],[[{"name":"conveyBelt3","rect":[2,186,76,76],"offset":[0,0],"originalSize":[76,76],"capInsets":[0,0,0,0]}],[0],0,[0],[0],[0]],[[{"name":"target_birdcage","rect":[168,186,80,71],"offset":[0,0],"originalSize":[80,71],"rotated":1,"capInsets":[0,0,0,0]}],[0],0,[0],[0],[0]],[[{"name":"conveyBelt1","rect":[81,264,76,76],"offset":[0,0],"originalSize":[76,76],"capInsets":[0,0,0,0]}],[0],0,[0],[0],[0]],[[{"name":"target_egg","rect":[2,938,85,82],"offset":[0,0],"originalSize":[85,82],"capInsets":[0,0,0,0]}],[0],0,[0],[0],[0]],[[{"name":"conveyBelt2","rect":[80,186,76,76],"offset":[0,0],"originalSize":[76,76],"capInsets":[0,0,0,0]}],[0],0,[0],[0],[0]],[[{"name":"target_bonfire","rect":[351,2,89,104],"offset":[0,0],"originalSize":[89,104],"rotated":1,"capInsets":[0,0,0,0]}],[0],0,[0],[0],[0]],[[{"name":"target_dragonfly","rect":[351,176,93,83],"offset":[0,0],"originalSize":[93,83],"capInsets":[0,0,0,0]}],[0],0,[0],[0],[0]],[[{"name":"Score_","rect":[324,186,66,22],"offset":[0,0],"originalSize":[66,22],"rotated":1,"capInsets":[0,0,0,0]}],[0],0,[0],[0],[0]],[[{"name":"target_grid","rect":[160,936,80,80],"offset":[0,0],"originalSize":[80,80],"capInsets":[0,0,0,0]}],[0],0,[0],[0],[0]]]]