[1,["8agFqU6lNBwKnOs7u7dJ+L"],0,[["sp.SkeletonData",["_name","_atlasText","textureNames","_skeletonJson","textures"],-1,3]],[[0,0,1,2,3,4,5]],[[0,"spread","\nspread.png\nsize: 184,184\nformat: RGBA8888\nfilter: Linear,Linear\nrepeat: none\nquanquan\n  rotate: false\n  xy: 2, 37\n  size: 146, 145\n  orig: 150, 150\n  offset: 0, 4\n  index: -1\nxiaoxingxing\n  rotate: false\n  xy: 2, 2\n  size: 32, 33\n  orig: 50, 50\n  offset: 10, 8\n  index: -1\n",["spread.png"],{"skeleton":{"hash":"YzEZO47x3ZOQzAiNZYXngogE/kY","spine":"3.6.53","width":150,"height":150,"fps":50,"images":"./获得星星/"},"bones":[{"name":"root"},{"name":"quan","parent":"root"},{"name":"xingxing","parent":"root"},{"name":"xiaoxingxing","parent":"xingxing"},{"name":"xingxing2","parent":"root","rotation":-131.91,"scaleX":0.7,"scaleY":0.7},{"name":"xiaoxingxing2","parent":"xingxing2"},{"name":"xingxing3","parent":"root","rotation":141.1},{"name":"xiaoxingxing3","parent":"xingxing3"},{"name":"xingxing4","parent":"root","rotation":58.25,"scaleX":0.6,"scaleY":0.6},{"name":"xiaoxingxing4","parent":"xingxing4"},{"name":"xingxing5","parent":"root","rotation":-49.76,"scaleX":0.6,"scaleY":0.6},{"name":"xiaoxingxing5","parent":"xingxing5"}],"slots":[{"name":"quanquan","bone":"quan","color":"ffffff00","attachment":"quanquan","blend":"additive"},{"name":"xiaoxianxging","bone":"xiaoxingxing","color":"ffffff00","attachment":"xiaoxingxing","blend":"additive"},{"name":"xiaoxianxging5","bone":"xiaoxingxing5","color":"ffffff00","attachment":"xiaoxingxing","blend":"additive"},{"name":"xiaoxianxging4","bone":"xiaoxingxing4","color":"ffffff00","attachment":"xiaoxingxing","blend":"additive"},{"name":"xiaoxianxging3","bone":"xiaoxingxing3","color":"ffffff00","attachment":"xiaoxingxing","blend":"additive"},{"name":"xiaoxianxging2","bone":"xiaoxingxing2","color":"ffffff00","attachment":"xiaoxingxing","blend":"additive"}],"skins":{"default":{"quanquan":{"quanquan":{"width":150,"height":150}},"xiaoxianxging":{"xiaoxingxing":{"width":50,"height":50}},"xiaoxianxging2":{"xiaoxingxing":{"width":50,"height":50}},"xiaoxianxging3":{"xiaoxingxing":{"width":50,"height":50}},"xiaoxianxging4":{"xiaoxingxing":{"width":50,"height":50}},"xiaoxianxging5":{"xiaoxingxing":{"width":50,"height":50}}}},"animations":{"spread":{"slots":{"quanquan":{"color":[{"time":0,"color":"ffffff00"},{"time":0.16,"color":"ffffffff"},{"time":0.36,"color":"ffffff00"}]},"xiaoxianxging":{"color":[{"time":0,"color":"ffffff00","curve":"stepped"},{"time":0.12,"color":"ffffff00"},{"time":0.18,"color":"ffffffff"},{"time":0.36,"color":"ffffff00"}]},"xiaoxianxging2":{"color":[{"time":0,"color":"ffffff00","curve":"stepped"},{"time":0.06,"color":"ffffff00"},{"time":0.14,"color":"ffffffff"},{"time":0.3,"color":"ffffff00"}]},"xiaoxianxging3":{"color":[{"time":0,"color":"ffffff00","curve":"stepped"},{"time":0.08,"color":"ffffff00"},{"time":0.18,"color":"ffffffff"},{"time":0.32,"color":"ffffff00"}]},"xiaoxianxging4":{"color":[{"time":0,"color":"ffffff00","curve":"stepped"},{"time":0.16,"color":"ffffff00"},{"time":0.24,"color":"ffffffff"},{"time":0.4,"color":"ffffff00"}]},"xiaoxianxging5":{"color":[{"time":0,"color":"ffffff00","curve":"stepped"},{"time":0.06,"color":"ffffff00"},{"time":0.14,"color":"ffffffff"},{"time":0.3,"color":"ffffff00"}]}},"bones":{"quan":{"translate":[{"time":0,"x":0,"y":0,"curve":"stepped"},{"time":0.36,"x":0,"y":0}],"scale":[{"time":0,"x":0.2,"y":0.2},{"time":0.16,"x":0.64,"y":0.64},{"time":0.36,"x":1,"y":1}]},"xiaoxingxing":{"rotate":[{"time":0,"angle":0,"curve":"stepped"},{"time":0.12,"angle":0},{"time":0.36,"angle":-120.12}],"translate":[{"time":0,"x":0,"y":0,"curve":"stepped"},{"time":0.12,"x":0,"y":0},{"time":0.36,"x":58.87,"y":0}],"scale":[{"time":0,"x":0.638,"y":0.638,"curve":"stepped"},{"time":0.12,"x":0.638,"y":0.638},{"time":0.36,"x":1,"y":1}]},"xiaoxingxing2":{"rotate":[{"time":0,"angle":0,"curve":"stepped"},{"time":0.06,"angle":0},{"time":0.3,"angle":-120.12}],"translate":[{"time":0,"x":0,"y":0,"curve":"stepped"},{"time":0.06,"x":0,"y":0},{"time":0.3,"x":58.87,"y":0}],"scale":[{"time":0,"x":0.638,"y":0.638,"curve":"stepped"},{"time":0.06,"x":0.638,"y":0.638},{"time":0.3,"x":1,"y":1}]},"xiaoxingxing3":{"rotate":[{"time":0,"angle":0,"curve":"stepped"},{"time":0.08,"angle":0},{"time":0.32,"angle":-120.12}],"translate":[{"time":0,"x":0,"y":0,"curve":"stepped"},{"time":0.08,"x":0,"y":0},{"time":0.32,"x":58.87,"y":0}],"scale":[{"time":0,"x":0.638,"y":0.638,"curve":"stepped"},{"time":0.08,"x":0.638,"y":0.638},{"time":0.32,"x":1,"y":1}]},"xiaoxingxing4":{"rotate":[{"time":0,"angle":0,"curve":"stepped"},{"time":0.16,"angle":0},{"time":0.4,"angle":-120.12}],"translate":[{"time":0,"x":0,"y":0,"curve":"stepped"},{"time":0.16,"x":0,"y":0},{"time":0.4,"x":58.87,"y":0}],"scale":[{"time":0,"x":0.638,"y":0.638,"curve":"stepped"},{"time":0.16,"x":0.638,"y":0.638},{"time":0.4,"x":1,"y":1}]},"xiaoxingxing5":{"rotate":[{"time":0,"angle":0,"curve":"stepped"},{"time":0.06,"angle":0},{"time":0.3,"angle":-120.12}],"translate":[{"time":0,"x":0,"y":0,"curve":"stepped"},{"time":0.06,"x":0,"y":0},{"time":0.3,"x":58.87,"y":0}],"scale":[{"time":0,"x":0.638,"y":0.638,"curve":"stepped"},{"time":0.06,"x":0.638,"y":0.638},{"time":0.3,"x":1,"y":1}]}}}}},[0]]],0,0,[0],[-1],[0]]