[1,["32c3hMUXBG9pJ8Y3vUZLdp"],0,[["sp.SkeletonData",["_name","_atlasText","textureNames","_skeletonJson","textures"],-1,3]],[[0,0,1,2,3,4,5]],[[0,"egg","\negg.png\nsize: 125,125\nformat: RGBA8888\nfilter: Linear,Linear\nrepeat: none\nchibang05\n  rotate: false\n  xy: 39, 46\n  size: 18, 19\n  orig: 18, 19\n  offset: 0, 0\n  index: -1\nchibang06\n  rotate: false\n  xy: 59, 46\n  size: 18, 19\n  orig: 18, 19\n  offset: 0, 0\n  index: -1\nliewen\n  rotate: true\n  xy: 89, 88\n  size: 35, 33\n  orig: 35, 33\n  offset: 0, 0\n  index: -1\nmeimao03\n  rotate: true\n  xy: 116, 72\n  size: 14, 7\n  orig: 14, 7\n  offset: 0, 0\n  index: -1\nniaodan02\n  rotate: false\n  xy: 2, 73\n  size: 44, 50\n  orig: 44, 50\n  offset: 0, 0\n  index: -1\nniaowo\n  rotate: false\n  xy: 2, 2\n  size: 53, 23\n  orig: 53, 23\n  offset: 0, 0\n  index: -1\nsuipian01\n  rotate: false\n  xy: 48, 91\n  size: 39, 32\n  orig: 39, 32\n  offset: 0, 0\n  index: -1\nsuipian02\n  rotate: false\n  xy: 48, 67\n  size: 39, 22\n  orig: 39, 22\n  offset: 0, 0\n  index: -1\ntou04\n  rotate: false\n  xy: 2, 27\n  size: 35, 44\n  orig: 35, 44\n  offset: 0, 0\n  index: -1\nyanjing01\n  rotate: false\n  xy: 89, 73\n  size: 25, 13\n  orig: 25, 13\n  offset: 0, 0\n  index: -1\nzuiba02\n  rotate: false\n  xy: 39, 34\n  size: 9, 10\n  orig: 9, 10\n  offset: 0, 0\n  index: -1\n",["egg.png"],{"skeleton":{"hash":"iJftrOqX53YOt3qY5aIdnGvYPdE","spine":"3.6.53","width":53,"height":61.5,"fps":50,"images":"./images/"},"bones":[{"name":"root"},{"name":"xiaoniao","parent":"root","y":1.32},{"name":"tou04","parent":"xiaoniao","length":17.72,"rotation":89.73,"x":-0.24,"y":0.26,"transform":"noScaleOrReflection"},{"name":"chibang05","parent":"tou04","length":9.28,"rotation":49.31,"x":12.14,"y":8.09},{"name":"chibang06","parent":"tou04","length":7.46,"rotation":-54.4,"x":14.15,"y":-10.56},{"name":"chibang6","parent":"chibang05","length":5,"rotation":4.09,"x":9.34,"y":0.05},{"name":"chibang7","parent":"chibang06","length":5.1,"rotation":2.92,"x":7.12,"y":0.05},{"name":"meimao03","parent":"tou04","x":27.62,"y":0.21},{"name":"niaodan01","parent":"root"},{"name":"niaodan2","parent":"niaodan01","x":-4.58,"y":23.92},{"name":"niaowo","parent":"root","x":-0.4,"y":0.01},{"name":"suipian","parent":"root","y":2.29},{"name":"suipian01","parent":"suipian","x":0.29,"y":36.57},{"name":"suipian02","parent":"suipian","x":0.07,"y":8.06},{"name":"tou5","parent":"tou04","length":9.91,"rotation":0.37,"x":17.51,"y":0.04},{"name":"tou4","parent":"tou5","length":8.83,"rotation":-0.1,"x":9.79,"y":0.11},{"name":"tou7","parent":"tou4","length":4.02,"rotation":-0.29,"x":8.74,"y":0.03},{"name":"yanjing01","parent":"tou04","x":20.78,"y":0.24},{"name":"zuiba02","parent":"tou04","x":14.61,"y":-0.15}],"slots":[{"name":"niaowo","bone":"niaowo","color":"ffffff00","attachment":"niaowo"},{"name":"chibang06","bone":"chibang7","color":"ffffff00","attachment":"chibang06"},{"name":"chibang05","bone":"chibang6","color":"ffffff00","attachment":"chibang05"},{"name":"tou04","bone":"tou7","color":"ffffff00","attachment":"tou04"},{"name":"meimao03","bone":"meimao03","color":"ffffff00","attachment":"meimao03"},{"name":"zuiba02","bone":"zuiba02","color":"ffffff00","attachment":"zuiba02"},{"name":"yanjing01","bone":"yanjing01","color":"ffffff00","attachment":"yanjing01"},{"name":"niaodan01","bone":"niaodan01","color":"ffffff00","attachment":"niaodan02"},{"name":"suipian01","bone":"suipian01","color":"ffffff00","attachment":"suipian01"},{"name":"suipian02","bone":"suipian02","color":"ffffff00","attachment":"suipian02"},{"name":"niaodan1","bone":"niaodan2","color":"ffffff00","attachment":"liewen"}],"skins":{"default":{"chibang05":{"chibang05":{"type":"mesh","hull":11,"width":18,"height":19,"uvs":[0.04113,0.0949,0.2806,0.0174,0.53586,0.0374,0.77796,0.1949,0.92007,0.3924,0.92533,0.73989,0.83059,0.88989,0.56218,0.93239,0.30692,0.86239,0.09639,0.5874,0,0.3524,0.26218,0.2499,0.5227,0.4549,0.74375,0.64989],"triangles":[9,11,12,11,0,1,10,0,11,2,11,1,9,10,11,12,11,2,12,2,3,12,3,4,13,12,4,13,4,5,8,9,12,7,8,12,6,13,5,13,7,12,6,7,13],"vertices":[1,5,8.11,-0.86,1,1,5,5.4,-4.83,1,2,3,11.15,-7.26,0.224,5,1.28,-7.42,0.776,2,3,5.61,-7.9,0.616,5,-4.29,-7.66,0.384,2,3,0.98,-6.69,0.99995,5,-8.82,-6.12,0.00005,1,3,-3.65,-1.5,1,2,3,-4.26,1.94,0.992,5,-13.43,2.86,0.008,1,3,-0.97,5.93,1,1,3,3.61,8.05,1,2,3,10.24,6.52,0.568,5,1.36,6.39,0.432,2,3,14.7,4.17,0.184,5,5.65,3.72,0.816,2,3,12.29,-0.64,0.224,5,2.89,-0.9,0.776,2,3,5.86,-0.79,0.624,5,-3.53,-0.59,0.376,1,3,0.13,-0.6,1],"edges":[0,2,2,4,4,6,6,8,8,10,10,12,12,14,14,16,16,18,18,20,0,20,0,22,22,24,24,26]}},"chibang06":{"chibang06":{"type":"mesh","hull":12,"width":18,"height":19,"uvs":[0.17366,0.81851,0.07644,0.62904,0.09589,0.37904,0.25422,0.18167,0.47366,0.0422,0.68199,0,0.95143,0.0501,1,0.2843,0.89032,0.55272,0.72365,0.7843,0.5931,0.91587,0.35421,0.90008,0.7931,0.20273,0.59588,0.3922,0.37088,0.62114],"triangles":[9,13,8,3,4,13,13,12,8,12,13,4,12,5,6,12,6,7,12,4,5,8,12,7,14,3,13,2,3,14,1,2,14,14,13,9,0,1,14,11,0,14,10,11,14,9,10,14],"vertices":[1,4,-4.61,-2.32,1,2,4,-3.95,1.63,0.9965,6,-10.98,2.14,0.0035,1,4,-0.92,5.31,1,2,4,3.57,6.72,0.208,6,-3.2,6.84,0.792,2,4,8.33,6.59,0.288,6,1.54,6.47,0.712,1,6,4.98,4.78,1,1,6,8.2,1.03,1,2,4,13.4,-2.64,0.216,6,6.13,-3.01,0.784,2,4,8.84,-5.66,0.232,6,1.43,-5.79,0.768,1,4,3.84,-7.51,1,1,4,0.48,-8.19,1,1,4,-2.85,-5.46,1,2,4,11.25,0.78,0.224,6,4.17,0.52,0.776,2,4,6.28,-0.1,0.2,6,-0.85,-0.11,0.8,1,4,0.46,-1.31,1],"edges":[0,2,2,4,4,6,6,8,8,10,10,12,12,14,14,16,16,18,18,20,20,22,0,22,12,24,24,26,26,28]}},"meimao03":{"meimao03":{"x":0.07,"y":-0.21,"rotation":-89.73,"width":14,"height":7}},"niaodan01":{"niaodan02":{"x":0.24,"y":24.2,"width":44,"height":50}},"niaodan1":{"liewen":{"x":2.34,"y":4.6,"width":35,"height":33}},"niaowo":{"niaowo":{"x":0.4,"y":-0.16,"width":53,"height":23}},"suipian01":{"suipian01":{"x":-0.29,"y":-5,"width":39,"height":32}},"suipian02":{"suipian02":{"x":-0.07,"y":1.4,"width":39,"height":22}},"tou04":{"tou04":{"type":"mesh","hull":19,"width":35,"height":44,"uvs":[0.50918,1,0.3273,0.97818,0.13484,0.89837,0.03873,0.80392,0.02286,0.66314,0.05221,0.38253,0.13258,0.21484,0.26458,0.13166,0.31544,0.05075,0.41557,0.00001,0.571,0,0.69501,0.11475,0.81562,0.16306,0.90991,0.27761,0.96909,0.39351,0.98515,0.6541,0.95803,0.81346,0.84795,0.9326,0.68909,0.98351,0.49266,0.26232,0.49951,0.45322,0.51323,0.77322,0.29609,0.23322,0.70294,0.21141,0.1978,0.43504,0.76237,0.42595,0.19551,0.72959,0.82637,0.73686],"triangles":[8,9,19,19,9,10,22,7,8,20,22,19,20,24,22,4,5,24,25,19,23,5,6,24,24,6,22,22,8,19,19,11,23,19,10,11,6,7,22,23,11,12,26,24,20,21,20,25,25,20,19,25,13,14,13,23,12,13,25,23,18,0,21,0,1,21,17,18,27,2,26,1,1,26,21,18,21,27,17,27,16,2,3,26,16,27,15,26,20,21,3,4,26,21,25,27,27,25,15,26,4,24,25,14,15],"vertices":[1,2,-1.8,-0.96,1,3,2,-0.87,5.41,0.99714,14,-18.35,5.48,0.00005,15,-28.15,5.32,0.00282,3,2,2.61,12.16,0.94455,14,-14.83,12.21,0.02073,15,-24.64,12.06,0.03472,3,2,6.75,15.54,0.85749,14,-10.66,15.57,0.06327,15,-20.48,15.42,0.07924,3,2,12.94,16.13,0.6603,14,-4.47,16.12,0.15586,15,-14.29,15.98,0.18383,4,2,25.29,15.16,0.11056,14,7.88,15.07,0.18753,15,-1.94,14.95,0.66587,16,-10.76,14.87,0.03605,4,2,32.68,12.38,0.00624,14,15.25,12.24,0.02718,15,5.44,12.14,0.78627,16,-3.36,12.09,0.18031,2,15,9.1,7.52,0.46251,16,0.32,7.49,0.53749,2,15,12.66,5.74,0.07454,16,3.89,5.73,0.92546,1,16,6.14,2.23,1,4,2,42.21,-2.92,0.00035,14,24.68,-3.12,0.01912,15,14.89,-3.21,0.32754,16,6.17,-3.21,0.65299,4,2,37.18,-7.28,0.03343,14,19.62,-7.45,0.28353,15,9.84,-7.55,0.67602,16,1.14,-7.57,0.00701,3,2,35.07,-11.51,0.096,14,17.49,-11.67,0.5024,15,7.72,-11.77,0.4016,3,2,30.05,-14.84,0.23194,14,12.44,-14.96,0.6079,15,2.68,-15.07,0.16016,3,2,24.96,-16.93,0.41629,14,7.34,-17.02,0.54096,15,-2.42,-17.14,0.04275,2,2,13.49,-17.55,0.85485,14,-4.13,-17.57,0.14515,2,2,6.48,-16.63,0.97592,14,-11.14,-16.6,0.02408,2,2,1.22,-12.81,0.9997,14,-16.37,-12.74,0.0003,1,2,-1.05,-7.26,1,3,2,30.65,-0.23,0.00156,14,13.14,-0.36,0.06628,15,3.35,-0.46,0.93216,2,2,22.25,-0.51,0.02774,14,4.74,-0.58,0.97226,1,2,8.17,-1.06,1,4,2,31.9,6.66,0.00045,14,14.43,6.52,0.00418,15,4.63,6.42,0.78503,16,-4.14,6.37,0.21034,3,2,32.93,-7.58,0.07172,14,15.37,-7.72,0.47744,15,5.59,-7.82,0.45084,4,2,23,10.05,0.1338,14,5.56,9.98,0.2837,15,-4.25,9.86,0.56463,16,-13.04,9.76,0.01787,3,2,23.5,-9.7,0.40282,14,5.92,-9.79,0.57773,15,-3.85,-9.9,0.01945,3,2,10.04,10.07,0.83205,14,-7.4,10.08,0.08164,15,-17.21,9.94,0.08631,2,2,9.83,-12.01,0.95998,14,-7.76,-12,0.04002],"edges":[0,2,2,4,4,6,6,8,8,10,10,12,12,14,14,16,18,20,22,24,24,26,26,28,28,30,30,32,32,34,34,36,0,36,16,18,20,22]}},"yanjing01":{"yanjing01":{"x":-0.09,"y":-0.77,"rotation":-89.73,"width":25,"height":13}},"zuiba02":{"zuiba02":{"x":-0.41,"y":-0.42,"rotation":-89.73,"width":9,"height":10}}}},"animations":{"phase1":{"slots":{"niaodan01":{"color":[{"time":0,"color":"ffffffff","curve":"stepped"},{"time":0.6,"color":"ffffffff","curve":"stepped"},{"time":1.2,"color":"ffffffff"}]},"niaowo":{"color":[{"time":0,"color":"ffffffff","curve":"stepped"},{"time":0.6,"color":"ffffffff","curve":"stepped"},{"time":1.2,"color":"ffffffff"}]}},"bones":{"niaodan01":{"rotate":[{"time":0,"angle":0,"curve":"stepped"},{"time":0.3,"angle":0,"curve":"stepped"},{"time":0.6,"angle":0,"curve":"stepped"},{"time":0.9,"angle":0},{"time":0.96,"angle":9.72},{"time":1.02,"angle":-6.47},{"time":1.08,"angle":5.28},{"time":1.16,"angle":-2.79},{"time":1.3,"angle":0,"curve":"stepped"},{"time":1.5,"angle":0,"curve":"stepped"},{"time":1.8,"angle":0}],"translate":[{"time":0,"x":0,"y":0,"curve":"stepped"},{"time":0.3,"x":0,"y":0,"curve":"stepped"},{"time":0.6,"x":0,"y":0,"curve":"stepped"},{"time":0.9,"x":0,"y":0,"curve":"stepped"},{"time":1.2,"x":0,"y":0,"curve":"stepped"},{"time":1.5,"x":0,"y":0,"curve":"stepped"},{"time":1.8,"x":0,"y":0}],"scale":[{"time":0,"x":1,"y":1},{"time":0.3,"x":1.047,"y":0.898},{"time":0.6,"x":1,"y":1},{"time":0.9,"x":1.047,"y":0.898},{"time":1.2,"x":1,"y":1},{"time":1.5,"x":1.047,"y":0.898},{"time":1.8,"x":1,"y":1}]}}},"phase2":{"slots":{"niaodan01":{"color":[{"time":0,"color":"ffffffff"}]},"niaodan1":{"color":[{"time":0,"color":"ffffffff","curve":"stepped"},{"time":0.6,"color":"ffffffff"}]},"niaowo":{"color":[{"time":0,"color":"ffffffff"}]}},"bones":{"niaodan01":{"rotate":[{"time":0,"angle":0,"curve":"stepped"},{"time":0.3,"angle":0,"curve":"stepped"},{"time":0.6,"angle":0}],"translate":[{"time":0,"x":0,"y":0,"curve":"stepped"},{"time":0.3,"x":0,"y":0,"curve":"stepped"},{"time":0.6,"x":0,"y":0}],"scale":[{"time":0,"x":1,"y":1},{"time":0.3,"x":1.047,"y":0.898},{"time":0.6,"x":1,"y":1}]}}},"phase3":{"slots":{"chibang05":{"color":[{"time":0,"color":"ffffffff","curve":"stepped"},{"time":0.6,"color":"ffffffff","curve":"stepped"},{"time":1.2,"color":"ffffffff"}]},"chibang06":{"color":[{"time":0,"color":"ffffffff","curve":"stepped"},{"time":0.6,"color":"ffffffff","curve":"stepped"},{"time":1.2,"color":"ffffffff"}]},"meimao03":{"color":[{"time":0,"color":"ffffffff","curve":"stepped"},{"time":0.6,"color":"ffffffff","curve":"stepped"},{"time":1.2,"color":"ffffffff"}]},"niaowo":{"color":[{"time":0,"color":"ffffffff","curve":"stepped"},{"time":0.6,"color":"ffffffff","curve":"stepped"},{"time":1.2,"color":"ffffffff"}]},"suipian01":{"color":[{"time":0,"color":"ffffffff","curve":"stepped"},{"time":0.6,"color":"ffffffff","curve":"stepped"},{"time":1.2,"color":"ffffffff","curve":"stepped"},{"time":1.8,"color":"ffffffff"}]},"suipian02":{"color":[{"time":0,"color":"ffffffff","curve":"stepped"},{"time":0.6,"color":"ffffffff","curve":"stepped"},{"time":1.2,"color":"ffffffff","curve":"stepped"},{"time":1.8,"color":"ffffffff"}]},"tou04":{"color":[{"time":0,"color":"ffffffff","curve":"stepped"},{"time":0.6,"color":"ffffffff","curve":"stepped"},{"time":1.2,"color":"ffffffff"}]},"yanjing01":{"color":[{"time":0,"color":"ffffffff","curve":"stepped"},{"time":0.6,"color":"ffffffff","curve":"stepped"},{"time":1.2,"color":"ffffffff"}]},"zuiba02":{"color":[{"time":0,"color":"ffffffff","curve":"stepped"},{"time":0.6,"color":"ffffffff","curve":"stepped"},{"time":1.2,"color":"ffffffff"}]}},"bones":{"niaowo":{"rotate":[{"time":0,"angle":0,"curve":"stepped"},{"time":0.6,"angle":0,"curve":"stepped"},{"time":1.2,"angle":0,"curve":"stepped"},{"time":1.8,"angle":0}],"translate":[{"time":0,"x":0,"y":0,"curve":"stepped"},{"time":0.6,"x":0,"y":0,"curve":"stepped"},{"time":1.2,"x":0,"y":0,"curve":"stepped"},{"time":1.8,"x":0,"y":0}],"scale":[{"time":0,"x":1,"y":1,"curve":"stepped"},{"time":0.6,"x":1,"y":1,"curve":"stepped"},{"time":1.2,"x":1,"y":1,"curve":"stepped"},{"time":1.8,"x":1,"y":1}]},"suipian02":{"rotate":[{"time":0,"angle":0,"curve":"stepped"},{"time":0.3,"angle":0,"curve":"stepped"},{"time":0.6,"angle":0,"curve":"stepped"},{"time":0.9,"angle":0,"curve":"stepped"},{"time":1.2,"angle":0,"curve":"stepped"},{"time":1.5,"angle":0,"curve":"stepped"},{"time":1.8,"angle":0}],"translate":[{"time":0,"x":0,"y":0,"curve":[0.25,0,0.75,1]},{"time":0.3,"x":0,"y":-1,"curve":[0.25,0,0.75,1]},{"time":0.6,"x":0,"y":0,"curve":[0.25,0,0.75,1]},{"time":0.9,"x":0,"y":-1,"curve":[0.25,0,0.75,1]},{"time":1.2,"x":0,"y":0},{"time":1.3,"x":0,"y":-1.28},{"time":1.4,"x":0,"y":-0.72},{"time":1.5,"x":0,"y":-1,"curve":[0.25,0,0.75,1]},{"time":1.8,"x":0,"y":0}],"scale":[{"time":0,"x":1,"y":1,"curve":[0.25,0,0.75,1]},{"time":0.3,"x":1.025,"y":0.898,"curve":[0.25,0,0.75,1]},{"time":0.6,"x":1,"y":1,"curve":[0.25,0,0.75,1]},{"time":0.9,"x":1.025,"y":0.898,"curve":[0.25,0,0.75,1]},{"time":1.2,"x":1,"y":1,"curve":[0.25,0,0.75,1]},{"time":1.5,"x":1.025,"y":0.898,"curve":[0.25,0,0.75,1]},{"time":1.8,"x":1,"y":1}]},"suipian01":{"rotate":[{"time":0,"angle":0,"curve":"stepped"},{"time":0.3,"angle":0,"curve":"stepped"},{"time":0.6,"angle":0,"curve":"stepped"},{"time":0.9,"angle":0,"curve":"stepped"},{"time":1.2,"angle":0,"curve":"stepped"},{"time":1.5,"angle":0,"curve":"stepped"},{"time":1.8,"angle":0}],"translate":[{"time":0,"x":0,"y":0,"curve":[0.25,0,0.75,1]},{"time":0.3,"x":0,"y":-4.14,"curve":[0.25,0,0.75,1]},{"time":0.6,"x":0,"y":0},{"time":0.8,"x":0,"y":-4.97},{"time":0.9,"x":0,"y":5.08},{"time":1.2,"x":0,"y":10.86},{"time":1.3,"x":0,"y":9.09},{"time":1.4,"x":0,"y":-4.76},{"time":1.5,"x":0,"y":-3.32},{"time":1.8,"x":0,"y":0}],"scale":[{"time":0,"x":1,"y":1,"curve":"stepped"},{"time":0.3,"x":1,"y":1,"curve":"stepped"},{"time":0.6,"x":1,"y":1,"curve":"stepped"},{"time":0.9,"x":1,"y":1,"curve":"stepped"},{"time":1.2,"x":1,"y":1,"curve":"stepped"},{"time":1.32,"x":1,"y":1,"curve":"stepped"},{"time":1.5,"x":1,"y":1,"curve":"stepped"},{"time":1.8,"x":1,"y":1}]},"tou7":{"rotate":[{"time":0,"angle":4.48},{"time":0.14,"angle":-4.2},{"time":0.44,"angle":13.7},{"time":0.6,"angle":4.48},{"time":0.74,"angle":-4.2},{"time":1.04,"angle":13.7},{"time":1.2,"angle":4.48},{"time":1.34,"angle":-4.2},{"time":1.64,"angle":13.7},{"time":1.8,"angle":4.48}],"translate":[{"time":0,"x":-0.47,"y":0},{"time":0.14,"x":0,"y":0},{"time":0.44,"x":-1,"y":0},{"time":0.6,"x":-0.47,"y":0},{"time":0.74,"x":0,"y":0},{"time":1.04,"x":-1,"y":0},{"time":1.2,"x":-0.47,"y":0},{"time":1.34,"x":0,"y":0},{"time":1.64,"x":-1,"y":0},{"time":1.8,"x":-0.47,"y":0}],"scale":[{"time":0,"x":1,"y":1,"curve":"stepped"},{"time":0.6,"x":1,"y":1,"curve":"stepped"},{"time":1.2,"x":1,"y":1,"curve":"stepped"},{"time":1.8,"x":1,"y":1}]},"chibang7":{"rotate":[{"time":0,"angle":-6.05},{"time":0.1,"angle":0},{"time":0.4,"angle":-18.15},{"time":0.6,"angle":-6.05},{"time":0.7,"angle":0},{"time":0.8,"angle":-6.05},{"time":0.84,"angle":33.55},{"time":0.88,"angle":3.26},{"time":0.92,"angle":-14.8},{"time":0.96,"angle":5.2},{"time":1,"angle":-3.87},{"time":1.04,"angle":13.56},{"time":1.1,"angle":19.67},{"time":1.2,"angle":-6.05},{"time":1.3,"angle":0},{"time":1.6,"angle":-18.15},{"time":1.8,"angle":-6.05}],"translate":[{"time":0,"x":0,"y":0,"curve":"stepped"},{"time":0.1,"x":0,"y":0,"curve":"stepped"},{"time":0.4,"x":0,"y":0,"curve":"stepped"},{"time":0.6,"x":0,"y":0,"curve":"stepped"},{"time":0.7,"x":0,"y":0,"curve":"stepped"},{"time":1,"x":0,"y":0,"curve":"stepped"},{"time":1.2,"x":0,"y":0,"curve":"stepped"},{"time":1.3,"x":0,"y":0,"curve":"stepped"},{"time":1.6,"x":0,"y":0,"curve":"stepped"},{"time":1.8,"x":0,"y":0}],"scale":[{"time":0,"x":1,"y":1,"curve":"stepped"},{"time":0.1,"x":1,"y":1,"curve":"stepped"},{"time":0.4,"x":1,"y":1,"curve":"stepped"},{"time":0.6,"x":1,"y":1,"curve":"stepped"},{"time":0.7,"x":1,"y":1,"curve":"stepped"},{"time":1,"x":1,"y":1,"curve":"stepped"},{"time":1.2,"x":1,"y":1,"curve":"stepped"},{"time":1.3,"x":1,"y":1,"curve":"stepped"},{"time":1.6,"x":1,"y":1,"curve":"stepped"},{"time":1.8,"x":1,"y":1}]},"chibang6":{"rotate":[{"time":0,"angle":5.76},{"time":0.1,"angle":0},{"time":0.4,"angle":17.28},{"time":0.6,"angle":5.76},{"time":0.7,"angle":0},{"time":0.8,"angle":5.76},{"time":0.84,"angle":-28.18},{"time":0.88,"angle":-27.58},{"time":0.92,"angle":26.1},{"time":0.96,"angle":-15.91},{"time":1,"angle":32.31},{"time":1.04,"angle":-9.06},{"time":1.08,"angle":15.28},{"time":1.12,"angle":-11.8},{"time":1.16,"angle":23.24},{"time":1.2,"angle":-17.4},{"time":1.3,"angle":0},{"time":1.6,"angle":17.28},{"time":1.8,"angle":5.76}],"translate":[{"time":0,"x":0,"y":0,"curve":"stepped"},{"time":0.1,"x":0,"y":0,"curve":"stepped"},{"time":0.4,"x":0,"y":0,"curve":"stepped"},{"time":0.6,"x":0,"y":0,"curve":"stepped"},{"time":0.7,"x":0,"y":0,"curve":"stepped"},{"time":1,"x":0,"y":0,"curve":"stepped"},{"time":1.2,"x":0,"y":0,"curve":"stepped"},{"time":1.3,"x":0,"y":0,"curve":"stepped"},{"time":1.6,"x":0,"y":0,"curve":"stepped"},{"time":1.8,"x":0,"y":0}],"scale":[{"time":0,"x":1,"y":1,"curve":"stepped"},{"time":0.1,"x":1,"y":1,"curve":"stepped"},{"time":0.4,"x":1,"y":1,"curve":"stepped"},{"time":0.6,"x":1,"y":1,"curve":"stepped"},{"time":0.7,"x":1,"y":1,"curve":"stepped"},{"time":1,"x":1,"y":1,"curve":"stepped"},{"time":1.2,"x":1,"y":1,"curve":"stepped"},{"time":1.3,"x":1,"y":1,"curve":"stepped"},{"time":1.6,"x":1,"y":1,"curve":"stepped"},{"time":1.8,"x":1,"y":1}]},"zuiba02":{"rotate":[{"time":0,"angle":0,"curve":"stepped"},{"time":0.3,"angle":0,"curve":"stepped"},{"time":0.6,"angle":0,"curve":"stepped"},{"time":0.9,"angle":0,"curve":"stepped"},{"time":1.2,"angle":0,"curve":"stepped"},{"time":1.5,"angle":0,"curve":"stepped"},{"time":1.8,"angle":0}],"translate":[{"time":0,"x":0,"y":0,"curve":[0.25,0,0.75,1]},{"time":0.3,"x":-4.44,"y":-0.02,"curve":[0.25,0,0.75,1]},{"time":0.6,"x":0,"y":0,"curve":[0.25,0,0.75,1]},{"time":0.9,"x":-4.44,"y":-0.02,"curve":[0.25,0,0.75,1]},{"time":1.2,"x":0,"y":0,"curve":[0.25,0,0.75,1]},{"time":1.5,"x":-4.44,"y":-0.02,"curve":[0.25,0,0.75,1]},{"time":1.8,"x":0,"y":0}],"scale":[{"time":0,"x":1,"y":1,"curve":[0.25,0,0.75,1]},{"time":0.3,"x":1.036,"y":1.036,"curve":[0.25,0,0.75,1]},{"time":0.6,"x":1,"y":1,"curve":[0.25,0,0.75,1]},{"time":0.9,"x":1.036,"y":1.036,"curve":[0.25,0,0.75,1]},{"time":1.2,"x":1,"y":1,"curve":[0.25,0,0.75,1]},{"time":1.5,"x":1.036,"y":1.036,"curve":[0.25,0,0.75,1]},{"time":1.8,"x":1,"y":1}]},"yanjing01":{"rotate":[{"time":0,"angle":0,"curve":"stepped"},{"time":0.3,"angle":0,"curve":"stepped"},{"time":0.6,"angle":0,"curve":"stepped"},{"time":0.9,"angle":0,"curve":"stepped"},{"time":1.2,"angle":0,"curve":"stepped"},{"time":1.5,"angle":0,"curve":"stepped"},{"time":1.8,"angle":0}],"translate":[{"time":0,"x":0,"y":0,"curve":[0.25,0,0.75,1]},{"time":0.3,"x":-3.69,"y":-0.02,"curve":[0.25,0,0.75,1]},{"time":0.6,"x":0,"y":0,"curve":[0.25,0,0.75,1]},{"time":0.9,"x":-3.69,"y":-0.02,"curve":[0.25,0,0.75,1]},{"time":1.2,"x":0,"y":0,"curve":[0.25,0,0.75,1]},{"time":1.5,"x":-3.69,"y":-0.02,"curve":[0.25,0,0.75,1]},{"time":1.8,"x":0,"y":0}],"scale":[{"time":0,"x":1,"y":1,"curve":[0.25,0,0.75,1]},{"time":0.3,"x":1.026,"y":1.026,"curve":[0.25,0,0.75,1]},{"time":0.6,"x":1,"y":1,"curve":[0.25,0,0.75,1]},{"time":0.9,"x":1.026,"y":1.026,"curve":[0.25,0,0.75,1]},{"time":1.2,"x":1,"y":1,"curve":[0.25,0,0.75,1]},{"time":1.5,"x":1.026,"y":1.026,"curve":[0.25,0,0.75,1]},{"time":1.8,"x":1,"y":1}]},"tou04":{"rotate":[{"time":0,"angle":0,"curve":"stepped"},{"time":0.6,"angle":0,"curve":"stepped"},{"time":1.2,"angle":0,"curve":"stepped"},{"time":1.8,"angle":0}],"translate":[{"time":0,"x":0,"y":0,"curve":"stepped"},{"time":0.6,"x":0,"y":0,"curve":"stepped"},{"time":1.2,"x":0,"y":0,"curve":"stepped"},{"time":1.8,"x":0,"y":0}],"scale":[{"time":0,"x":1,"y":1},{"time":0.3,"x":1,"y":1.025},{"time":0.6,"x":1,"y":1},{"time":0.9,"x":1,"y":1.025},{"time":1.2,"x":1,"y":1},{"time":1.5,"x":1,"y":1.025},{"time":1.8,"x":1,"y":1}]},"tou5":{"rotate":[{"time":0,"angle":0,"curve":"stepped"},{"time":0.04,"angle":0,"curve":"stepped"},{"time":0.34,"angle":0,"curve":"stepped"},{"time":0.6,"angle":0,"curve":"stepped"},{"time":0.64,"angle":0,"curve":"stepped"},{"time":0.94,"angle":0,"curve":"stepped"},{"time":1.2,"angle":0,"curve":"stepped"},{"time":1.24,"angle":0,"curve":"stepped"},{"time":1.54,"angle":0,"curve":"stepped"},{"time":1.8,"angle":0}],"translate":[{"time":0,"x":-0.18,"y":0},{"time":0.04,"x":0,"y":0},{"time":0.34,"x":-1.33,"y":-0.01},{"time":0.6,"x":-0.18,"y":0},{"time":0.64,"x":0,"y":0},{"time":0.94,"x":-1.33,"y":-0.01},{"time":1.2,"x":-0.18,"y":0},{"time":1.24,"x":0,"y":0},{"time":1.54,"x":-1.33,"y":-0.01},{"time":1.8,"x":-0.18,"y":0}],"scale":[{"time":0,"x":1,"y":1,"curve":"stepped"},{"time":0.04,"x":1,"y":1,"curve":"stepped"},{"time":0.34,"x":1,"y":1,"curve":"stepped"},{"time":0.6,"x":1,"y":1,"curve":"stepped"},{"time":0.64,"x":1,"y":1,"curve":"stepped"},{"time":0.94,"x":1,"y":1,"curve":"stepped"},{"time":1.2,"x":1,"y":1,"curve":"stepped"},{"time":1.24,"x":1,"y":1,"curve":"stepped"},{"time":1.54,"x":1,"y":1,"curve":"stepped"},{"time":1.8,"x":1,"y":1}]},"meimao03":{"rotate":[{"time":0,"angle":0,"curve":"stepped"},{"time":0.3,"angle":0,"curve":"stepped"},{"time":0.6,"angle":0,"curve":"stepped"},{"time":0.9,"angle":0,"curve":"stepped"},{"time":1.2,"angle":0,"curve":"stepped"},{"time":1.5,"angle":0,"curve":"stepped"},{"time":1.8,"angle":0}],"translate":[{"time":0,"x":0,"y":0,"curve":[0.25,0,0.75,1]},{"time":0.3,"x":-3.44,"y":-0.02,"curve":[0.25,0,0.75,1]},{"time":0.6,"x":0,"y":0,"curve":[0.25,0,0.75,1]},{"time":0.9,"x":-3.44,"y":-0.02,"curve":[0.25,0,0.75,1]},{"time":1.2,"x":0,"y":0,"curve":[0.25,0,0.75,1]},{"time":1.5,"x":-3.44,"y":-0.02,"curve":[0.25,0,0.75,1]},{"time":1.8,"x":0,"y":0}],"scale":[{"time":0,"x":1,"y":1,"curve":[0.25,0,0.75,1]},{"time":0.3,"x":1.067,"y":1.067,"curve":[0.25,0,0.75,1]},{"time":0.6,"x":1,"y":1,"curve":[0.25,0,0.75,1]},{"time":0.9,"x":1.067,"y":1.067,"curve":[0.25,0,0.75,1]},{"time":1.2,"x":1,"y":1,"curve":[0.25,0,0.75,1]},{"time":1.5,"x":1.067,"y":1.067,"curve":[0.25,0,0.75,1]},{"time":1.8,"x":1,"y":1}]},"tou4":{"rotate":[{"time":0,"angle":0,"curve":"stepped"},{"time":0.08,"angle":0,"curve":"stepped"},{"time":0.38,"angle":0,"curve":"stepped"},{"time":0.6,"angle":0,"curve":"stepped"},{"time":0.68,"angle":0,"curve":"stepped"},{"time":0.98,"angle":0,"curve":"stepped"},{"time":1.2,"angle":0,"curve":"stepped"},{"time":1.28,"angle":0,"curve":"stepped"},{"time":1.58,"angle":0,"curve":"stepped"},{"time":1.8,"angle":0}],"translate":[{"time":0,"x":-0.27,"y":0},{"time":0.08,"x":0,"y":0},{"time":0.38,"x":-1,"y":0},{"time":0.6,"x":-0.27,"y":0},{"time":0.68,"x":0,"y":0},{"time":0.98,"x":-1,"y":0},{"time":1.2,"x":-0.27,"y":0},{"time":1.28,"x":0,"y":0},{"time":1.58,"x":-1,"y":0},{"time":1.8,"x":-0.27,"y":0}],"scale":[{"time":0,"x":1,"y":1,"curve":"stepped"},{"time":0.08,"x":1,"y":1,"curve":"stepped"},{"time":0.38,"x":1,"y":1,"curve":"stepped"},{"time":0.6,"x":1,"y":1,"curve":"stepped"},{"time":0.68,"x":1,"y":1,"curve":"stepped"},{"time":0.98,"x":1,"y":1,"curve":"stepped"},{"time":1.2,"x":1,"y":1,"curve":"stepped"},{"time":1.28,"x":1,"y":1,"curve":"stepped"},{"time":1.58,"x":1,"y":1,"curve":"stepped"},{"time":1.8,"x":1,"y":1}]},"chibang06":{"rotate":[{"time":0,"angle":-3.63},{"time":0.06,"angle":0},{"time":0.36,"angle":-18.15},{"time":0.6,"angle":-3.63},{"time":0.66,"angle":0},{"time":0.8,"angle":-8.47},{"time":0.84,"angle":-45.36},{"time":0.88,"angle":2.33},{"time":0.92,"angle":-49.34},{"time":0.96,"angle":-2.94},{"time":1,"angle":-49.51},{"time":1.04,"angle":-2.98},{"time":1.08,"angle":-49.13},{"time":1.12,"angle":-0.35},{"time":1.16,"angle":-46.64},{"time":1.2,"angle":-3.63},{"time":1.26,"angle":0},{"time":1.56,"angle":-18.15},{"time":1.8,"angle":-3.63}],"translate":[{"time":0,"x":-0.19,"y":0},{"time":0.06,"x":0,"y":0},{"time":0.36,"x":-0.94,"y":0},{"time":0.6,"x":-0.19,"y":0},{"time":0.66,"x":0,"y":0},{"time":0.96,"x":-0.94,"y":0},{"time":1.2,"x":-0.19,"y":0},{"time":1.26,"x":0,"y":0},{"time":1.56,"x":-0.94,"y":0},{"time":1.8,"x":-0.19,"y":0}],"scale":[{"time":0,"x":1,"y":1,"curve":"stepped"},{"time":0.06,"x":1,"y":1,"curve":"stepped"},{"time":0.36,"x":1,"y":1,"curve":"stepped"},{"time":0.6,"x":1,"y":1,"curve":"stepped"},{"time":0.66,"x":1,"y":1,"curve":"stepped"},{"time":0.96,"x":1,"y":1,"curve":"stepped"},{"time":1.2,"x":1,"y":1,"curve":"stepped"},{"time":1.26,"x":1,"y":1,"curve":"stepped"},{"time":1.56,"x":1,"y":1,"curve":"stepped"},{"time":1.8,"x":1,"y":1}]},"chibang05":{"rotate":[{"time":0,"angle":3.46},{"time":0.06,"angle":0},{"time":0.36,"angle":17.28},{"time":0.6,"angle":3.46},{"time":0.66,"angle":0},{"time":0.8,"angle":8.06},{"time":0.84,"angle":40},{"time":0.88,"angle":-1.17},{"time":0.92,"angle":45.48},{"time":0.96,"angle":2.98},{"time":1,"angle":42.9},{"time":1.04,"angle":1.32},{"time":1.08,"angle":38.27},{"time":1.12,"angle":-2.57},{"time":1.16,"angle":36.5},{"time":1.2,"angle":3.46},{"time":1.26,"angle":0},{"time":1.56,"angle":17.28},{"time":1.8,"angle":3.46}],"translate":[{"time":0,"x":-0.07,"y":0},{"time":0.06,"x":0,"y":0},{"time":0.36,"x":-0.35,"y":0},{"time":0.6,"x":-0.07,"y":0},{"time":0.66,"x":0,"y":0},{"time":0.96,"x":-0.35,"y":0},{"time":1.2,"x":-0.07,"y":0},{"time":1.26,"x":0,"y":0},{"time":1.56,"x":-0.35,"y":0},{"time":1.8,"x":-0.07,"y":0}],"scale":[{"time":0,"x":1,"y":1,"curve":"stepped"},{"time":0.6,"x":1,"y":1,"curve":"stepped"},{"time":1.2,"x":1,"y":1,"curve":"stepped"},{"time":1.8,"x":1,"y":1}]},"root":{"rotate":[{"time":0,"angle":0,"curve":"stepped"},{"time":0.6,"angle":0,"curve":"stepped"},{"time":1.2,"angle":0,"curve":"stepped"},{"time":1.8,"angle":0}],"translate":[{"time":0,"x":0,"y":0,"curve":"stepped"},{"time":0.6,"x":0,"y":0,"curve":"stepped"},{"time":1.2,"x":0,"y":0,"curve":"stepped"},{"time":1.8,"x":0,"y":0}],"scale":[{"time":0,"x":1,"y":1,"curve":"stepped"},{"time":0.6,"x":1,"y":1,"curve":"stepped"},{"time":1.2,"x":1,"y":1,"curve":"stepped"},{"time":1.8,"x":1,"y":1}]},"xiaoniao":{"rotate":[{"time":0,"angle":0,"curve":"stepped"},{"time":0.6,"angle":0,"curve":"stepped"},{"time":1.2,"angle":0,"curve":"stepped"},{"time":1.8,"angle":0}],"translate":[{"time":0,"x":0,"y":0,"curve":"stepped"},{"time":0.6,"x":0,"y":0},{"time":0.8,"x":0,"y":-0.72},{"time":0.9,"x":0,"y":9.32},{"time":1.2,"x":0,"y":11.32},{"time":1.34,"x":0,"y":-1},{"time":1.5,"x":0,"y":0,"curve":"stepped"},{"time":1.8,"x":0,"y":0}],"scale":[{"time":0,"x":1,"y":1,"curve":"stepped"},{"time":0.6,"x":1,"y":1,"curve":"stepped"},{"time":1.2,"x":1,"y":1,"curve":"stepped"},{"time":1.8,"x":1,"y":1}]},"niaodan01":{"rotate":[{"time":0,"angle":0,"curve":"stepped"},{"time":0.6,"angle":0,"curve":"stepped"},{"time":1.2,"angle":0,"curve":"stepped"},{"time":1.8,"angle":0}],"translate":[{"time":0,"x":0,"y":0,"curve":"stepped"},{"time":0.6,"x":0,"y":0,"curve":"stepped"},{"time":1.2,"x":0,"y":0,"curve":"stepped"},{"time":1.8,"x":0,"y":0}],"scale":[{"time":0,"x":1,"y":1,"curve":"stepped"},{"time":0.6,"x":1,"y":1,"curve":"stepped"},{"time":1.2,"x":1,"y":1,"curve":"stepped"},{"time":1.8,"x":1,"y":1}]},"suipian":{"rotate":[{"time":0,"angle":0,"curve":"stepped"},{"time":0.6,"angle":0,"curve":"stepped"},{"time":1.2,"angle":0,"curve":"stepped"},{"time":1.8,"angle":0}],"translate":[{"time":0,"x":0,"y":0,"curve":"stepped"},{"time":0.6,"x":0,"y":0,"curve":"stepped"},{"time":1.2,"x":0,"y":0,"curve":"stepped"},{"time":1.8,"x":0,"y":0}],"scale":[{"time":0,"x":1,"y":1,"curve":"stepped"},{"time":0.6,"x":1,"y":1,"curve":"stepped"},{"time":1.2,"x":1,"y":1,"curve":"stepped"},{"time":1.8,"x":1,"y":1}]},"niaodan2":{"rotate":[{"time":0,"angle":0,"curve":"stepped"},{"time":0.6,"angle":0,"curve":"stepped"},{"time":1.2,"angle":0,"curve":"stepped"},{"time":1.8,"angle":0}],"translate":[{"time":0,"x":0,"y":0,"curve":"stepped"},{"time":0.6,"x":0,"y":0,"curve":"stepped"},{"time":1.2,"x":0,"y":0,"curve":"stepped"},{"time":1.8,"x":0,"y":0}],"scale":[{"time":0,"x":1,"y":1,"curve":"stepped"},{"time":0.6,"x":1,"y":1,"curve":"stepped"},{"time":1.2,"x":1,"y":1,"curve":"stepped"},{"time":1.8,"x":1,"y":1}]}}},"phase4":{"slots":{"chibang05":{"color":[{"time":0,"color":"ffffffff","curve":"stepped"},{"time":0.3,"color":"ffffffff","curve":"stepped"},{"time":0.6,"color":"ffffffff"}]},"chibang06":{"color":[{"time":0,"color":"ffffffff","curve":"stepped"},{"time":0.14,"color":"ffffffff","curve":"stepped"},{"time":0.3,"color":"ffffffff","curve":"stepped"},{"time":0.44,"color":"ffffffff","curve":"stepped"},{"time":0.6,"color":"ffffffff"}]},"meimao03":{"color":[{"time":0,"color":"ffffffff"}]},"niaowo":{"color":[{"time":0,"color":"ffffff00"}]},"suipian01":{"color":[{"time":0,"color":"ffffff00"}]},"suipian02":{"color":[{"time":0,"color":"ffffff00"}]},"tou04":{"color":[{"time":0,"color":"ffffffff"}]},"yanjing01":{"color":[{"time":0,"color":"ffffffff"}]},"zuiba02":{"color":[{"time":0,"color":"ffffffff"}]}},"bones":{"tou7":{"rotate":[{"time":0,"angle":4.48},{"time":0.14,"angle":-4.2},{"time":0.44,"angle":13.7},{"time":0.6,"angle":4.48}],"translate":[{"time":0,"x":-0.47,"y":0},{"time":0.14,"x":0,"y":0},{"time":0.44,"x":-1,"y":0},{"time":0.6,"x":-0.47,"y":0}],"scale":[{"time":0,"x":1,"y":1,"curve":"stepped"},{"time":0.6,"x":1,"y":1}]},"chibang7":{"rotate":[{"time":0,"angle":-8.75},{"time":0.04,"angle":11.27},{"time":0.12,"angle":-28.76},{"time":0.18,"angle":11.27},{"time":0.26,"angle":-28.76},{"time":0.34,"angle":28.81},{"time":0.42,"angle":-28.76},{"time":0.48,"angle":11.27},{"time":0.56,"angle":-28.76},{"time":0.6,"angle":-8.75}],"translate":[{"time":0,"x":0,"y":0,"curve":"stepped"},{"time":0.04,"x":0,"y":0,"curve":"stepped"},{"time":0.12,"x":0,"y":0,"curve":"stepped"},{"time":0.18,"x":0,"y":0,"curve":"stepped"},{"time":0.26,"x":0,"y":0,"curve":"stepped"},{"time":0.34,"x":0,"y":0,"curve":"stepped"},{"time":0.42,"x":0,"y":0,"curve":"stepped"},{"time":0.48,"x":0,"y":0,"curve":"stepped"},{"time":0.56,"x":0,"y":0,"curve":"stepped"},{"time":0.6,"x":0,"y":0}],"scale":[{"time":0,"x":1,"y":1,"curve":"stepped"},{"time":0.04,"x":1,"y":1,"curve":"stepped"},{"time":0.12,"x":1,"y":1,"curve":"stepped"},{"time":0.18,"x":1,"y":1,"curve":"stepped"},{"time":0.26,"x":1,"y":1,"curve":"stepped"},{"time":0.34,"x":1,"y":1,"curve":"stepped"},{"time":0.42,"x":1,"y":1,"curve":"stepped"},{"time":0.48,"x":1,"y":1,"curve":"stepped"},{"time":0.56,"x":1,"y":1,"curve":"stepped"},{"time":0.6,"x":1,"y":1}]},"chibang6":{"rotate":[{"time":0,"angle":-4.17},{"time":0.04,"angle":-17.44},{"time":0.12,"angle":20.88},{"time":0.18,"angle":-7.9},{"time":0.26,"angle":9.1},{"time":0.34,"angle":-28.93},{"time":0.42,"angle":20.88},{"time":0.48,"angle":-7.9},{"time":0.56,"angle":9.1},{"time":0.6,"angle":-4.17}],"translate":[{"time":0,"x":0,"y":0,"curve":"stepped"},{"time":0.04,"x":0,"y":0,"curve":"stepped"},{"time":0.12,"x":0,"y":0,"curve":"stepped"},{"time":0.18,"x":0,"y":0,"curve":"stepped"},{"time":0.26,"x":0,"y":0,"curve":"stepped"},{"time":0.34,"x":0,"y":0,"curve":"stepped"},{"time":0.42,"x":0,"y":0,"curve":"stepped"},{"time":0.48,"x":0,"y":0,"curve":"stepped"},{"time":0.56,"x":0,"y":0,"curve":"stepped"},{"time":0.6,"x":0,"y":0}],"scale":[{"time":0,"x":1,"y":1,"curve":"stepped"},{"time":0.04,"x":1,"y":1,"curve":"stepped"},{"time":0.12,"x":1,"y":1,"curve":"stepped"},{"time":0.18,"x":1,"y":1,"curve":"stepped"},{"time":0.26,"x":1,"y":1,"curve":"stepped"},{"time":0.34,"x":1,"y":1,"curve":"stepped"},{"time":0.42,"x":1,"y":1,"curve":"stepped"},{"time":0.48,"x":1,"y":1,"curve":"stepped"},{"time":0.56,"x":1,"y":1,"curve":"stepped"},{"time":0.6,"x":1,"y":1}]},"zuiba02":{"rotate":[{"time":0,"angle":0,"curve":"stepped"},{"time":0.3,"angle":0,"curve":"stepped"},{"time":0.6,"angle":0}],"translate":[{"time":0,"x":0,"y":0,"curve":[0.25,0,0.75,1]},{"time":0.3,"x":-4.44,"y":-0.02,"curve":[0.25,0,0.75,1]},{"time":0.6,"x":0,"y":0}],"scale":[{"time":0,"x":1,"y":1,"curve":[0.25,0,0.75,1]},{"time":0.3,"x":1.036,"y":1.036,"curve":[0.25,0,0.75,1]},{"time":0.6,"x":1,"y":1}]},"yanjing01":{"rotate":[{"time":0,"angle":0,"curve":"stepped"},{"time":0.3,"angle":0,"curve":"stepped"},{"time":0.6,"angle":0}],"translate":[{"time":0,"x":0,"y":0,"curve":[0.25,0,0.75,1]},{"time":0.3,"x":-3.69,"y":-0.02,"curve":[0.25,0,0.75,1]},{"time":0.6,"x":0,"y":0}],"scale":[{"time":0,"x":1,"y":1,"curve":[0.25,0,0.75,1]},{"time":0.3,"x":1.026,"y":1.026,"curve":[0.25,0,0.75,1]},{"time":0.6,"x":1,"y":1}]},"tou04":{"rotate":[{"time":0,"angle":0,"curve":"stepped"},{"time":0.6,"angle":0}],"translate":[{"time":0,"x":0,"y":0,"curve":"stepped"},{"time":0.6,"x":0,"y":0}],"scale":[{"time":0,"x":1,"y":1},{"time":0.3,"x":1,"y":1.025},{"time":0.6,"x":1,"y":1}]},"tou5":{"rotate":[{"time":0,"angle":0,"curve":"stepped"},{"time":0.04,"angle":0,"curve":"stepped"},{"time":0.34,"angle":0,"curve":"stepped"},{"time":0.6,"angle":0}],"translate":[{"time":0,"x":-0.18,"y":0},{"time":0.04,"x":0,"y":0},{"time":0.34,"x":-1.33,"y":-0.01},{"time":0.6,"x":-0.18,"y":0}],"scale":[{"time":0,"x":1,"y":1,"curve":"stepped"},{"time":0.04,"x":1,"y":1,"curve":"stepped"},{"time":0.34,"x":1,"y":1,"curve":"stepped"},{"time":0.6,"x":1,"y":1}]},"meimao03":{"rotate":[{"time":0,"angle":0,"curve":"stepped"},{"time":0.3,"angle":0,"curve":"stepped"},{"time":0.6,"angle":0}],"translate":[{"time":0,"x":0,"y":0,"curve":[0.25,0,0.75,1]},{"time":0.3,"x":-3.44,"y":-0.02,"curve":[0.25,0,0.75,1]},{"time":0.6,"x":0,"y":0}],"scale":[{"time":0,"x":1,"y":1,"curve":[0.25,0,0.75,1]},{"time":0.3,"x":1.067,"y":1.067,"curve":[0.25,0,0.75,1]},{"time":0.6,"x":1,"y":1}]},"tou4":{"rotate":[{"time":0,"angle":0,"curve":"stepped"},{"time":0.08,"angle":0,"curve":"stepped"},{"time":0.38,"angle":0,"curve":"stepped"},{"time":0.6,"angle":0}],"translate":[{"time":0,"x":-0.27,"y":0},{"time":0.08,"x":0,"y":0},{"time":0.38,"x":-1,"y":0},{"time":0.6,"x":-0.27,"y":0}],"scale":[{"time":0,"x":1,"y":1,"curve":"stepped"},{"time":0.08,"x":1,"y":1,"curve":"stepped"},{"time":0.38,"x":1,"y":1,"curve":"stepped"},{"time":0.6,"x":1,"y":1}]},"chibang06":{"rotate":[{"time":0,"angle":0},{"time":0.08,"angle":-83.49},{"time":0.14,"angle":9.87},{"time":0.22,"angle":-78.54},{"time":0.3,"angle":10.74},{"time":0.38,"angle":-82.6},{"time":0.44,"angle":2.3},{"time":0.52,"angle":-75.07},{"time":0.6,"angle":0}],"translate":[{"time":0,"x":0,"y":0,"curve":"stepped"},{"time":0.08,"x":0,"y":0,"curve":"stepped"},{"time":0.14,"x":0,"y":0,"curve":"stepped"},{"time":0.22,"x":0,"y":0,"curve":"stepped"},{"time":0.3,"x":0,"y":0,"curve":"stepped"},{"time":0.38,"x":0,"y":0,"curve":"stepped"},{"time":0.44,"x":0,"y":0,"curve":"stepped"},{"time":0.52,"x":0,"y":0,"curve":"stepped"},{"time":0.6,"x":0,"y":0}],"scale":[{"time":0,"x":1,"y":1,"curve":"stepped"},{"time":0.08,"x":1,"y":1,"curve":"stepped"},{"time":0.14,"x":1,"y":1,"curve":"stepped"},{"time":0.22,"x":1,"y":1,"curve":"stepped"},{"time":0.3,"x":1,"y":1,"curve":"stepped"},{"time":0.38,"x":1,"y":1,"curve":"stepped"},{"time":0.44,"x":1,"y":1,"curve":"stepped"},{"time":0.52,"x":1,"y":1,"curve":"stepped"},{"time":0.6,"x":1,"y":1}]},"chibang05":{"rotate":[{"time":0,"angle":0},{"time":0.08,"angle":79.16},{"time":0.14,"angle":-9.03},{"time":0.22,"angle":75.7},{"time":0.3,"angle":-4.94},{"time":0.38,"angle":74.41},{"time":0.44,"angle":-1.6},{"time":0.52,"angle":73.41},{"time":0.6,"angle":0}],"translate":[{"time":0,"x":1.88,"y":0.03},{"time":0.08,"x":1.89,"y":-0.99},{"time":0.14,"x":1.88,"y":0.03},{"time":0.22,"x":1.89,"y":-0.99},{"time":0.3,"x":1.88,"y":0.03},{"time":0.38,"x":1.89,"y":-0.99},{"time":0.44,"x":1.88,"y":0.03},{"time":0.52,"x":1.89,"y":-0.99},{"time":0.6,"x":1.88,"y":0.03}],"scale":[{"time":0,"x":1,"y":1,"curve":"stepped"},{"time":0.08,"x":1,"y":1,"curve":"stepped"},{"time":0.14,"x":1,"y":1,"curve":"stepped"},{"time":0.22,"x":1,"y":1,"curve":"stepped"},{"time":0.3,"x":1,"y":1,"curve":"stepped"},{"time":0.38,"x":1,"y":1,"curve":"stepped"},{"time":0.44,"x":1,"y":1,"curve":"stepped"},{"time":0.52,"x":1,"y":1,"curve":"stepped"},{"time":0.6,"x":1,"y":1}]}}}}},[0]]],0,0,[0],[-1],[0]]