[1,["ecpdLyjvZBwrvm+cedCcQy","2ck55dAehAZbfD90mnqNT1","0baMLO/dRG8YzUc8V1MXe+","d7aT3I9NVGyLR5+vzH1ujp","acWNzvKZpNmb2TN/Hwyvza","42qy6fZKRK7obFEJo0xz8Q","a7VJHJ37pLgLM2VnjTz5vx","739bg6cS1Iz60tFS/7UDd9","7a/QZLET9IDreTiBfRn2PD","baq0efs4ZOKalEsv+NSOp6","c1QLZDyghA/bDfmF2HknO5","38qBRf1OZG0JR3OSaC/tyS","95LkKmkI1AwqVq7v1S1eQN","48+prUhX5PDb/QDDHqS8MU","35xXRpLO1I84kmxRUrBMYc","b5TjR7RdhBLqXKrkaVhjKE","1ff3e3010","b6azP/nsxJNoHQeAafdNF5"],["node","_spriteFrame","_textureSetter","root","data","_N$skeletonData","_N$file","path_all"],[["cc.Node",["_name","_active","_components","_prefab","_parent","_contentSize","_trs","_children","_color"],1,9,4,1,5,7,2,5],"cc.SpriteFrame",["cc.Sprite",["_sizeMode","_isTrimmedMode","node","_materials","_spriteFrame"],1,1,3,6],["cc.PrefabInfo",["fileId","root"],2,1],["cc.Prefab",["_name"],2],["3fc4bsXkrxHb6MVk++MGITc",["node","path_all"],3,1,6],["cc.BlockInputEvents",["node"],3,1],["cc.Button",["zoomScale","_N$transition","node"],1,1],["cc.Label",["_fontSize","_isSystemFontUsed","_N$horizontalAlign","_N$verticalAlign","node","_materials","_N$file"],-1,1,3,6],["cc.LabelShadow",["node","_color"],3,1,5],["sp.Skeleton",["defaultSkin","defaultAnimation","_preCacheMode","_animationName","node","_materials","_N$skeletonData"],-1,1,3,6]],[[3,0,1,2],[2,2,3,4,1],[0,0,1,4,2,3,5,6,3],[0,0,4,2,3,5,6,2],[0,0,4,7,2,3,5,6,2],[0,0,4,2,3,5,2],[4,0,2],[0,0,7,2,3,2],[0,0,4,2,3,8,5,6,2],[5,0,1,1],[3,1,1],[2,0,2,3,4,2],[2,0,1,2,3,4,3],[6,0,1],[7,0,1,2,3],[8,0,1,2,3,4,5,6,5],[9,0,1,1],[10,0,1,2,3,4,5,6,5]],[[[[6,"smallgame_zuma_prefab"],[7,"challenge_layer_prefab",[-3,-4,-5,-6,-7,-8,-9,-10,-11,-12,-13],[[9,-2,28]],[10,-1]],[4,"diamond_bg",1,[-15,-16],[[1,-14,[26],27]],[0,"63T7ZxCpZCGpFNj8Bkdzgt",1],[5,149,44],[188.757,597.476,0,0,0,0,1,1,1,1]],[5,"bg",1,[[11,0,-17,[0],1],[13,-18]],[0,"abDWY0MdRLR7YB3IVPfvJM",1],[5,920,1480]],[4,"top_title",1,[-20],[[1,-19,[4],5]],[0,"f28WY9KjBKWZKKubkmGEC6",1],[5,720,236],[0,618.378,0,0,0,0,1,1,1,1]],[3,"closeBtn",1,[[12,2,false,-21,[6],7],[14,1.1,3,-22]],[0,"79RSnSeHtG2rtLNSeeJIyf",1],[5,59,59],[318,598,0,0,0,0,1,1,1,0]],[8,"num_label",2,[[15,30,false,1,1,-23,[24],25],[16,-24,[4,4278657862]]],[0,"8b39+BKz5IFLAV3BYCD5vE",1],[4,4294178281],[5,0,50.4],[18.119,0,0,0,0,0,1,1,1,1]],[3,"title_z",4,[[1,-25,[2],3]],[0,"8fUMCC1ilCjaYFqGU2DvCR",1],[5,141,39],[-246.726,-25.594,0,0,0,0,1,1,1,1]],[2,"path0",false,1,[[1,-26,[8],9]],[0,"10gLtLWTJGN4BlWUYdt89c",1],[5,125,152],[0,0,0,0,0,0,1,5,5,1]],[2,"path1",false,1,[[1,-27,[10],11]],[0,"2cbJ9F3UlISriLDrOPDnpY",1],[5,124,142],[0,0,0,0,0,0,1,5,5,1]],[2,"path2",false,1,[[1,-28,[12],13]],[0,"f4ozvs4aFCjK4MPMrOa57R",1],[5,127,152],[0,0,0,0,0,0,1,5,5,1]],[2,"path3",false,1,[[1,-29,[14],15]],[0,"ffrb/8yXBG+rethy6k+8EL",1],[5,125,152],[0,0,0,0,0,0,1,-5,5,1]],[2,"path4",false,1,[[1,-30,[16],17]],[0,"b9fCBQ4D5Fyq42muz4dWkc",1],[5,124,142],[0,0,0,0,0,0,1,-5,5,1]],[2,"path5",false,1,[[1,-31,[18],19]],[0,"c88mEX+19Pe4mSuZU2e0Q6",1],[5,127,152],[0,0,0,0,0,0,1,-5,5,1]],[5,"blackhole",1,[[17,"default","animation",0,"animation",-32,[20],21]],[0,"fcNtKtolFOopLLPzJSAe1R",1],[5,720,1280]],[3,"gem1",2,[[1,-33,[22],23]],[0,"8bbrlrZJBL/blJdct1Ox53",1],[5,61,51],[-51.496,-0.954,0,0,0,0,1,0.6,0.6,1]]],0,[0,3,1,0,0,1,0,-1,3,0,-2,4,0,-3,5,0,-4,8,0,-5,9,0,-6,10,0,-7,11,0,-8,12,0,-9,13,0,-10,14,0,-11,2,0,0,2,0,-1,15,0,-2,6,0,0,3,0,0,3,0,0,4,0,-1,7,0,0,5,0,0,5,0,0,6,0,0,6,0,0,7,0,0,8,0,0,9,0,0,10,0,0,11,0,0,12,0,0,13,0,0,14,0,0,15,0,4,1,33],[0,0,0,0,0,0,0,0,0,0,0,0,0,0,0,0,0,0,0,0,0,0,0,0,0,0,0,0,0],[-1,1,-1,1,-1,1,-1,1,-1,1,-1,1,-1,1,-1,1,-1,1,-1,1,-1,5,-1,1,-1,6,-1,1,7],[0,4,0,5,0,6,0,7,0,1,0,2,0,3,0,1,0,2,0,3,8,9,0,10,0,11,0,12,13]],[[{"name":"path1","rect":[0,0,124,142],"offset":[0,0],"originalSize":[124,142],"capInsets":[0,0,0,0]}],[1],0,[0],[2],[14]],[[{"name":"path0","rect":[0,0,125,152],"offset":[0,0],"originalSize":[125,152],"capInsets":[0,0,0,0]}],[1],0,[0],[2],[15]],[[{"name":"title_z","rect":[773,488,141,39],"offset":[0,0],"originalSize":[141,39],"rotated":1,"capInsets":[0,0,0,0]}],[1],0,[0],[2],[16]],[[{"name":"path2","rect":[0,0,127,152],"offset":[0,0],"originalSize":[127,152],"capInsets":[0,0,0,0]}],[1],0,[0],[2],[17]]]]