[1,["c3jC1M2ZVO3JRfnvxS7kNm"],["_textureSetter"],["cc.SpriteFrame"],0,[[[{"name":"scaleimg23","rect":[404,114,93,139],"offset":[0,0],"originalSize":[93,139],"capInsets":[0,0,78,0]}],[0],0,[0],[0],[0]],[[{"name":"scaleimg17","rect":[404,2,101,109],"offset":[0,5],"originalSize":[105,119],"capInsets":[42,0,42,0]}],[0],0,[0],[0],[0]],[[{"name":"scaleimg24","rect":[402,256,89,139],"offset":[0,0],"originalSize":[89,139],"capInsets":[73,0,0,0]}],[0],0,[0],[0],[0]],[[{"name":"scaleimg5","rect":[381,398,115,137],"offset":[0,1],"originalSize":[115,143],"capInsets":[42,40,42,42]}],[0],0,[0],[0],[0]]]]