[1,["ecpdLyjvZBwrvm+cedCcQy","38qBRf1OZG0JR3OSaC/tyS","a2MjXRFdtLlYQ5ouAFv/+R","bdj8wDdXtCtqYktvDneln0","5eQhSqe39C4qG0Kb2bdK1Z","a41LIqv8hHkqgX5pXaXroM","01udpWyWVEKauBJDhFKY4q","0bqS7E7CNNEZnmvr6XB+9P","7a/QZLET9IDreTiBfRn2PD","feKc84+/VNF422DroxrSFY","47f/KiW1pEoaD5P67ifDmu","1ff3e3010"],["node","_spriteFrame","_N$file","root","data","_N$skeletonData","_textureSetter"],[["cc.Node",["_name","_opacity","_prefab","_parent","_children","_components","_contentSize","_trs","_color"],1,4,1,2,9,5,7,5],["cc.Sprite",["_sizeMode","_type","node","_materials","_spriteFrame"],1,1,3,6],["cc.Label",["_fontSize","_isSystemFontUsed","_N$horizontalAlign","_N$verticalAlign","_string","_lineHeight","_enableWrapText","_N$overflow","node","_materials","_N$file"],-5,1,3,6],["cc.PrefabInfo",["fileId","root"],2,1],"cc.SpriteFrame",["cc.Prefab",["_name"],2],["cc.Button",["_N$transition","node"],2,1],["cc.BlockInputEvents",["node"],3,1],["cc.LabelOutline",["_width","node","_color"],2,1,5],["sp.Skeleton",["defaultSkin","defaultAnimation","_preCacheMode","timeScale","_animationName","node","_materials","_N$skeletonData"],-2,1,3,6]],[[3,0,1,2],[0,0,3,5,2,6,7,2],[8,0,1,2,2],[1,2,3,4,1],[0,0,3,4,5,2,6,7,2],[1,1,0,2,3,4,3],[6,0,1,2],[2,4,0,5,6,1,2,3,7,8,9,10,9],[2,0,5,1,2,3,8,9,10,6],[5,0,2],[0,0,4,2,2],[0,0,3,4,2,2],[0,0,1,3,5,2,8,6,3],[3,1,1],[1,0,2,3,4,2],[7,0,1],[2,4,0,1,2,3,8,9,10,6],[9,0,1,2,3,4,5,6,7,6]],[[[[9,"smallgame_end_layer_prefab"],[10,"custom_end_prefab",[-2,-3,-4],[13,-1]],[11,"actionnode",1,[-5,-6,-7,-8,-9,-10,-11],[0,"56CPmExcpFdpJE3TUlY+T5",1]],[4,"watchbtn",2,[-14,-15],[[5,1,0,-12,[10],11],[6,3,-13]],[0,"b1YETN7OFA46s/AbGApg/7",1],[5,316,119],[0,-291,0,0,0,0,1,1,1,0]],[4,"nextbtn",2,[-18],[[6,3,-16],[5,1,0,-17,[14],15]],[0,"5812ZvnGhD9KPW9Fv1Z3Et",1],[5,316,119],[0,-439,0,0,0,0,1,1,1,0]],[12,"masknode",200,1,[[14,0,-19,[0],1],[15,-20]],[0,"3b/FFAyNJChJpT32Bwer6+",1],[4,4278190080],[5,920,1480]],[4,"titlebg",1,[-22],[[3,-21,[4],5]],[0,"a17ylr4E1IcLTnj4q3pxW+",1],[5,301,146],[0,516,0,0,0,0,1,1.43,1.43,1]],[1,"txt",3,[[7,"x2 GET",37,33,false,false,1,1,2,-23,[8],9],[2,3,-24,[4,4279530698]]],[0,"56n+4NHvpCe6iYw6y3DoDj",1],[5,200,60],[32,8,0,0,0,0,1,1,1,1]],[1,"txt",4,[[7,"GET",37,33,false,false,1,1,2,-25,[12],13],[2,3,-26,[4,4278553370]]],[0,"78BfbVG4lOjaclUIwrcdDR",1],[5,200,60],[0.039,8.426,0,0,0,0,1,1,1,1]],[1,"gemnum",2,[[16,"x12",48,false,1,1,-27,[20],21],[2,3,-28,[4,4286660868]]],[0,"9cVJ56OBBDCaiUyWatfRyy",1],[5,101.28,56.4],[0,-59,0,0,0,0,1,1,1,1]],[1,"addScore",2,[[8,80,80,false,1,1,-29,[22],23],[2,3,-30,[4,4286660868]]],[0,"1b+Vku1MhEnJu8SRoUbv0j",1],[5,6,106.8],[0,-93.114,0,0,0,0,1,1,1,1]],[1,"curScore",2,[[8,120,80,false,1,1,-31,[24],25],[2,3,-32,[4,4286660868]]],[0,"03D1jFgC5I4IFQryW2i1np",1],[5,6,106.8],[0,159.113,0,0,0,0,1,1,1,1]],[1,"title",6,[[3,-33,[2],3]],[0,"72up3ORfRLO7MrN3yHmjgM",1],[5,332,46],[0,-21.555,0,0,0,0,1,0.6,0.6,1]],[1,"video",3,[[3,-34,[6],7]],[0,"44Z0R4d7FPZL3DmVTCTL5T",1],[5,55,50],[-101.041,8,0,0,0,0,1,1,1,1]],[1,"end_light",2,[[17,"default","end_light",0,0.5,"end_light",-35,[16],17]],[0,"a3mYqspKJOG6kjT2e/tX/V",1],[5,472.16,472.16],[0,52,0,0,0,0,1,1,1,1]],[1,"gem2",2,[[3,-36,[18],19]],[0,"37loiRGAZNfbh9UO6ru+G7",1],[5,253,162],[0,52,0,0,0,0,1,1,1,1]]],0,[0,3,1,0,-1,5,0,-2,6,0,-3,2,0,-1,3,0,-2,4,0,-3,14,0,-4,15,0,-5,9,0,-6,10,0,-7,11,0,0,3,0,0,3,0,-1,13,0,-2,7,0,0,4,0,0,4,0,-1,8,0,0,5,0,0,5,0,0,6,0,-1,12,0,0,7,0,0,7,0,0,8,0,0,8,0,0,9,0,0,9,0,0,10,0,0,10,0,0,11,0,0,11,0,0,12,0,0,13,0,0,14,0,0,15,0,4,1,36],[0,0,0,0,0,0,0,0,0,0,0,0,0,0,0,0,0,0,0,0,0,0,0,0,0,0],[-1,1,-1,1,-1,1,-1,1,-1,2,-1,1,-1,2,-1,1,-1,5,-1,1,-1,2,-1,2,-1,2],[0,2,0,3,0,4,0,5,0,1,0,6,0,1,0,7,8,9,0,10,0,1,0,1,0,1]],[[{"name":"title","rect":[515,436,332,46],"offset":[0,0],"originalSize":[332,46],"capInsets":[0,0,0,0]}],[4],0,[0],[6],[11]]]]