[1,["4aJTKAXqxNBZfU60LMkzCN"],0,[["sp.SkeletonData",["_name","_atlasText","textureNames","_skeletonJson","textures"],-1,3]],[[0,0,1,2,3,4,5]],[[0,"fly","\nfly.png\nsize: 92,91\nformat: RGBA8888\nfilter: Linear,Linear\nrepeat: none\nchibang_nei011\n  rotate: false\n  xy: 40, 10\n  size: 13, 23\n  orig: 13, 23\n  offset: 0, 0\n  index: -1\nchibang_w07\n  rotate: false\n  xy: 59, 70\n  size: 28, 19\n  orig: 28, 19\n  offset: 0, 0\n  index: -1\ndaimao09\n  rotate: false\n  xy: 59, 24\n  size: 24, 20\n  orig: 24, 20\n  offset: 0, 0\n  index: -1\nkouqiang06\n  rotate: false\n  xy: 22, 13\n  size: 16, 20\n  orig: 16, 20\n  offset: 0, 0\n  index: -1\nmeimao08\n  rotate: false\n  xy: 2, 2\n  size: 23, 9\n  orig: 23, 9\n  offset: 0, 0\n  index: -1\nshangzuiba03\n  rotate: true\n  xy: 55, 4\n  size: 18, 15\n  orig: 18, 15\n  offset: 0, 0\n  index: -1\nshenti10\n  rotate: false\n  xy: 2, 35\n  size: 55, 54\n  orig: 55, 54\n  offset: 0, 0\n  index: -1\nshetou05\n  rotate: true\n  xy: 83, 58\n  size: 10, 6\n  orig: 10, 6\n  offset: 0, 0\n  index: -1\nxiazuiba04\n  rotate: false\n  xy: 72, 9\n  size: 18, 13\n  orig: 18, 13\n  offset: 0, 0\n  index: -1\nyanjing_c1\n  rotate: false\n  xy: 59, 46\n  size: 22, 22\n  orig: 22, 22\n  offset: 0, 0\n  index: -1\nyanjing_c2\n  rotate: false\n  xy: 2, 14\n  size: 18, 19\n  orig: 18, 19\n  offset: 0, 0\n  index: -1\n",["fly.png"],{"skeleton":{"hash":"CrD5dHfAr4hyxKE8ksDBaDISgo4","spine":"3.6.53","width":74,"height":64.17,"fps":50,"images":"./images/"},"bones":[{"name":"root"},{"name":"shenti10","parent":"root","length":28.07,"rotation":83.74,"x":-6.11,"y":3.48},{"name":"chibang_nei011","parent":"shenti10","length":8.33,"rotation":32.55,"x":12.55,"y":17.65},{"name":"chibang_nei12","parent":"chibang_nei011","length":6.92,"rotation":-5.73,"x":8.29,"y":-0.08},{"name":"chibang_w07","parent":"shenti10","length":8.07,"rotation":-65.66,"x":10.19,"y":-25.79},{"name":"chibang_w8","parent":"chibang_w07","length":8.07,"rotation":-0.29,"x":8.11,"y":-0.12},{"name":"daimao09","parent":"shenti10","length":7.42,"rotation":-34.65,"x":33.36,"y":-4.13},{"name":"daimao10","parent":"daimao09","length":5.6,"rotation":0.64,"x":7.33,"y":-0.02},{"name":"daimao11","parent":"daimao09","length":5.23,"rotation":-35.06,"x":1.77,"y":-4.73},{"name":"daimao12","parent":"daimao09","length":3.72,"rotation":46.58,"x":-1.77,"y":4.64},{"name":"meimao08","parent":"shenti10","x":30.46,"y":-0.27},{"name":"shangzuiba03","parent":"shenti10","x":10.51,"y":5.78},{"name":"shangzuiba4","parent":"shangzuiba03","length":4.1,"rotation":134.13,"x":7.08,"y":-1.76},{"name":"shetou05","parent":"shangzuiba03","length":8.49,"rotation":159.15,"x":2.62,"y":-2.34},{"name":"yanjing_c1","parent":"shenti10","x":19.23,"y":-10.19},{"name":"yanjing_c2","parent":"shenti10","x":21.48,"y":11.42}],"slots":[{"name":"chibang_nei011","bone":"chibang_nei12","attachment":"chibang_nei011"},{"name":"daimao09","bone":"daimao12","attachment":"daimao09"},{"name":"shenti10","bone":"shenti10","attachment":"shenti10"},{"name":"meimao08","bone":"meimao08","attachment":"meimao08"},{"name":"chibang_w07","bone":"chibang_w8","attachment":"chibang_w07"},{"name":"kouqiang06","bone":"shetou05","attachment":"kouqiang06"},{"name":"shetou05","bone":"shetou05","attachment":"shetou05"},{"name":"xiazuiba04","bone":"shetou05","attachment":"xiazuiba04"},{"name":"shangzuiba03","bone":"shangzuiba4","attachment":"shangzuiba03"},{"name":"yanjing_c2","bone":"yanjing_c2","attachment":"yanjing_c2"},{"name":"yanjing_c1","bone":"yanjing_c1","attachment":"yanjing_c1"}],"skins":{"default":{"chibang_nei011":{"chibang_nei011":{"type":"mesh","hull":13,"width":13,"height":23,"uvs":[0.15885,0,0,0.1823,0,0.49535,0.055,0.68774,0.17616,0.80839,0.38962,0.96817,0.63193,0.98448,0.86846,0.85078,1,0.73991,1,0.52469,0.86846,0.28339,0.6377,0.091,0.43577,0,0.69539,0.65187,0.47039,0.42687,0.29154,0.19535],"triangles":[2,15,14,2,1,15,14,15,11,14,11,10,11,15,12,1,0,15,15,0,12,7,6,13,6,5,13,5,4,13,7,13,8,4,14,13,4,3,14,13,9,8,13,10,9,3,2,14,13,14,10],"vertices":[1,3,11.43,0.3,1,1,3,8.23,3.7,1,2,2,10.39,5.97,0.46077,3,1.48,6.23,0.53923,2,2,6.11,7.29,0.72,3,-2.91,7.11,0.28,1,2,2.92,7.1,1,1,2,-1.6,6.24,1,1,2,-3.33,3.59,1,1,2,-1.94,-0.53,1,2,2,-0.41,-3.2,0.98634,3,-8.35,-3.97,0.01366,2,2,4.03,-5.39,0.792,3,-3.71,-5.71,0.208,2,2,9.76,-6.31,0.472,3,2.08,-6.05,0.528,1,3,7.28,-4.8,1,1,3,10.16,-3.08,1,2,2,3.16,-0.54,0.99168,3,-5.06,-0.97,0.00832,2,2,9.09,-0.21,0.472,3,0.81,-0.05,0.528,2,2,14.9,-0.49,0.0019,3,6.61,0.26,0.9981],"edges":[0,2,2,4,4,6,6,8,8,10,10,12,12,14,14,16,16,18,18,20,20,22,22,24,0,24,14,26,26,28,28,30]}},"chibang_w07":{"chibang_w07":{"type":"mesh","hull":13,"width":28,"height":19,"uvs":[0,0.74262,0,0.41104,0.11733,0.1742,0.32358,0.03604,0.48965,0,0.6959,0,0.90215,0.11104,1,0.26499,1,0.47025,0.8218,0.71104,0.65305,0.87288,0.47626,1,0.16019,1,0.29144,0.59262,0.53787,0.4663,0.79769,0.35972],"triangles":[3,4,14,15,5,6,15,6,7,15,14,4,15,4,5,15,7,8,9,15,8,14,15,9,10,14,9,2,3,14,13,1,2,14,13,2,0,1,13,12,0,13,11,12,13,10,11,13,13,14,10],"vertices":[1,4,-7.46,-0.68,1,1,4,-5.5,5.31,1,2,4,-0.97,8.57,0.99464,5,-11.52,7.37,0.00536,2,4,6.02,9.4,0.72075,5,-4.63,9.02,0.27925,2,4,11.53,8.4,0.34765,5,0.96,8.64,0.65235,1,5,7.3,6.84,1,2,4,22.02,1.55,0.00001,5,12.16,3.07,0.99999,1,5,13.87,-0.55,1,1,5,12.68,-4.27,1,1,5,6.53,-7.1,1,2,4,9.44,-8.67,0.36838,5,0.93,-8.61,0.63162,2,4,3.8,-9.26,0.71823,5,-4.61,-9.91,0.28177,2,4,-4.71,-6.72,0.99958,5,-13.44,-8.41,0.00042,2,4,1.36,-0.37,0.872,5,-8.11,-1.32,0.128,2,4,9.35,-0.3,0.392,5,-0.17,-0.29,0.608,1,5,7.93,-0.54,1],"edges":[0,2,2,4,4,6,6,8,8,10,10,12,12,14,14,16,16,18,18,20,20,22,22,24,0,24]}},"daimao09":{"daimao09":{"type":"mesh","hull":18,"width":24,"height":20,"uvs":[0,0.7457,0,0.46445,0.06046,0.24695,0.20108,0.22445,0.29171,0.3407,0.38858,0.1232,0.56046,0.00001,0.79483,0,0.94171,0.1232,1,0.33695,0.96046,0.5357,0.89483,0.59195,0.98233,0.68195,1,0.8732,0.90421,1,0.59796,0.9482,0.25421,0.88445,0.10421,0.8507,0.20108,0.61445,0.43233,0.7007,0.62296,0.56945,0.79171,0.5507],"triangles":[17,18,16,17,0,18,0,1,18,18,1,4,4,2,3,2,4,1,15,13,14,15,20,21,15,21,11,12,15,11,15,12,13,15,19,20,11,21,10,6,21,20,10,21,9,21,7,8,21,6,7,9,21,8,20,5,6,16,19,15,16,18,19,20,19,4,19,18,4,20,4,5],"vertices":[2,6,-6.89,6,0.05485,9,-2.02,4.1,0.94515,1,9,2.98,3.93,1,1,9,6.14,1.56,1,2,6,3.37,7.45,0.07624,9,6.77,-1.32,0.92376,2,6,3.81,5.45,0.50693,9,5.86,-3.13,0.49307,3,6,8.95,7.08,0.52867,7,-0.73,7.19,0.44185,9,10.9,-5.17,0.02948,2,6,14.11,5.47,0.264,7,4.61,6.23,0.736,2,6,18.68,0.06,0.008,7,9.76,1.48,0.992,1,7,10.33,-3,1,3,6,16.12,-8.37,0.208,7,8.11,-7.2,0.66845,8,10.22,7.53,0.12355,3,6,12.49,-10.25,0.12,7,4.66,-9.57,0.52894,8,9.12,3.4,0.35106,3,6,10.93,-10.02,0.128,7,3,-9.61,0.30108,8,7.88,2.3,0.57092,2,7,2.93,-13.01,0.03843,8,10.11,-0.35,0.96157,1,8,9.66,-4.22,1,1,8,6.81,-6.12,1,2,6,1.18,-7.83,0.09454,8,-0.21,-3.39,0.90546,3,6,-4.85,-0.4,0.6305,8,-9.95,-2.48,0.07519,9,-4.55,-2.07,0.29431,3,6,-7.3,2.83,0.26437,8,-13.84,-1.9,0.0032,9,-4.36,1.94,0.73243,2,6,-2.12,3.71,0.25307,9,0.17,-0.69,0.74693,2,6,1.6,-1.31,0.77612,8,-4.88,1.47,0.22388,3,6,7.42,-3.69,0.39251,7,-1.07,-3.84,0.2257,8,0.84,4.06,0.38179,3,6,10.26,-7.2,0.176,7,2.08,-6.92,0.37916,8,5.35,3.76,0.44484],"edges":[0,2,2,4,4,6,6,8,8,10,10,12,12,14,14,16,16,18,18,20,20,22,22,24,24,26,26,28,28,30,30,32,32,34,0,34,8,36,32,38,38,40,40,42]}},"kouqiang06":{"kouqiang06":{"x":5.84,"y":-0.54,"rotation":117.11,"width":16,"height":20}},"meimao08":{"meimao08":{"x":-1.19,"y":-0.91,"rotation":-83.74,"width":23,"height":9}},"shangzuiba03":{"shangzuiba03":{"x":2.47,"y":3.09,"rotation":142.13,"width":18,"height":15}},"shenti10":{"shenti10":{"type":"mesh","hull":4,"width":55,"height":54,"uvs":[1,1,0,1,0,0,1,0],"triangles":[1,2,3,1,3,0],"vertices":[-14.06,-32.6,-20.06,22.07,33.62,27.96,39.62,-26.71],"edges":[0,2,2,4,4,6,0,6]}},"shetou05":{"shetou05":{"x":5.39,"y":0.35,"rotation":117.11,"width":10,"height":6}},"xiazuiba04":{"xiazuiba04":{"x":6.27,"y":1.92,"rotation":117.11,"width":18,"height":13}},"yanjing_c1":{"yanjing_c1":{"x":0.64,"y":-1.58,"rotation":-83.74,"width":22,"height":22}},"yanjing_c2":{"yanjing_c2":{"x":1.35,"y":0.27,"rotation":-83.74,"width":18,"height":19}}}},"animations":{"fly":{"bones":{"shenti10":{"rotate":[{"time":0,"angle":0,"curve":"stepped"},{"time":0.36,"angle":0}],"translate":[{"time":0,"x":0,"y":0,"curve":"stepped"},{"time":0.36,"x":0,"y":0}],"scale":[{"time":0,"x":1,"y":1,"curve":"stepped"},{"time":0.36,"x":1,"y":1}]},"daimao09":{"rotate":[{"time":0,"angle":0},{"time":0.18,"angle":-23.88},{"time":0.36,"angle":0}],"translate":[{"time":0,"x":0,"y":0},{"time":0.18,"x":-1.99,"y":-1.26},{"time":0.36,"x":0,"y":0}],"scale":[{"time":0,"x":1,"y":1},{"time":0.18,"x":0.965,"y":0.965},{"time":0.36,"x":1,"y":1}]},"daimao10":{"rotate":[{"time":0,"angle":0},{"time":0.1,"angle":17.47},{"time":0.24,"angle":-27.38},{"time":0.36,"angle":0}],"translate":[{"time":0,"x":0,"y":0,"curve":"stepped"},{"time":0.36,"x":0,"y":0}]},"daimao12":{"rotate":[{"time":0,"angle":0},{"time":0.2,"angle":-19.34},{"time":0.36,"angle":0}],"translate":[{"time":0,"x":0,"y":0,"curve":"stepped"},{"time":0.2,"x":0,"y":0,"curve":"stepped"},{"time":0.36,"x":0,"y":0}],"scale":[{"time":0,"x":1,"y":1},{"time":0.2,"x":0.876,"y":0.876},{"time":0.36,"x":1,"y":1}]},"meimao08":{"rotate":[{"time":0,"angle":0,"curve":"stepped"},{"time":0.18,"angle":0,"curve":"stepped"},{"time":0.36,"angle":0}],"translate":[{"time":0,"x":-2.14,"y":1.27},{"time":0.18,"x":1.16,"y":-0.68},{"time":0.36,"x":-2.14,"y":1.27}],"scale":[{"time":0,"x":1,"y":1},{"time":0.18,"x":0.933,"y":0.933},{"time":0.36,"x":1,"y":1}]},"yanjing_c2":{"rotate":[{"time":0,"angle":0,"curve":"stepped"},{"time":0.18,"angle":0,"curve":"stepped"},{"time":0.36,"angle":0}],"translate":[{"time":0,"x":-2.14,"y":1.27},{"time":0.18,"x":1.6,"y":0.18},{"time":0.36,"x":-2.14,"y":1.27}],"scale":[{"time":0,"x":1.055,"y":1.055},{"time":0.18,"x":0.975,"y":0.975},{"time":0.36,"x":1.055,"y":1.055}]},"yanjing_c1":{"rotate":[{"time":0,"angle":0,"curve":"stepped"},{"time":0.18,"angle":0,"curve":"stepped"},{"time":0.36,"angle":0}],"translate":[{"time":0,"x":-2.14,"y":1.27},{"time":0.18,"x":1.6,"y":0.18},{"time":0.36,"x":-2.14,"y":1.27}],"scale":[{"time":0,"x":1.055,"y":1.055},{"time":0.18,"x":0.975,"y":0.975},{"time":0.36,"x":1.055,"y":1.055}]},"shangzuiba03":{"rotate":[{"time":0,"angle":0,"curve":"stepped"},{"time":0.18,"angle":0,"curve":"stepped"},{"time":0.36,"angle":0}],"translate":[{"time":0,"x":-2.14,"y":1.27},{"time":0.18,"x":2.68,"y":-0.46},{"time":0.36,"x":-2.14,"y":1.27}],"scale":[{"time":0,"x":1,"y":1},{"time":0.18,"x":0.962,"y":0.962},{"time":0.36,"x":1,"y":1}]},"chibang_w07":{"rotate":[{"time":0,"angle":23.5},{"time":0.06,"angle":231.17},{"time":0.12,"angle":37.49},{"time":0.18,"angle":244.81},{"time":0.24,"angle":28.33},{"time":0.3,"angle":-112.83},{"time":0.36,"angle":23.5}],"translate":[{"time":0,"x":0,"y":0,"curve":"stepped"},{"time":0.06,"x":0,"y":0,"curve":"stepped"},{"time":0.12,"x":0,"y":0,"curve":"stepped"},{"time":0.18,"x":0,"y":0,"curve":"stepped"},{"time":0.24,"x":0,"y":0,"curve":"stepped"},{"time":0.3,"x":0,"y":0,"curve":"stepped"},{"time":0.36,"x":0,"y":0}],"scale":[{"time":0,"x":1,"y":1,"curve":"stepped"},{"time":0.12,"x":1,"y":1,"curve":"stepped"},{"time":0.24,"x":1,"y":1,"curve":"stepped"},{"time":0.36,"x":1,"y":1}]},"chibang_w8":{"rotate":[{"time":0,"angle":23.5},{"time":0.06,"angle":-22.31},{"time":0.12,"angle":23.5},{"time":0.18,"angle":-22.31},{"time":0.24,"angle":23.5},{"time":0.3,"angle":-22.31},{"time":0.36,"angle":23.5}],"translate":[{"time":0,"x":0,"y":0,"curve":"stepped"},{"time":0.06,"x":0,"y":0,"curve":"stepped"},{"time":0.12,"x":0,"y":0,"curve":"stepped"},{"time":0.18,"x":0,"y":0,"curve":"stepped"},{"time":0.24,"x":0,"y":0,"curve":"stepped"},{"time":0.3,"x":0,"y":0,"curve":"stepped"},{"time":0.36,"x":0,"y":0}],"scale":[{"time":0,"x":1,"y":1,"curve":"stepped"},{"time":0.12,"x":1,"y":1,"curve":"stepped"},{"time":0.24,"x":1,"y":1,"curve":"stepped"},{"time":0.36,"x":1,"y":1}]},"chibang_nei011":{"rotate":[{"time":0,"angle":-6.76},{"time":0.06,"angle":135.55},{"time":0.12,"angle":-6.76},{"time":0.18,"angle":135.55},{"time":0.24,"angle":-6.76},{"time":0.3,"angle":135.55},{"time":0.36,"angle":-6.76}],"translate":[{"time":0,"x":0,"y":0,"curve":"stepped"},{"time":0.06,"x":0,"y":0,"curve":"stepped"},{"time":0.12,"x":0,"y":0,"curve":"stepped"},{"time":0.18,"x":0,"y":0,"curve":"stepped"},{"time":0.24,"x":0,"y":0,"curve":"stepped"},{"time":0.3,"x":0,"y":0,"curve":"stepped"},{"time":0.36,"x":0,"y":0}]},"chibang_nei12":{"rotate":[{"time":0,"angle":-6.76},{"time":0.06,"angle":35.36},{"time":0.12,"angle":-6.76},{"time":0.18,"angle":35.36},{"time":0.24,"angle":-6.76},{"time":0.3,"angle":35.36},{"time":0.36,"angle":-6.76}],"translate":[{"time":0,"x":0,"y":0,"curve":"stepped"},{"time":0.06,"x":0,"y":0,"curve":"stepped"},{"time":0.12,"x":0,"y":0,"curve":"stepped"},{"time":0.18,"x":0,"y":0,"curve":"stepped"},{"time":0.24,"x":0,"y":0,"curve":"stepped"},{"time":0.3,"x":0,"y":0,"curve":"stepped"},{"time":0.36,"x":0,"y":0}]}}}}},[0]]],0,0,[0],[-1],[0]]