[1,["0bKD0xSTpHwJfr9n8tz4CW"],["_textureSetter"],["cc.SpriteFrame"],0,[[[{"name":"bossHpProgressBg","rect":[455,105,315,32],"offset":[0,0],"originalSize":[315,32],"rotated":1,"capInsets":[0,0,0,0]}],[0],0,[0],[0],[0]],[[{"name":"bossBgLight","rect":[2,2,347,182],"offset":[0,0],"originalSize":[347,182],"capInsets":[0,0,0,0]}],[0],0,[0],[0],[0]],[[{"name":"bossHpImg","rect":[457,2,49,44],"offset":[0,0],"originalSize":[49,44],"capInsets":[0,0,0,0]}],[0],0,[0],[0],[0]],[[{"name":"bossHpProgressBar","rect":[489,105,299,16],"offset":[0,0],"originalSize":[315,32],"rotated":1,"capInsets":[9,0,9,0]}],[0],0,[0],[0],[0]]]]