[1,["62Ca/HgCFClJ0Nup4u0X73"],0,[["sp.SkeletonData",["_name","_atlasText","textureNames","_skeletonJson","textures"],-1,3]],[[0,0,1,2,3,4,5]],[[0,"congratulations","\ncongratulations.png\nsize: 679,407\nformat: RGBA8888\nfilter: Linear,Linear\nrepeat: none\njinseshanguang\n  rotate: false\n  xy: 2, 97\n  size: 197, 203\n  orig: 215, 216\n  offset: 6, 11\n  index: -1\nshengli\n  rotate: false\n  xy: 2, 302\n  size: 675, 103\n  orig: 675, 103\n  offset: 0, 0\n  index: -1\nxx\n  rotate: false\n  xy: 2, 2\n  size: 93, 93\n  orig: 107, 107\n  offset: 9, 5\n  index: -1\n",["congratulations.png"],{"skeleton":{"hash":"qCfl+kcqPKaVa/mYf4UssXK/CqQ","spine":"3.6.53","width":1026.78,"height":1300,"fps":50,"images":""},"bones":[{"name":"root"},{"name":"bone","parent":"root","y":10.16},{"name":"jinseshanguang","parent":"root","x":20.77,"y":1.83},{"name":"sehngli","parent":"root","x":-1.44,"y":7.47},{"name":"sehngli2","parent":"root","x":-1.44,"y":7.47},{"name":"xxzong","parent":"root","x":48.3,"y":11.83,"color":"ff2800ff"},{"name":"xx","parent":"xxzong","x":-118.41,"y":5.82,"scaleX":1.483,"scaleY":1.483},{"name":"xx2","parent":"xxzong","rotation":37.45,"x":-232.03,"y":-0.17,"scaleX":1.068,"scaleY":1.068},{"name":"xx3","parent":"xxzong","rotation":-39.23,"x":-322.03,"y":6.33,"scaleX":1.755,"scaleY":1.755},{"name":"xx4","parent":"xxzong","x":-13.9,"y":5.82,"scaleX":0.506,"scaleY":0.506},{"name":"xx5","parent":"xxzong","x":78.02,"y":5.82,"scaleX":1.531,"scaleY":1.531},{"name":"xx6","parent":"xxzong","x":176.69,"y":5.82,"scaleX":2.078,"scaleY":2.078},{"name":"xx7","parent":"xxzong","rotation":-14.66,"x":-334.9,"y":-14.9,"scaleX":1.558,"scaleY":1.558},{"name":"xx8","parent":"xxzong","rotation":24.72,"x":-276.88,"y":-14.9,"scaleX":2.464,"scaleY":2.464},{"name":"xx9","parent":"xxzong","rotation":-6.54,"x":-212.75,"y":-14.9,"scaleX":0.922,"scaleY":0.922},{"name":"xx10","parent":"xxzong","rotation":-6.66,"x":-20.59,"y":-14.9,"scaleX":1.643,"scaleY":1.643},{"name":"xx11","parent":"xxzong","rotation":-71.89,"x":72.55,"y":-14.9,"scaleX":0.594,"scaleY":0.594},{"name":"xx12","parent":"xxzong","rotation":58.01,"x":214,"y":-14.9,"scaleX":1.279,"scaleY":1.279}],"slots":[{"name":"cont","bone":"bone"},{"name":"jinseshanguang","bone":"jinseshanguang","color":"ffffff00","attachment":"jinseshanguang","blend":"additive"},{"name":"xx","bone":"xx","attachment":"xx"},{"name":"xx4","bone":"xx4","attachment":"xx"},{"name":"xx5","bone":"xx5","attachment":"xx"},{"name":"xx6","bone":"xx6","attachment":"xx"},{"name":"xx7","bone":"xx7","attachment":"xx"},{"name":"xx8","bone":"xx8","attachment":"xx"},{"name":"xx9","bone":"xx9","attachment":"xx"},{"name":"xx10","bone":"xx10","attachment":"xx"},{"name":"xx12","bone":"xx12","attachment":"xx"},{"name":"xx11","bone":"xx11","attachment":"xx"},{"name":"xx2","bone":"xx2","attachment":"xx"},{"name":"xx3","bone":"xx3","attachment":"xx"},{"name":"shnegli","bone":"sehngli","attachment":"shengli"},{"name":"shnegli2","bone":"sehngli2","color":"ffffff00","attachment":"shengli","blend":"additive"}],"skins":{"default":{"jinseshanguang":{"jinseshanguang":{"x":-6.64,"y":-2.11,"scaleX":4.776,"scaleY":2.42,"width":215,"height":216}},"shnegli":{"shengli":{"x":1.44,"y":-7.47,"width":675,"height":103}},"shnegli2":{"shengli":{"x":1.44,"y":-7.47,"width":675,"height":103}},"xx":{"xx":{"x":-2,"y":1.77,"width":107,"height":107}},"xx10":{"xx":{"x":-2,"y":1.77,"width":107,"height":107}},"xx11":{"xx":{"x":-2,"y":1.77,"width":107,"height":107}},"xx12":{"xx":{"x":-2,"y":1.77,"width":107,"height":107}},"xx2":{"xx":{"x":-2,"y":1.77,"width":107,"height":107}},"xx3":{"xx":{"x":-2,"y":1.77,"width":107,"height":107}},"xx4":{"xx":{"x":-2,"y":1.77,"width":107,"height":107}},"xx5":{"xx":{"x":-2,"y":1.77,"width":107,"height":107}},"xx6":{"xx":{"x":-2,"y":1.77,"width":107,"height":107}},"xx7":{"xx":{"x":-2,"y":1.77,"width":107,"height":107}},"xx8":{"xx":{"x":-2,"y":1.77,"width":107,"height":107}},"xx9":{"xx":{"x":-2,"y":1.77,"width":107,"height":107}}}},"animations":{"congratulations":{"slots":{"jinseshanguang":{"color":[{"time":0,"color":"ffffff00","curve":"stepped"},{"time":0.08,"color":"ffffff00"},{"time":0.1,"color":"ffffffbc","curve":"stepped"},{"time":0.22,"color":"ffffffbc"},{"time":0.34,"color":"ffffff00","curve":"stepped"},{"time":0.42,"color":"ffffff00"}]},"shnegli2":{"color":[{"time":0,"color":"ffffff00","curve":"stepped"},{"time":0.06,"color":"ffffff00"},{"time":0.08,"color":"ffffff84","curve":"stepped"},{"time":0.2,"color":"ffffff84"},{"time":0.3,"color":"ffffff00","curve":"stepped"},{"time":0.42,"color":"ffffff00"}]},"xx":{"color":[{"time":0,"color":"ffffff00","curve":"stepped"},{"time":0.1,"color":"ffffff00"},{"time":0.12,"color":"ffffffff","curve":"stepped"},{"time":0.3,"color":"ffffffff"},{"time":0.42,"color":"ffffff00"}]},"xx2":{"color":[{"time":0,"color":"ffffff00","curve":"stepped"},{"time":0.1,"color":"ffffff00"},{"time":0.12,"color":"ffffffff","curve":"stepped"},{"time":0.34,"color":"ffffffff"},{"time":0.42,"color":"ffffff00"}]},"xx3":{"color":[{"time":0,"color":"ffffff00","curve":"stepped"},{"time":0.1,"color":"ffffff00"},{"time":0.12,"color":"ffffffff","curve":"stepped"},{"time":0.26,"color":"ffffffff"},{"time":0.4,"color":"ffffff00","curve":"stepped"},{"time":0.42,"color":"ffffff00"}]},"xx4":{"color":[{"time":0,"color":"ffffff00","curve":"stepped"},{"time":0.1,"color":"ffffff00"},{"time":0.12,"color":"ffffffff","curve":"stepped"},{"time":0.32,"color":"ffffffff"},{"time":0.38,"color":"ffffff00","curve":"stepped"},{"time":0.42,"color":"ffffff00"}]},"xx5":{"color":[{"time":0,"color":"ffffff00","curve":"stepped"},{"time":0.1,"color":"ffffff00"},{"time":0.12,"color":"ffffffff","curve":"stepped"},{"time":0.26,"color":"ffffffff"},{"time":0.36,"color":"ffffff00","curve":"stepped"},{"time":0.42,"color":"ffffff00"}]},"xx6":{"color":[{"time":0,"color":"ffffff00","curve":"stepped"},{"time":0.1,"color":"ffffff00"},{"time":0.12,"color":"ffffffff","curve":"stepped"},{"time":0.28,"color":"ffffffff"},{"time":0.36,"color":"ffffff00","curve":"stepped"},{"time":0.42,"color":"ffffff00"}]},"xx7":{"color":[{"time":0,"color":"ffffff00","curve":"stepped"},{"time":0.1,"color":"ffffff00"},{"time":0.12,"color":"ffffffff","curve":"stepped"},{"time":0.2,"color":"ffffffff"},{"time":0.38,"color":"ffffff00","curve":"stepped"},{"time":0.42,"color":"ffffff00"}]},"xx8":{"color":[{"time":0,"color":"ffffff00","curve":"stepped"},{"time":0.1,"color":"ffffff00"},{"time":0.12,"color":"ffffffff","curve":"stepped"},{"time":0.3,"color":"ffffffff"},{"time":0.36,"color":"ffffff00","curve":"stepped"},{"time":0.42,"color":"ffffff00"}]},"xx9":{"color":[{"time":0,"color":"ffffff00","curve":"stepped"},{"time":0.1,"color":"ffffff00"},{"time":0.12,"color":"ffffffff","curve":"stepped"},{"time":0.28,"color":"ffffffff"},{"time":0.4,"color":"ffffff00","curve":"stepped"},{"time":0.42,"color":"ffffff00"}]},"xx10":{"color":[{"time":0,"color":"ffffff00","curve":"stepped"},{"time":0.1,"color":"ffffff00"},{"time":0.12,"color":"ffffffff","curve":"stepped"},{"time":0.32,"color":"ffffffff"},{"time":0.4,"color":"ffffff00","curve":"stepped"},{"time":0.42,"color":"ffffff00"}]},"xx11":{"color":[{"time":0,"color":"ffffff00","curve":"stepped"},{"time":0.14,"color":"ffffff00"},{"time":0.16,"color":"ffffffff","curve":"stepped"},{"time":0.28,"color":"ffffffff"},{"time":0.36,"color":"ffffff00","curve":"stepped"},{"time":0.42,"color":"ffffff00"}]},"xx12":{"color":[{"time":0,"color":"ffffff00","curve":"stepped"},{"time":0.1,"color":"ffffff00"},{"time":0.12,"color":"ffffffff","curve":"stepped"},{"time":0.32,"color":"ffffffff"},{"time":0.4,"color":"ffffff00","curve":"stepped"},{"time":0.42,"color":"ffffff00"}]}},"bones":{"root":{"rotate":[{"time":0,"angle":0,"curve":"stepped"},{"time":0.42,"angle":0}],"translate":[{"time":0,"x":0,"y":0,"curve":"stepped"},{"time":0.42,"x":0,"y":0}],"scale":[{"time":0,"x":1,"y":1,"curve":"stepped"},{"time":0.42,"x":1,"y":1}],"shear":[{"time":0,"x":0,"y":0,"curve":"stepped"},{"time":0.42,"x":0,"y":0}]},"sehngli":{"rotate":[{"time":0,"angle":0,"curve":"stepped"},{"time":0.08,"angle":0,"curve":"stepped"},{"time":0.2,"angle":0,"curve":"stepped"},{"time":0.32,"angle":0,"curve":"stepped"},{"time":0.42,"angle":0}],"translate":[{"time":0,"x":0,"y":0,"curve":"stepped"},{"time":0.08,"x":0,"y":0,"curve":"stepped"},{"time":0.2,"x":0,"y":0,"curve":"stepped"},{"time":0.32,"x":0,"y":0,"curve":"stepped"},{"time":0.42,"x":0,"y":0}],"scale":[{"time":0,"x":2.551,"y":2.551},{"time":0.08,"x":0.752,"y":0.752},{"time":0.2,"x":1.232,"y":1.232},{"time":0.32,"x":1,"y":1,"curve":"stepped"},{"time":0.42,"x":1,"y":1}],"shear":[{"time":0,"x":0,"y":0,"curve":"stepped"},{"time":0.08,"x":0,"y":0,"curve":"stepped"},{"time":0.2,"x":0,"y":0,"curve":"stepped"},{"time":0.32,"x":0,"y":0,"curve":"stepped"},{"time":0.42,"x":0,"y":0}]},"sehngli2":{"rotate":[{"time":0,"angle":0,"curve":"stepped"},{"time":0.08,"angle":0,"curve":"stepped"},{"time":0.2,"angle":0,"curve":"stepped"},{"time":0.3,"angle":0,"curve":"stepped"},{"time":0.42,"angle":0}],"translate":[{"time":0,"x":0,"y":0,"curve":"stepped"},{"time":0.08,"x":0,"y":0,"curve":"stepped"},{"time":0.2,"x":0,"y":0,"curve":"stepped"},{"time":0.3,"x":0,"y":0,"curve":"stepped"},{"time":0.42,"x":0,"y":0}],"scale":[{"time":0,"x":0.752,"y":0.752,"curve":"stepped"},{"time":0.08,"x":0.752,"y":0.752},{"time":0.2,"x":1.232,"y":1.232},{"time":0.3,"x":1.781,"y":2.405,"curve":"stepped"},{"time":0.42,"x":1.781,"y":2.405}],"shear":[{"time":0,"x":0,"y":0,"curve":"stepped"},{"time":0.08,"x":0,"y":0,"curve":"stepped"},{"time":0.2,"x":0,"y":0,"curve":"stepped"},{"time":0.3,"x":0,"y":0,"curve":"stepped"},{"time":0.42,"x":0,"y":0}]},"xx":{"rotate":[{"time":0,"angle":0,"curve":"stepped"},{"time":0.12,"angle":0},{"time":0.26,"angle":72.4},{"time":0.42,"angle":162.63}],"translate":[{"time":0,"x":0,"y":16.9,"curve":"stepped"},{"time":0.12,"x":0,"y":16.9},{"time":0.16,"x":-46.82,"y":72.44},{"time":0.42,"x":-73.57,"y":104.17}],"scale":[{"time":0,"x":1,"y":1,"curve":"stepped"},{"time":0.12,"x":1,"y":1,"curve":"stepped"},{"time":0.42,"x":1,"y":1}],"shear":[{"time":0,"x":0,"y":0,"curve":"stepped"},{"time":0.12,"x":0,"y":0,"curve":"stepped"},{"time":0.42,"x":0,"y":0}]},"xx2":{"rotate":[{"time":0,"angle":0,"curve":"stepped"},{"time":0.12,"angle":0},{"time":0.42,"angle":162.63}],"translate":[{"time":0,"x":0,"y":16.9,"curve":"stepped"},{"time":0.12,"x":0,"y":16.9},{"time":0.16,"x":-22.03,"y":45.37},{"time":0.42,"x":-44.05,"y":73.83}],"scale":[{"time":0,"x":1,"y":1,"curve":"stepped"},{"time":0.12,"x":1,"y":1,"curve":"stepped"},{"time":0.42,"x":1,"y":1}],"shear":[{"time":0,"x":0,"y":0,"curve":"stepped"},{"time":0.12,"x":0,"y":0,"curve":"stepped"},{"time":0.42,"x":0,"y":0}]},"xx3":{"rotate":[{"time":0,"angle":0,"curve":"stepped"},{"time":0.12,"angle":0},{"time":0.4,"angle":162.63,"curve":"stepped"},{"time":0.42,"angle":162.63}],"translate":[{"time":0,"x":0,"y":16.9,"curve":"stepped"},{"time":0.12,"x":0,"y":16.9},{"time":0.16,"x":-28.03,"y":53.13},{"time":0.4,"x":-44.05,"y":73.83,"curve":"stepped"},{"time":0.42,"x":-44.05,"y":73.83}],"scale":[{"time":0,"x":1,"y":1,"curve":"stepped"},{"time":0.12,"x":1,"y":1,"curve":"stepped"},{"time":0.4,"x":1,"y":1,"curve":"stepped"},{"time":0.42,"x":1,"y":1}],"shear":[{"time":0,"x":0,"y":0,"curve":"stepped"},{"time":0.12,"x":0,"y":0,"curve":"stepped"},{"time":0.4,"x":0,"y":0,"curve":"stepped"},{"time":0.42,"x":0,"y":0}]},"xx4":{"rotate":[{"time":0,"angle":0,"curve":"stepped"},{"time":0.12,"angle":0},{"time":0.38,"angle":-110.3,"curve":"stepped"},{"time":0.42,"angle":-110.3}],"translate":[{"time":0,"x":0,"y":16.9,"curve":"stepped"},{"time":0.12,"x":0,"y":16.9},{"time":0.16,"x":60.99,"y":57.53},{"time":0.38,"x":101.65,"y":84.61,"curve":"stepped"},{"time":0.42,"x":101.65,"y":84.61}],"scale":[{"time":0,"x":1,"y":1,"curve":"stepped"},{"time":0.12,"x":1,"y":1,"curve":"stepped"},{"time":0.38,"x":1,"y":1,"curve":"stepped"},{"time":0.42,"x":1,"y":1}],"shear":[{"time":0,"x":0,"y":0,"curve":"stepped"},{"time":0.12,"x":0,"y":0,"curve":"stepped"},{"time":0.38,"x":0,"y":0,"curve":"stepped"},{"time":0.42,"x":0,"y":0}]},"xx5":{"rotate":[{"time":0,"angle":0,"curve":"stepped"},{"time":0.12,"angle":0},{"time":0.36,"angle":-77.46,"curve":"stepped"},{"time":0.42,"angle":-77.46}],"translate":[{"time":0,"x":0,"y":16.9,"curve":"stepped"},{"time":0.12,"x":0,"y":16.9},{"time":0.16,"x":69.36,"y":80.13},{"time":0.36,"x":104.04,"y":111.74,"curve":"stepped"},{"time":0.42,"x":104.04,"y":111.74}],"scale":[{"time":0,"x":1,"y":1,"curve":"stepped"},{"time":0.12,"x":1,"y":1,"curve":"stepped"},{"time":0.36,"x":1,"y":1,"curve":"stepped"},{"time":0.42,"x":1,"y":1}],"shear":[{"time":0,"x":0,"y":0,"curve":"stepped"},{"time":0.12,"x":0,"y":0,"curve":"stepped"},{"time":0.36,"x":0,"y":0,"curve":"stepped"},{"time":0.42,"x":0,"y":0}]},"xx6":{"rotate":[{"time":0,"angle":0,"curve":"stepped"},{"time":0.12,"angle":0},{"time":0.36,"angle":-77.46,"curve":"stepped"},{"time":0.42,"angle":-77.46}],"translate":[{"time":0,"x":0,"y":16.9,"curve":"stepped"},{"time":0.12,"x":0,"y":16.9},{"time":0.16,"x":70.19,"y":62.8},{"time":0.36,"x":105.28,"y":85.74,"curve":"stepped"},{"time":0.42,"x":105.28,"y":85.74}],"scale":[{"time":0,"x":1,"y":1,"curve":"stepped"},{"time":0.12,"x":1,"y":1,"curve":"stepped"},{"time":0.36,"x":1,"y":1,"curve":"stepped"},{"time":0.42,"x":1,"y":1}],"shear":[{"time":0,"x":0,"y":0,"curve":"stepped"},{"time":0.12,"x":0,"y":0,"curve":"stepped"},{"time":0.36,"x":0,"y":0,"curve":"stepped"},{"time":0.42,"x":0,"y":0}]},"xx7":{"rotate":[{"time":0,"angle":0,"curve":"stepped"},{"time":0.12,"angle":0},{"time":0.38,"angle":-149.81,"curve":"stepped"},{"time":0.42,"angle":-149.81}],"translate":[{"time":0,"x":8.66,"y":-4.75,"curve":"stepped"},{"time":0.12,"x":8.66,"y":-4.75},{"time":0.16,"x":-38.01,"y":-69.54},{"time":0.38,"x":-55.51,"y":-93.84,"curve":"stepped"},{"time":0.42,"x":-55.51,"y":-93.84}],"scale":[{"time":0,"x":1,"y":1,"curve":"stepped"},{"time":0.12,"x":1,"y":1,"curve":"stepped"},{"time":0.38,"x":1,"y":1,"curve":"stepped"},{"time":0.42,"x":1,"y":1}],"shear":[{"time":0,"x":0,"y":0,"curve":"stepped"},{"time":0.12,"x":0,"y":0,"curve":"stepped"},{"time":0.38,"x":0,"y":0,"curve":"stepped"},{"time":0.42,"x":0,"y":0}]},"xx8":{"rotate":[{"time":0,"angle":0,"curve":"stepped"},{"time":0.12,"angle":0},{"time":0.36,"angle":-149.81,"curve":"stepped"},{"time":0.42,"angle":-149.81}],"translate":[{"time":0,"x":8.66,"y":-4.75,"curve":"stepped"},{"time":0.12,"x":8.66,"y":-4.75},{"time":0.16,"x":-7.38,"y":-79.08},{"time":0.36,"x":-16.54,"y":-121.55,"curve":"stepped"},{"time":0.42,"x":-16.54,"y":-121.55}],"scale":[{"time":0,"x":1,"y":1,"curve":"stepped"},{"time":0.12,"x":1,"y":1,"curve":"stepped"},{"time":0.36,"x":1,"y":1,"curve":"stepped"},{"time":0.42,"x":1,"y":1}],"shear":[{"time":0,"x":0,"y":0,"curve":"stepped"},{"time":0.12,"x":0,"y":0,"curve":"stepped"},{"time":0.36,"x":0,"y":0,"curve":"stepped"},{"time":0.42,"x":0,"y":0}]},"xx9":{"rotate":[{"time":0,"angle":0,"curve":"stepped"},{"time":0.12,"angle":0},{"time":0.4,"angle":-149.81,"curve":"stepped"},{"time":0.42,"angle":-149.81}],"translate":[{"time":0,"x":8.66,"y":-4.75,"curve":"stepped"},{"time":0.12,"x":8.66,"y":-4.75},{"time":0.16,"x":16.1,"y":-69.26},{"time":0.4,"x":19.81,"y":-101.52,"curve":"stepped"},{"time":0.42,"x":19.81,"y":-101.52}],"scale":[{"time":0,"x":1,"y":1,"curve":"stepped"},{"time":0.12,"x":1,"y":1,"curve":"stepped"},{"time":0.4,"x":1,"y":1,"curve":"stepped"},{"time":0.42,"x":1,"y":1}],"shear":[{"time":0,"x":0,"y":0,"curve":"stepped"},{"time":0.12,"x":0,"y":0,"curve":"stepped"},{"time":0.4,"x":0,"y":0,"curve":"stepped"},{"time":0.42,"x":0,"y":0}]},"xx10":{"rotate":[{"time":0,"angle":0,"curve":"stepped"},{"time":0.12,"angle":0},{"time":0.4,"angle":87.95,"curve":"stepped"},{"time":0.42,"angle":87.95}],"translate":[{"time":0,"x":8.66,"y":-4.75,"curve":"stepped"},{"time":0.12,"x":8.66,"y":-4.75},{"time":0.16,"x":24.52,"y":-61.2},{"time":0.4,"x":35.85,"y":-101.52,"curve":"stepped"},{"time":0.42,"x":35.85,"y":-101.52}],"scale":[{"time":0,"x":1,"y":1,"curve":"stepped"},{"time":0.12,"x":1,"y":1,"curve":"stepped"},{"time":0.4,"x":1,"y":1,"curve":"stepped"},{"time":0.42,"x":1,"y":1}],"shear":[{"time":0,"x":0,"y":0,"curve":"stepped"},{"time":0.12,"x":0,"y":0,"curve":"stepped"},{"time":0.4,"x":0,"y":0,"curve":"stepped"},{"time":0.42,"x":0,"y":0}]},"xx11":{"rotate":[{"time":0,"angle":0,"curve":"stepped"},{"time":0.16,"angle":0},{"time":0.36,"angle":87.95,"curve":"stepped"},{"time":0.42,"angle":87.95}],"translate":[{"time":0,"x":8.66,"y":-4.75,"curve":"stepped"},{"time":0.16,"x":8.66,"y":-4.75},{"time":0.2,"x":46.9,"y":-87.53},{"time":0.36,"x":59.65,"y":-115.12,"curve":"stepped"},{"time":0.42,"x":59.65,"y":-115.12}],"scale":[{"time":0,"x":1,"y":1,"curve":"stepped"},{"time":0.16,"x":1,"y":1,"curve":"stepped"},{"time":0.36,"x":1,"y":1,"curve":"stepped"},{"time":0.42,"x":1,"y":1}],"shear":[{"time":0,"x":0,"y":0,"curve":"stepped"},{"time":0.16,"x":0,"y":0,"curve":"stepped"},{"time":0.36,"x":0,"y":0,"curve":"stepped"},{"time":0.42,"x":0,"y":0}]},"xx12":{"rotate":[{"time":0,"angle":0,"curve":"stepped"},{"time":0.12,"angle":0},{"time":0.4,"angle":-178.07,"curve":"stepped"},{"time":0.42,"angle":-178.07}],"translate":[{"time":0,"x":8.66,"y":-4.75,"curve":"stepped"},{"time":0.12,"x":8.66,"y":-4.75},{"time":0.16,"x":59.07,"y":-92.07},{"time":0.4,"x":84.28,"y":-135.73,"curve":"stepped"},{"time":0.42,"x":84.28,"y":-135.73}],"scale":[{"time":0,"x":1,"y":1,"curve":"stepped"},{"time":0.12,"x":1,"y":1,"curve":"stepped"},{"time":0.4,"x":1,"y":1,"curve":"stepped"},{"time":0.42,"x":1,"y":1}],"shear":[{"time":0,"x":0,"y":0,"curve":"stepped"},{"time":0.12,"x":0,"y":0,"curve":"stepped"},{"time":0.4,"x":0,"y":0,"curve":"stepped"},{"time":0.42,"x":0,"y":0}]},"jinseshanguang":{"rotate":[{"time":0,"angle":0,"curve":"stepped"},{"time":0.08,"angle":0,"curve":"stepped"},{"time":0.1,"angle":0,"curve":"stepped"},{"time":0.34,"angle":0,"curve":"stepped"},{"time":0.42,"angle":0}],"translate":[{"time":0,"x":0,"y":0,"curve":"stepped"},{"time":0.08,"x":0,"y":0,"curve":"stepped"},{"time":0.1,"x":0,"y":0,"curve":"stepped"},{"time":0.34,"x":0,"y":0,"curve":"stepped"},{"time":0.42,"x":0,"y":0}],"scale":[{"time":0,"x":1,"y":1,"curve":"stepped"},{"time":0.08,"x":1,"y":1,"curve":"stepped"},{"time":0.1,"x":1,"y":1},{"time":0.34,"x":1.329,"y":1.329},{"time":0.42,"x":1.141,"y":1.141}],"shear":[{"time":0,"x":0,"y":0,"curve":"stepped"},{"time":0.08,"x":0,"y":0,"curve":"stepped"},{"time":0.1,"x":0,"y":0,"curve":"stepped"},{"time":0.34,"x":0,"y":0,"curve":"stepped"},{"time":0.42,"x":0,"y":0}]}}}}},[0]]],0,0,[0],[-1],[0]]