[1,["ecpdLyjvZBwrvm+cedCcQy","42fsZzIkBMTZVpk6ldpKq6","a4q+++QBJFNqOTyny160vx","18RDWz6ptFPojTd3WDEUWH","acWNzvKZpNmb2TN/Hwyvza","95wf3JnHtLSIZP4lrj9fBF","82+LtJ2PxLEJJKiDrPeipY","7a/QZLET9IDreTiBfRn2PD","adD4mI+y1KWagfH4pXWAXI","aaBeDRvEZEqZXFHkbTuLiM","cccgPBQklMrLI/yzFstteO","a9UpirZW9FJYxc5Z/N9iNj","38qBRf1OZG0JR3OSaC/tyS","bazABWdc5CdZrda7Jb9xux","3aM3Wj8BZBSqyTOIEpG/Jq","6aOxMQq1hIZLxOKmm68MTr","e9APhWEAhFaZs4G7fxi3fg","f856JLDw5JrKyYxC8Lyx67","0bqS7E7CNNEZnmvr6XB+9P"],["node","_spriteFrame","_textureSetter","root","_N$target","_parent","_txtNode","data","_pageView","_N$skeletonData","_fontSpriteAtlas","_N$file"],[["cc.Node",["_name","_active","_prefab","_parent","_contentSize","_components","_trs","_children","_anchorPoint"],1,4,1,5,9,7,2,5],["cc.Sprite",["_sizeMode","_type","node","_materials","_spriteFrame"],1,1,3,6],"cc.SpriteFrame",["cc.Node",["_name","_active","_parent","_components","_prefab","_contentSize","_trs","_children"],1,1,2,4,5,7,2],["cc.PrefabInfo",["fileId","root"],2,1],["cc.Mask",["_N$alphaThreshold","node","_materials"],2,1,3],["cc.Button",["_N$transition","_N$interactable","node","_N$normalColor","_N$pressedColor","_N$disabledColor","_N$target"],1,1,5,5,5,1],["cc.Prefab",["_name"],2],["cc.Node",["_name","_parent","_children","_components","_prefab","_contentSize","_trs"],2,1,9,9,4,5,7],["sp.Skeleton",["defaultSkin","defaultAnimation","_preCacheMode","_animationName","node","_materials","_N$skeletonData"],-1,1,3,6],["cc.BlockInputEvents",["node"],3,1],["c065aWrojlEdoYtWfgd7pju",["_text","_fontName","node","_txtNode","_stringSize","_fontSpriteAtlas"],1,1,1,8,6],["cc.Layout",["_resize","_N$layoutType","_N$spacingY","node","_layoutSize"],0,1,5],["cc.Label",["_string","_fontSize","_isSystemFontUsed","_N$horizontalAlign","_N$verticalAlign","_N$cacheMode","node","_materials","_N$file"],-3,1,3,6],["cc.PageViewIndicator",["spacing","node","cellSize"],2,1,5],["cc.PageView",["elastic","bounceDuration","node","_N$content","_N$indicator"],1,1,1,1]],[[4,0,1,2],[1,2,3,4,1],[0,0,3,5,2,4,6,2],[0,0,3,7,5,2,4,6,2],[0,0,3,5,2,4,2],[1,0,2,3,4,2],[7,0,2],[0,0,7,2,2],[0,0,3,2,4,2],[0,0,1,3,7,5,2,4,6,3],[0,0,3,7,2,6,2],[0,0,3,5,2,4,8,6,2],[0,0,3,5,2,4,8,2],[3,0,2,7,3,4,5,6,2],[3,0,1,2,3,4,5,6,3],[8,0,1,2,3,4,5,6,2],[4,1,1],[5,1,2,1],[5,0,1,2,2],[6,0,2,3,4,5,6,2],[6,1,2,2],[1,1,0,2,3,4,3],[9,0,1,2,3,4,5,6,5],[10,0,1],[11,0,1,2,3,4,5,3],[12,0,1,2,3,4,4],[13,0,1,2,3,4,5,6,7,8,7],[14,0,1,2,2],[15,0,1,2,3,4,3]],[[[{"name":"puzzle_big_bg_open","rect":[0,0,694,979],"offset":[0,0],"originalSize":[694,979],"capInsets":[0,0,0,0]}],[2],0,[0],[2],[2]],[[{"name":"puzzle_big_bg_open_curtain","rect":[11,15,672,842],"offset":[0,3],"originalSize":[694,878],"capInsets":[0,0,0,0]}],[2],0,[0],[2],[3]],[[[6,"page_view_layer_prefab"],[7,"page_view_layer_prefab",[-2,-3,-4,-5,-6,-7,-8,-9,-10,-11,-12],[16,-1]],[3,"puzzleLayerPoint",1,[-14,-15,-16,-17,-18,-19,-20,-21],[[17,-13,[38]]],[0,"39apZJkU1C35tCKm3OV7sv",1],[5,240,80],[0,388.407,0,0,0,0,1,1,1,1]],[13,"pageview",1,[-23,-24,-25],[-22],[0,"99QRJChu9JiIibbfExbxDN",1],[5,694,900],[0,50,0,0,0,0,1,1,1,1]],[3,"homebtn",1,[-29],[[19,3,-27,[4,4293322470],[4,4291348680],[4,3363338360],-26],[21,1,0,-28,[41],42]],[0,"1bdcOGfd9DmY4hDrWo7V9Q",1],[5,342,110],[0,-455,0,0,0,0,1,1,1,0]],[15,"giftSpineNode",1,[[8,"clickNode",-32,[0,"91IBBandJLeJ00KXOajyXp",1],[5,400,400]]],[[20,false,-30],[22,"default","ldle02",0,"ldle02",-31,[6],7]],[0,"be4V66S0ZDHqs44davhHBa",1],[5,551.62,918.21],[-175,557,0,0,0,0,1,0.3,0.3,1]],[4,"mask",1,[[5,0,-33,[0],1],[23,-34]],[0,"0ezquDTa5CELccAJRg5KLU",1],[5,920,1480]],[9,"qipao",false,1,[-36],[[1,-35,[11],12]],[0,"73NrCwxxxHYp+I8hIDqfep",1],[5,61,67],[-125.816,590,0,0,0,0,1,1,1,1]],[3,"num",7,[-39],[[24,"1","font11",-38,-37,[5,35,0],10]],[0,"51Gc1KtiRIbZaXZH+OzORF",1],[5,22.25,50.4],[0,3,0,0,0,0,1,0.67,0.67,1]],[10,"New Node",8,[-40],[0,"a8g53D611ExZUSG9gZakXL",1],[-17.5,0,0,0,0,0,1,1,1,1]],[3,"view",3,[-42],[[18,0,-41,[19]]],[0,"4eKoZCe2NA/rK3q6AJzZmY",1],[5,560,760],[0,-60,0,0,0,0,1,1,1,1]],[11,"content",10,[[25,1,1,15,-43,[5,560,760]]],[0,"97R89p0cpA07AiM6KA/Clw",1],[5,560,760],[0,0,0.5],[-280,0,0,0,0,0,1,1,1,1]],[2,"starbg",1,[[1,-44,[2],3]],[0,"afm0hb27FF7JUTugmbR2YQ",1],[5,322,66],[5.897,547,0,0,0,0,1,1,1,1]],[2,"giftIconNode",1,[[5,0,-45,[4],5]],[0,"39/Wa+9EZJ24TC6vFqR5EM",1],[5,100,105],[-175,557,0,0,0,0,1,1,1,1]],[12,"New Node",9,[[1,-46,[8],9]],[0,"1dzoxKR55OTJuOi30beRCw",1],[5,35,60],[0,0,0.5]],[2,"starnum",1,[[26,"80/100",38,false,1,1,1,-47,[13],14]],[0,"8cFEEJNXpMM61ckl2otH2z",1],[5,147.59,50.4],[5,550,0,0,0,0,1,1,1,1]],[2,"starIcon",1,[[1,-48,[15],16]],[0,"efYmZEFjdNMbPLmuZNmKSk",1],[5,32,32],[143,548,0,0,0,0,1,1.5,1.5,1]],[4,"background",3,[[5,0,-49,[17],18]],[0,"30jBS4cqlPx4IquhA2vZ5s",1],[5,694,878]],[14,"indicator",false,3,[-50],[0,"b6jYtAqDNMdqV2wREoc2GJ",1],[5,100,27],[0,-168.641,0,0,0,0,1,1,1,1]],[27,10,18,[5,10,10]],[28,false,0.5,3,11,19],[2,"bg",1,[[5,2,-51,[20],21]],[0,"edyRG/Ka1Ga5Bfa77lpTJv",1],[5,694,878],[0,50,0,0,0,0,1,1,1,1]],[2,"point1",2,[[1,-52,[22],23]],[0,"17sDVjlKxN078nbFAdF3SY",1],[5,18,18],[-150,0,0,0,0,0,1,1,1,1]],[2,"point2",2,[[1,-53,[24],25]],[0,"58dNq53M1BRKnlppuKY6dM",1],[5,18,18],[-100,0,0,0,0,0,1,1,1,1]],[2,"point3",2,[[1,-54,[26],27]],[0,"22X5pW3mdO3r4U/KmU7mWz",1],[5,18,18],[-50,0,0,0,0,0,1,1,1,1]],[4,"point4",2,[[1,-55,[28],29]],[0,"84J4hLaiNHEr/f755ofe7P",1],[5,18,18]],[2,"point5",2,[[1,-56,[30],31]],[0,"94abHRTxtAa4Ck1qb8ztRV",1],[5,18,18],[50,0,0,0,0,0,1,1,1,1]],[2,"point6",2,[[1,-57,[32],33]],[0,"2ek0QrYvpPSJ2dP7DBMnxw",1],[5,18,18],[100,0,0,0,0,0,1,1,1,1]],[2,"point7",2,[[1,-58,[34],35]],[0,"e06HCbkYtBQZ4eRQgUpFDF",1],[5,18,18],[150,0,0,0,0,0,1,1,1,1]],[4,"curPuzzle",2,[[1,-59,[36],37]],[0,"b1TR/ACHxDGZ9qiGBCbejL",1],[5,18,18]],[2,"img",4,[[1,-60,[39],40]],[0,"6cMrbbxqhNbqBKzz4aKoC5",1],[5,66,56],[0,8,0,0,0,0,1,1,1,1]]],0,[0,3,1,0,-1,6,0,-2,12,0,-3,13,0,-4,5,0,-5,7,0,-6,15,0,-7,16,0,-8,3,0,-9,21,0,-10,2,0,-11,4,0,0,2,0,-1,22,0,-2,23,0,-3,24,0,-4,25,0,-5,26,0,-6,27,0,-7,28,0,-8,29,0,-1,20,0,-1,17,0,-2,10,0,-3,18,0,4,4,0,0,4,0,0,4,0,-1,30,0,0,5,0,0,5,0,5,5,0,0,6,0,0,6,0,0,7,0,-1,8,0,6,9,0,0,8,0,-1,9,0,-1,14,0,0,10,0,-1,11,0,0,11,0,0,12,0,0,13,0,0,14,0,0,15,0,0,16,0,0,17,0,-1,19,0,0,21,0,0,22,0,0,23,0,0,24,0,0,25,0,0,26,0,0,27,0,0,28,0,0,29,0,0,30,0,7,1,19,8,20,60],[0,0,0,0,0,0,0,0,0,0,0,0,0,0,0,0,0,0,0,0,0,0,0,0,0,0,0,0,0,0,0,0,0,0,0,0,0,0,0,0,0,0,0],[-1,1,-1,1,-1,1,-1,9,-1,1,10,-1,1,-1,11,-1,1,-1,1,-1,-1,1,-1,1,-1,1,-1,1,-1,1,-1,1,-1,1,-1,1,-1,1,-1,-1,1,-1,1],[0,4,0,5,0,6,7,8,0,9,10,0,11,0,12,0,13,0,14,0,0,15,0,1,0,1,0,1,0,1,0,1,0,1,0,1,0,16,0,0,17,0,18]]]]