[1,["be7gtHj1dJ/pzWIZWbR9x7","032PbOYNJFO5p3dnIzWO+I","aaBeDRvEZEqZXFHkbTuLiM","dbAhV4+c1OUarTfs8wiCET","a62rso0odPl7z7bKbW7W2z","aeqNMz2StNKb9EtrUmkhfn","7e5dDQfC1D4qEDnKCmKL7I","b9Vul6HRdDq7ORNaHQW5QD","5aJ6o/bYJImb2u+h3GCJjw","17tQMZ8qZNB6ve9K/sVlEU","cbd+IvvF5NyLVSMACLueu0"],["_textureSetter","font11_0","font11_1","font11_2","font11_3","font11_4","font11_5","font11_6","font11_7","font11_8","font11_9"],["cc.SpriteFrame",["cc.SpriteAtlas",["_name","_spriteFrames"],2,11]],[[1,0,1,2]],[[[{"name":"font11_0","rect":[2,362,49,60],"offset":[0,0],"originalSize":[49,60],"rotated":1,"capInsets":[0,0,0,0]}],[0],0,[0],[0],[0]],[[{"name":"font11_8","rect":[2,2,50,60],"offset":[0,0],"originalSize":[50,60],"rotated":1,"capInsets":[0,0,0,0]}],[0],0,[0],[0],[0]],[[{"name":"font11_7","rect":[2,413,48,60],"offset":[0,0],"originalSize":[48,60],"rotated":1,"capInsets":[0,0,0,0]}],[0],0,[0],[0],[0]],[[{"name":"font11_5","rect":[2,54,50,60],"offset":[0,0],"originalSize":[50,60],"rotated":1,"capInsets":[0,0,0,0]}],[0],0,[0],[0],[0]],[[{"name":"font11_3","rect":[2,260,49,60],"offset":[0,0],"originalSize":[49,60],"rotated":1,"capInsets":[0,0,0,0]}],[0],0,[0],[0],[0]],[[{"name":"font11_1","rect":[2,463,35,60],"offset":[0,0],"originalSize":[35,60],"rotated":1,"capInsets":[0,0,0,0]}],[0],0,[0],[0],[0]],[[{"name":"font11_4","rect":[2,106,50,60],"offset":[0,0],"originalSize":[50,60],"rotated":1,"capInsets":[0,0,0,0]}],[0],0,[0],[0],[0]],[[{"name":"font11_6","rect":[2,209,49,60],"offset":[0,0],"originalSize":[49,60],"rotated":1,"capInsets":[0,0,0,0]}],[0],0,[0],[0],[0]],[[{"name":"font11_9","rect":[2,158,49,60],"offset":[0,0],"originalSize":[49,60],"rotated":1,"capInsets":[0,0,0,0]}],[0],0,[0],[0],[0]],[[[0,"levelFont.plist",[{},"font11_0",6,0,"font11_1",6,1,"font11_2",6,2,"font11_3",6,3,"font11_4",6,4,"font11_5",6,5,"font11_6",6,6,"font11_7",6,7,"font11_8",6,8,"font11_9",6,9]]],0,0,[0,0,0,0,0,0,0,0,0,0],[1,2,3,4,5,6,7,8,9,10],[1,2,3,4,5,6,7,8,9,10]],[[{"name":"font11_2","rect":[2,311,49,60],"offset":[0,0],"originalSize":[49,60],"rotated":1,"capInsets":[0,0,0,0]}],[0],0,[0],[0],[0]]]]