[1,["efgJ7df29F7r3siktA1EgT"],0,[["sp.SkeletonData",["_name","_atlasText","textureNames","_skeletonJson","textures"],-1,3]],[[0,0,1,2,3,4,5]],[[0,"select","\nselect.png\nsize: 512,512\nformat: RGBA8888\nfilter: Linear,Linear\nrepeat: none\ndiandian01\n  rotate: false\n  xy: 242, 316\n  size: 60, 60\n  orig: 60, 60\n  offset: 0, 0\n  index: -1\nquan2\n  rotate: false\n  xy: 2, 2\n  size: 134, 134\n  orig: 134, 134\n  offset: 0, 0\n  index: -1\nquan3\n  rotate: false\n  xy: 2, 138\n  size: 238, 238\n  orig: 238, 238\n  offset: 0, 0\n  index: -1\n",["select.png"],{"skeleton":{"hash":"9CN3qy+ecco/nNLyUdLiRem8QkA","spine":"3.6.53","width":134,"height":134,"fps":50,"images":"./选关/"},"bones":[{"name":"root"},{"name":"bone","parent":"root"},{"name":"bone2","parent":"root"},{"name":"guangxiao","parent":"root"},{"name":"bone4","parent":"guangxiao","rotation":-89.79,"scaleX":0.552,"scaleY":0.552},{"name":"bone5","parent":"guangxiao","rotation":177.92,"scaleX":0.552,"scaleY":0.552},{"name":"bone6","parent":"guangxiao","rotation":120.3,"scaleX":0.7,"scaleY":0.7},{"name":"bone7","parent":"guangxiao","rotation":-45.09,"scaleX":0.4,"scaleY":0.4},{"name":"guangxiao2","parent":"root","rotation":88.74,"scaleX":0.8,"scaleY":0.8},{"name":"bone8","parent":"guangxiao2","scaleX":0.7,"scaleY":0.7},{"name":"bone9","parent":"guangxiao2","rotation":-89.79,"scaleX":0.552,"scaleY":0.552},{"name":"bone10","parent":"guangxiao2","rotation":149.83,"scaleX":0.552,"scaleY":0.552},{"name":"bone11","parent":"guangxiao2","rotation":120.3,"scaleX":0.7,"scaleY":0.7},{"name":"bone12","parent":"guangxiao2","rotation":-45.09,"scaleX":0.602,"scaleY":0.602},{"name":"dian2","parent":"bone4"},{"name":"dian3","parent":"bone5"},{"name":"dian4","parent":"bone6"},{"name":"dian5","parent":"bone7"},{"name":"dian6","parent":"bone8"},{"name":"dian7","parent":"bone9"},{"name":"dian8","parent":"bone10"},{"name":"dian9","parent":"bone11"},{"name":"dian10","parent":"bone12"}],"slots":[{"name":"quan3","bone":"bone","color":"ffffff00","attachment":"quan2","blend":"additive"},{"name":"quan4","bone":"bone2","color":"ffffff00","attachment":"quan2","blend":"additive"},{"name":"diandian5","bone":"dian6","color":"ffffff00","attachment":"diandian01","blend":"additive"},{"name":"diandian4","bone":"dian5","color":"ffffff00","attachment":"diandian01","blend":"additive"},{"name":"diandian9","bone":"dian10","color":"ffffff00","attachment":"diandian01","blend":"additive"},{"name":"diandian1","bone":"dian2","color":"ffffff00","attachment":"diandian01","blend":"additive"},{"name":"diandian6","bone":"dian7","color":"ffffff00","attachment":"diandian01","blend":"additive"},{"name":"diandian2","bone":"dian3","color":"ffffff00","attachment":"diandian01","blend":"additive"},{"name":"diandian7","bone":"dian8","color":"ffffff00","attachment":"diandian01","blend":"additive"},{"name":"diandian3","bone":"dian4","color":"ffffff00","attachment":"diandian01","blend":"additive"},{"name":"diandian8","bone":"dian9","color":"ffffff00","attachment":"diandian01","blend":"additive"}],"skins":{"default":{"diandian1":{"diandian01":{"width":60,"height":60}},"diandian2":{"diandian01":{"width":60,"height":60}},"diandian3":{"diandian01":{"width":60,"height":60}},"diandian4":{"diandian01":{"width":60,"height":60}},"diandian5":{"diandian01":{"width":60,"height":60}},"diandian6":{"diandian01":{"width":60,"height":60}},"diandian7":{"diandian01":{"width":60,"height":60}},"diandian8":{"diandian01":{"width":60,"height":60}},"diandian9":{"diandian01":{"width":60,"height":60}},"quan3":{"quan2":{"width":134,"height":134},"quan3":{"width":238,"height":238}},"quan4":{"quan2":{"width":134,"height":134},"quan3":{"width":238,"height":238}}}},"animations":{"select":{"slots":{"diandian1":{"color":[{"time":0,"color":"ffffff00"},{"time":0.2,"color":"ffffffff"},{"time":0.4,"color":"ffffff00"}]},"diandian2":{"color":[{"time":0,"color":"ffffff7f"},{"time":0.1,"color":"ffffff00","curve":"stepped"},{"time":0.12,"color":"ffffff00"},{"time":0.32,"color":"ffffffff"},{"time":0.4,"color":"ffffff99"}]},"diandian3":{"color":[{"time":0,"color":"ffffff98"},{"time":0.08,"color":"ffffffff"},{"time":0.28,"color":"ffffff00","curve":"stepped"},{"time":0.3,"color":"ffffff00"},{"time":0.4,"color":"ffffff7f"}]},"diandian4":{"color":[{"time":0,"color":"ffffff00"},{"time":0.2,"color":"ffffffff"},{"time":0.22,"color":"ffffffe5"},{"time":0.4,"color":"ffffff00"}]},"diandian5":{"color":[{"time":0,"color":"ffffffe5"},{"time":0.18,"color":"ffffff00","curve":"stepped"},{"time":0.2,"color":"ffffff00"},{"time":0.4,"color":"ffffffff"}]},"diandian6":{"color":[{"time":0,"color":"ffffff65"},{"time":0.12,"color":"ffffffff"},{"time":0.32,"color":"ffffff00","curve":"stepped"},{"time":0.34,"color":"ffffff00"},{"time":0.4,"color":"ffffff4c"}]},"diandian7":{"color":[{"time":0,"color":"ffffff7f"},{"time":0.1,"color":"ffffff00","curve":"stepped"},{"time":0.12,"color":"ffffff00"},{"time":0.32,"color":"ffffffff"},{"time":0.4,"color":"ffffff99"}]},"diandian8":{"color":[{"time":0,"color":"ffffff98"},{"time":0.08,"color":"ffffffff"},{"time":0.28,"color":"ffffff00","curve":"stepped"},{"time":0.3,"color":"ffffff00"},{"time":0.4,"color":"ffffff7f"}]},"diandian9":{"color":[{"time":0,"color":"ffffff00"},{"time":0.2,"color":"ffffffff"},{"time":0.22,"color":"ffffffe5"},{"time":0.4,"color":"ffffff00"}]},"quan3":{"color":[{"time":0,"color":"ffffff00"},{"time":0.2,"color":"ffffffff"},{"time":0.4,"color":"ffffff00"}]},"quan4":{"color":[{"time":0,"color":"ffffffe5"},{"time":0.18,"color":"ffffff00"},{"time":0.2,"color":"ffffff00"},{"time":0.4,"color":"ffffffff"}]}},"bones":{"bone":{"rotate":[{"time":0,"angle":0,"curve":"stepped"},{"time":0.2,"angle":0,"curve":"stepped"},{"time":0.4,"angle":0}],"translate":[{"time":0,"x":0,"y":0,"curve":"stepped"},{"time":0.2,"x":0,"y":0,"curve":"stepped"},{"time":0.4,"x":0,"y":0}],"scale":[{"time":0,"x":0.19,"y":0.19},{"time":0.2,"x":1.081,"y":1.081},{"time":0.4,"x":1.86,"y":1.86}]},"bone2":{"rotate":[{"time":0,"angle":0,"curve":"stepped"},{"time":0.18,"angle":0,"curve":"stepped"},{"time":0.2,"angle":0,"curve":"stepped"},{"time":0.4,"angle":0}],"translate":[{"time":0,"x":0,"y":0,"curve":"stepped"},{"time":0.18,"x":0,"y":0,"curve":"stepped"},{"time":0.2,"x":0,"y":0,"curve":"stepped"},{"time":0.4,"x":0,"y":0}],"scale":[{"time":0,"x":1.159,"y":1.159},{"time":0.18,"x":1.86,"y":1.86},{"time":0.2,"x":0.19,"y":0.19},{"time":0.4,"x":1.081,"y":1.081}]},"dian2":{"rotate":[{"time":0,"angle":0,"curve":"stepped"},{"time":0.4,"angle":0}],"translate":[{"time":0,"x":0,"y":0},{"time":0.4,"x":161.72,"y":0}],"scale":[{"time":0,"x":1,"y":1,"curve":"stepped"},{"time":0.4,"x":1,"y":1}]},"dian3":{"rotate":[{"time":0,"angle":0,"curve":"stepped"},{"time":0.1,"angle":0,"curve":"stepped"},{"time":0.12,"angle":0,"curve":"stepped"},{"time":0.4,"angle":0}],"translate":[{"time":0,"x":121.29,"y":0},{"time":0.1,"x":161.72,"y":0},{"time":0.12,"x":0,"y":0},{"time":0.4,"x":113.2,"y":0}],"scale":[{"time":0,"x":1,"y":1,"curve":"stepped"},{"time":0.1,"x":1,"y":1,"curve":"stepped"},{"time":0.12,"x":1,"y":1,"curve":"stepped"},{"time":0.4,"x":1,"y":1}]},"dian4":{"rotate":[{"time":0,"angle":0,"curve":"stepped"},{"time":0.08,"angle":0,"curve":"stepped"},{"time":0.28,"angle":0,"curve":"stepped"},{"time":0.3,"angle":0,"curve":"stepped"},{"time":0.4,"angle":0}],"translate":[{"time":0,"x":48.51,"y":0},{"time":0.08,"x":80.86,"y":0},{"time":0.28,"x":161.72,"y":0},{"time":0.3,"x":0,"y":0},{"time":0.4,"x":40.43,"y":0}],"scale":[{"time":0,"x":1,"y":1,"curve":"stepped"},{"time":0.08,"x":1,"y":1,"curve":"stepped"},{"time":0.28,"x":1,"y":1,"curve":"stepped"},{"time":0.3,"x":1,"y":1,"curve":"stepped"},{"time":0.4,"x":1,"y":1}]},"dian5":{"rotate":[{"time":0,"angle":0,"curve":"stepped"},{"time":0.2,"angle":0,"curve":"stepped"},{"time":0.22,"angle":0,"curve":"stepped"},{"time":0.4,"angle":0}],"translate":[{"time":0,"x":0,"y":0},{"time":0.2,"x":80.86,"y":0},{"time":0.22,"x":88.94,"y":0},{"time":0.4,"x":161.72,"y":0}],"scale":[{"time":0,"x":1,"y":1,"curve":"stepped"},{"time":0.2,"x":1,"y":1,"curve":"stepped"},{"time":0.22,"x":1,"y":1,"curve":"stepped"},{"time":0.4,"x":1,"y":1}]},"dian6":{"rotate":[{"time":0,"angle":0,"curve":"stepped"},{"time":0.18,"angle":0,"curve":"stepped"},{"time":0.2,"angle":0,"curve":"stepped"},{"time":0.4,"angle":0}],"translate":[{"time":0,"x":88.94,"y":0},{"time":0.18,"x":161.72,"y":0},{"time":0.2,"x":0,"y":0},{"time":0.4,"x":80.86,"y":0}],"scale":[{"time":0,"x":1,"y":1,"curve":"stepped"},{"time":0.18,"x":1,"y":1,"curve":"stepped"},{"time":0.2,"x":1,"y":1,"curve":"stepped"},{"time":0.4,"x":1,"y":1}]},"dian7":{"rotate":[{"time":0,"angle":0,"curve":"stepped"},{"time":0.32,"angle":0,"curve":"stepped"},{"time":0.34,"angle":0,"curve":"stepped"},{"time":0.4,"angle":0}],"translate":[{"time":0,"x":32.34,"y":0},{"time":0.32,"x":161.72,"y":0},{"time":0.34,"x":0,"y":0},{"time":0.4,"x":24.26,"y":0}],"scale":[{"time":0,"x":1,"y":1,"curve":"stepped"},{"time":0.32,"x":1,"y":1,"curve":"stepped"},{"time":0.34,"x":1,"y":1,"curve":"stepped"},{"time":0.4,"x":1,"y":1}]},"dian8":{"rotate":[{"time":0,"angle":0,"curve":"stepped"},{"time":0.1,"angle":0,"curve":"stepped"},{"time":0.12,"angle":0,"curve":"stepped"},{"time":0.4,"angle":0}],"translate":[{"time":0,"x":121.29,"y":0},{"time":0.1,"x":161.72,"y":0},{"time":0.12,"x":0,"y":0},{"time":0.4,"x":113.2,"y":0}],"scale":[{"time":0,"x":1,"y":1,"curve":"stepped"},{"time":0.1,"x":1,"y":1,"curve":"stepped"},{"time":0.12,"x":1,"y":1,"curve":"stepped"},{"time":0.4,"x":1,"y":1}]},"dian9":{"rotate":[{"time":0,"angle":0,"curve":"stepped"},{"time":0.08,"angle":0,"curve":"stepped"},{"time":0.28,"angle":0,"curve":"stepped"},{"time":0.3,"angle":0,"curve":"stepped"},{"time":0.4,"angle":0}],"translate":[{"time":0,"x":48.51,"y":0},{"time":0.08,"x":80.86,"y":0},{"time":0.28,"x":161.72,"y":0},{"time":0.3,"x":0,"y":0},{"time":0.4,"x":40.43,"y":0}],"scale":[{"time":0,"x":1,"y":1,"curve":"stepped"},{"time":0.08,"x":1,"y":1,"curve":"stepped"},{"time":0.28,"x":1,"y":1,"curve":"stepped"},{"time":0.3,"x":1,"y":1,"curve":"stepped"},{"time":0.4,"x":1,"y":1}]},"dian10":{"rotate":[{"time":0,"angle":0,"curve":"stepped"},{"time":0.2,"angle":0,"curve":"stepped"},{"time":0.22,"angle":0,"curve":"stepped"},{"time":0.4,"angle":0}],"translate":[{"time":0,"x":0,"y":0},{"time":0.2,"x":80.86,"y":0},{"time":0.22,"x":88.94,"y":0},{"time":0.4,"x":161.72,"y":0}],"scale":[{"time":0,"x":1,"y":1,"curve":"stepped"},{"time":0.2,"x":1,"y":1,"curve":"stepped"},{"time":0.22,"x":1,"y":1,"curve":"stepped"},{"time":0.4,"x":1,"y":1}]}}}}},[0]]],0,0,[0],[-1],[0]]