[1,["70WYzx5EpO7YwdRVym0ioz"],0,[["sp.SkeletonData",["_name","_atlasText","textureNames","_skeletonJson","textures"],-1,3]],[[0,0,1,2,3,4,5]],[[0,"star","\nstar.png\nsize: 338,338\nformat: RGBA8888\nfilter: Linear,Linear\nrepeat: none\nguangshu\n  rotate: false\n  xy: 2, 162\n  size: 176, 174\n  orig: 200, 200\n  offset: 12, 14\n  index: -1\nguangyun\n  rotate: false\n  xy: 2, 2\n  size: 158, 158\n  orig: 200, 200\n  offset: 20, 22\n  index: -1\nxingxing\n  rotate: false\n  xy: 180, 237\n  size: 96, 99\n  orig: 100, 100\n  offset: 2, 0\n  index: -1\n",["star.png"],{"skeleton":{"hash":"3o7p9zbyTvdPnQaaTg5RnA/2/Y0","spine":"3.6.53","width":200,"height":200,"fps":50,"images":""},"bones":[{"name":"root"},{"name":"tanchu","parent":"root"},{"name":"bone","parent":"tanchu"},{"name":"bone2","parent":"tanchu"},{"name":"star","parent":"tanchu"}],"slots":[{"name":"guangshu","bone":"bone","color":"ffffff00","attachment":"guangshu","blend":"additive"},{"name":"guangyun","bone":"bone2","color":"ffffff00","attachment":"guangyun","blend":"additive"},{"name":"xingxing","bone":"star","color":"ffffff00","attachment":"xingxing"}],"skins":{"default":{"guangshu":{"guangshu":{"width":200,"height":200}},"guangyun":{"guangyun":{"width":200,"height":200}},"xingxing":{"xingxing":{"width":100,"height":100}}}},"animations":{"eject":{"slots":{"guangshu":{"color":[{"time":0,"color":"ffffffff","curve":"stepped"},{"time":1.2,"color":"ffffffff"}]},"guangyun":{"color":[{"time":0,"color":"ffffff58"},{"time":0.3,"color":"ffffffff"},{"time":0.6,"color":"ffffff58"},{"time":0.9,"color":"ffffffff"},{"time":1.2,"color":"ffffff58"}]},"xingxing":{"color":[{"time":0,"color":"ffffffff"}]}},"bones":{"star":{"rotate":[{"time":0,"angle":0}],"translate":[{"time":0,"x":0,"y":0}],"scale":[{"time":0,"x":1,"y":1}]},"bone2":{"rotate":[{"time":0,"angle":0,"curve":"stepped"},{"time":0.3,"angle":0,"curve":"stepped"},{"time":0.6,"angle":0,"curve":"stepped"},{"time":0.9,"angle":0,"curve":"stepped"},{"time":1.2,"angle":0}],"translate":[{"time":0,"x":0,"y":0,"curve":"stepped"},{"time":0.3,"x":0,"y":0,"curve":"stepped"},{"time":0.6,"x":0,"y":0,"curve":"stepped"},{"time":0.9,"x":0,"y":0,"curve":"stepped"},{"time":1.2,"x":0,"y":0}],"scale":[{"time":0,"x":1,"y":1},{"time":0.3,"x":1.394,"y":1.394},{"time":0.6,"x":1,"y":1},{"time":0.9,"x":1.394,"y":1.394},{"time":1.2,"x":1,"y":1}]},"bone":{"rotate":[{"time":0,"angle":0},{"time":0.3,"angle":-90},{"time":0.6,"angle":180},{"time":0.9,"angle":90},{"time":1.2,"angle":0}],"translate":[{"time":0,"x":0,"y":0,"curve":"stepped"},{"time":1.2,"x":0,"y":0}],"scale":[{"time":0,"x":1,"y":1,"curve":"stepped"},{"time":1.2,"x":1,"y":1}]},"tanchu":{"scale":[{"time":0,"x":0.187,"y":0.187,"curve":[0.25,0,0.75,1]},{"time":0.2,"x":1.095,"y":1.095,"curve":[0.25,0,0.75,1]},{"time":0.4,"x":1,"y":1}]}}},"star":{"slots":{"guangshu":{"color":[{"time":0,"color":"ffffffff","curve":"stepped"},{"time":1.2,"color":"ffffffff"}]},"guangyun":{"color":[{"time":0,"color":"ffffff58"},{"time":0.3,"color":"ffffffff"},{"time":0.6,"color":"ffffff58"},{"time":0.9,"color":"ffffffff"},{"time":1.2,"color":"ffffff58"}]},"xingxing":{"color":[{"time":0,"color":"ffffffff"}]}},"bones":{"star":{"rotate":[{"time":0,"angle":0}],"translate":[{"time":0,"x":0,"y":0}],"scale":[{"time":0,"x":1,"y":1}]},"bone2":{"rotate":[{"time":0,"angle":0,"curve":"stepped"},{"time":0.3,"angle":0,"curve":"stepped"},{"time":0.6,"angle":0,"curve":"stepped"},{"time":0.9,"angle":0,"curve":"stepped"},{"time":1.2,"angle":0}],"translate":[{"time":0,"x":0,"y":0,"curve":"stepped"},{"time":0.3,"x":0,"y":0,"curve":"stepped"},{"time":0.6,"x":0,"y":0,"curve":"stepped"},{"time":0.9,"x":0,"y":0,"curve":"stepped"},{"time":1.2,"x":0,"y":0}],"scale":[{"time":0,"x":1,"y":1},{"time":0.3,"x":1.394,"y":1.394},{"time":0.6,"x":1,"y":1},{"time":0.9,"x":1.394,"y":1.394},{"time":1.2,"x":1,"y":1}]},"bone":{"rotate":[{"time":0,"angle":0},{"time":0.3,"angle":-90},{"time":0.6,"angle":180},{"time":0.9,"angle":90},{"time":1.2,"angle":0}],"translate":[{"time":0,"x":0,"y":0,"curve":"stepped"},{"time":1.2,"x":0,"y":0}],"scale":[{"time":0,"x":1,"y":1,"curve":"stepped"},{"time":1.2,"x":1,"y":1}]}}}}},[0]]],0,0,[0],[-1],[0]]