[1,["abBo84JZBLrI6Gbf0t36JU"],0,[["sp.SkeletonData",["_name","_atlasText","textureNames","_skeletonJson","textures"],-1,3]],[[0,0,1,2,3,4,5]],[[0,"zhaocha_yanshi","\nzhaocha_yanshi.png\nsize: 512,512\nformat: RGBA8888\nfilter: Linear,Linear\nrepeat: none\n0\n  rotate: false\n  xy: 2, 8\n  size: 38, 33\n  orig: 40, 34\n  offset: 1, 1\n  index: -1\n11/0_01\n  rotate: true\n  xy: 81, 364\n  size: 71, 72\n  orig: 73, 73\n  offset: 1, 0\n  index: -1\n11/0_02\n  rotate: true\n  xy: 155, 364\n  size: 71, 72\n  orig: 73, 73\n  offset: 1, 0\n  index: -1\n11/0_03\n  rotate: true\n  xy: 229, 364\n  size: 71, 72\n  orig: 73, 73\n  offset: 1, 0\n  index: -1\n11/0_04\n  rotate: false\n  xy: 298, 290\n  size: 68, 72\n  orig: 73, 73\n  offset: 3, 0\n  index: -1\n11/0_05\n  rotate: true\n  xy: 76, 2\n  size: 64, 72\n  orig: 73, 73\n  offset: 5, 0\n  index: -1\n11/0_06\n  rotate: false\n  xy: 368, 290\n  size: 66, 72\n  orig: 73, 73\n  offset: 4, 0\n  index: -1\n11/0_07\n  rotate: false\n  xy: 2, 339\n  size: 72, 72\n  orig: 73, 73\n  offset: 1, 0\n  index: -1\n11/0_08\n  rotate: false\n  xy: 81, 437\n  size: 72, 72\n  orig: 73, 73\n  offset: 1, 0\n  index: -1\n11/0_09\n  rotate: false\n  xy: 2, 265\n  size: 72, 72\n  orig: 73, 73\n  offset: 1, 0\n  index: -1\n11/0_10\n  rotate: true\n  xy: 150, 68\n  size: 72, 68\n  orig: 73, 73\n  offset: 1, 0\n  index: -1\n11/0_11\n  rotate: true\n  xy: 451, 437\n  size: 72, 57\n  orig: 73, 73\n  offset: 1, 0\n  index: -1\n11/0_12\n  rotate: false\n  xy: 224, 219\n  size: 72, 69\n  orig: 73, 73\n  offset: 1, 0\n  index: -1\n11/0_13\n  rotate: false\n  xy: 155, 437\n  size: 72, 72\n  orig: 73, 73\n  offset: 1, 0\n  index: -1\n11/0_14\n  rotate: false\n  xy: 2, 191\n  size: 72, 72\n  orig: 73, 73\n  offset: 1, 0\n  index: -1\n11/0_15\n  rotate: false\n  xy: 229, 437\n  size: 72, 72\n  orig: 73, 73\n  offset: 1, 0\n  index: -1\n11/0_16\n  rotate: false\n  xy: 2, 117\n  size: 72, 72\n  orig: 73, 73\n  offset: 1, 0\n  index: -1\n11/0_17\n  rotate: true\n  xy: 303, 364\n  size: 71, 72\n  orig: 73, 73\n  offset: 2, 0\n  index: -1\n11/0_18\n  rotate: true\n  xy: 377, 364\n  size: 71, 72\n  orig: 73, 73\n  offset: 2, 0\n  index: -1\n11/0_19\n  rotate: false\n  xy: 150, 142\n  size: 71, 72\n  orig: 73, 73\n  offset: 2, 0\n  index: -1\n11/0_20\n  rotate: false\n  xy: 303, 437\n  size: 72, 72\n  orig: 73, 73\n  offset: 1, 0\n  index: -1\n11/0_21\n  rotate: false\n  xy: 2, 43\n  size: 72, 72\n  orig: 73, 73\n  offset: 1, 0\n  index: -1\n11/0_22\n  rotate: false\n  xy: 377, 437\n  size: 72, 72\n  orig: 73, 73\n  offset: 1, 0\n  index: -1\n11/0_23\n  rotate: false\n  xy: 76, 290\n  size: 72, 72\n  orig: 73, 73\n  offset: 1, 0\n  index: -1\n11/0_24\n  rotate: false\n  xy: 76, 216\n  size: 72, 72\n  orig: 73, 73\n  offset: 1, 0\n  index: -1\n11/0_25\n  rotate: false\n  xy: 150, 290\n  size: 72, 72\n  orig: 73, 73\n  offset: 1, 0\n  index: -1\n11/0_26\n  rotate: false\n  xy: 76, 142\n  size: 72, 72\n  orig: 73, 73\n  offset: 1, 0\n  index: -1\n11/0_27\n  rotate: false\n  xy: 150, 216\n  size: 72, 72\n  orig: 73, 73\n  offset: 1, 0\n  index: -1\n11/0_28\n  rotate: false\n  xy: 224, 290\n  size: 72, 72\n  orig: 73, 73\n  offset: 1, 0\n  index: -1\n11/0_29\n  rotate: false\n  xy: 76, 68\n  size: 72, 72\n  orig: 73, 73\n  offset: 1, 0\n  index: -1\n2\n  rotate: false\n  xy: 298, 220\n  size: 69, 68\n  orig: 69, 68\n  offset: 0, 0\n  index: -1\nm\n  rotate: false\n  xy: 2, 413\n  size: 77, 96\n  orig: 78, 96\n  offset: 0, 0\n  index: -1\nn\n  rotate: false\n  xy: 369, 220\n  size: 68, 68\n  orig: 68, 68\n  offset: 0, 0\n  index: -1\nz_1\n  rotate: false\n  xy: 439, 222\n  size: 68, 69\n  orig: 68, 69\n  offset: 0, 0\n  index: -1\nz_10\n  rotate: true\n  xy: 291, 8\n  size: 68, 69\n  orig: 68, 69\n  offset: 0, 0\n  index: -1\nz_11\n  rotate: true\n  xy: 362, 8\n  size: 68, 69\n  orig: 68, 69\n  offset: 0, 0\n  index: -1\nz_2\n  rotate: true\n  xy: 224, 149\n  size: 68, 69\n  orig: 68, 69\n  offset: 0, 0\n  index: -1\nz_3\n  rotate: true\n  xy: 223, 79\n  size: 68, 69\n  orig: 68, 69\n  offset: 0, 0\n  index: -1\nz_4\n  rotate: true\n  xy: 220, 9\n  size: 68, 69\n  orig: 68, 69\n  offset: 0, 0\n  index: -1\nz_5\n  rotate: false\n  xy: 295, 148\n  size: 68, 69\n  orig: 68, 69\n  offset: 0, 0\n  index: -1\nz_6\n  rotate: false\n  xy: 365, 149\n  size: 68, 69\n  orig: 68, 69\n  offset: 0, 0\n  index: -1\nz_7\n  rotate: true\n  xy: 294, 78\n  size: 68, 69\n  orig: 68, 69\n  offset: 0, 0\n  index: -1\nz_8\n  rotate: false\n  xy: 365, 78\n  size: 68, 69\n  orig: 68, 69\n  offset: 0, 0\n  index: -1\nz_9\n  rotate: false\n  xy: 436, 293\n  size: 68, 69\n  orig: 68, 69\n  offset: 0, 0\n  index: -1\n",["zhaocha_yanshi.png"],{"skeleton":{"hash":"sbRslv1MVUWzXJscXx1JWcYhovI","spine":"3.8.99","x":-200.02,"y":-83.14,"width":670.81,"height":231.02,"images":"./images/","audio":"D:/项目（zhao）/游乐园/找茬"},"bones":[{"name":"root"},{"name":"bone","parent":"root","x":90.35,"y":113.86},{"name":"bone2","parent":"root","x":-77.44,"y":32.85},{"name":"bone3","parent":"root","x":431.79,"y":83.59},{"name":"bone4","parent":"root","x":-1.38,"y":-190.58},{"name":"bone6","parent":"root","x":-77.68,"y":34.61},{"name":"bone7","parent":"root","x":93.02,"y":113.81},{"name":"bone5","parent":"root","x":-1.38,"y":-190.58},{"name":"bone8","parent":"root","x":170.39,"y":115.87},{"name":"bone9","parent":"root","x":9.74,"y":115.87},{"name":"bone10","parent":"root","x":-1.38,"y":-190.58},{"name":"bone11","parent":"root","x":-1.38,"y":-190.58},{"name":"bone12","parent":"root","x":171.12,"y":115.38},{"name":"bone13","parent":"root","x":9.73,"y":116.37}],"slots":[{"name":"2","bone":"bone7","attachment":"2"},{"name":"4","bone":"bone6","attachment":"2"},{"name":"7","bone":"bone8","attachment":"5"},{"name":"8","bone":"bone9","attachment":"5"},{"name":"z_1","bone":"root","attachment":"z_1"},{"name":"z_2","bone":"root","attachment":"z_2"},{"name":"z_3","bone":"root","attachment":"z_3"},{"name":"z_4","bone":"root","attachment":"z_4"},{"name":"z_5","bone":"root","attachment":"z_5"},{"name":"z_6","bone":"root","attachment":"z_6"},{"name":"z_10","bone":"root","attachment":"z_10"},{"name":"z_11","bone":"root","attachment":"z_11"},{"name":"z_7","bone":"root","attachment":"z_7"},{"name":"z_8","bone":"root","attachment":"z_8"},{"name":"z_9","bone":"root","attachment":"z_9"},{"name":"11/0_01","bone":"bone4"},{"name":"11/0_2","bone":"bone10"},{"name":"11/0_3","bone":"bone11"},{"name":"11/0_1","bone":"bone5"},{"name":"0","bone":"bone","color":"ffffff00","attachment":"0"},{"name":"6","bone":"bone12","color":"ffffff00","attachment":"0"},{"name":"1","bone":"bone2","color":"ffffff00","attachment":"0"},{"name":"9","bone":"bone13","color":"ffffff00","attachment":"0"},{"name":"5","bone":"bone3","attachment":"4"}],"skins":[{"name":"default","attachments":{"0":{"0":{"x":4.79,"y":1.86,"width":40,"height":34}},"1":{"0":{"x":3.97,"y":1.69,"width":40,"height":34}},"2":{"2":{"x":-4.2,"y":-2.16,"width":69,"height":68}},"4":{"2":{"x":-1.93,"y":-0.91,"width":69,"height":68}},"5":{"4":{"path":"m","width":78,"height":96}},"6":{"0":{"x":4.79,"y":1.86,"width":40,"height":34}},"7":{"5":{"path":"n","x":-2.24,"y":-2.97,"width":68,"height":68}},"8":{"5":{"path":"n","x":-2.24,"y":-2.97,"width":68,"height":68}},"9":{"0":{"x":4.72,"y":-5.3,"rotation":-77.61,"width":40,"height":34}},"11/0_01":{"11/0_01":{"x":0.5,"y":0.5,"width":73,"height":73},"11/0_02":{"x":0.5,"y":0.5,"width":73,"height":73},"11/0_03":{"x":0.5,"y":0.5,"width":73,"height":73},"11/0_04":{"x":0.5,"y":0.5,"width":73,"height":73},"11/0_05":{"x":0.5,"y":0.5,"width":73,"height":73},"11/0_06":{"x":0.5,"y":0.5,"width":73,"height":73},"11/0_07":{"x":0.5,"y":0.5,"width":73,"height":73},"11/0_08":{"x":0.5,"y":0.5,"width":73,"height":73},"11/0_09":{"x":0.5,"y":0.5,"width":73,"height":73},"11/0_10":{"x":0.5,"y":0.5,"width":73,"height":73},"11/0_11":{"x":0.5,"y":0.5,"width":73,"height":73},"11/0_12":{"x":0.5,"y":0.5,"width":73,"height":73},"11/0_13":{"x":0.5,"y":0.5,"width":73,"height":73},"11/0_14":{"x":0.5,"y":0.5,"width":73,"height":73},"11/0_15":{"x":0.5,"y":0.5,"width":73,"height":73},"11/0_16":{"x":0.5,"y":0.5,"width":73,"height":73},"11/0_17":{"x":0.5,"y":0.5,"width":73,"height":73},"11/0_18":{"x":0.5,"y":0.5,"width":73,"height":73},"11/0_19":{"x":0.5,"y":0.5,"width":73,"height":73},"11/0_20":{"x":0.5,"y":0.5,"width":73,"height":73},"11/0_21":{"x":0.5,"y":0.5,"width":73,"height":73},"11/0_22":{"x":0.5,"y":0.5,"width":73,"height":73},"11/0_23":{"x":0.5,"y":0.5,"width":73,"height":73},"11/0_24":{"x":0.5,"y":0.5,"width":73,"height":73},"11/0_25":{"x":0.5,"y":0.5,"width":73,"height":73},"11/0_26":{"x":0.5,"y":0.5,"width":73,"height":73},"11/0_27":{"x":0.5,"y":0.5,"width":73,"height":73},"11/0_28":{"x":0.5,"y":0.5,"width":73,"height":73},"11/0_29":{"x":0.5,"y":0.5,"width":73,"height":73}},"11/0_1":{"11/0_01":{"x":0.5,"y":0.5,"width":73,"height":73},"11/0_02":{"x":0.5,"y":0.5,"width":73,"height":73},"11/0_03":{"x":0.5,"y":0.5,"width":73,"height":73},"11/0_04":{"x":0.5,"y":0.5,"width":73,"height":73},"11/0_05":{"x":0.5,"y":0.5,"width":73,"height":73},"11/0_06":{"x":0.5,"y":0.5,"width":73,"height":73},"11/0_07":{"x":0.5,"y":0.5,"width":73,"height":73},"11/0_08":{"x":0.5,"y":0.5,"width":73,"height":73},"11/0_09":{"x":0.5,"y":0.5,"width":73,"height":73},"11/0_10":{"x":0.5,"y":0.5,"width":73,"height":73},"11/0_11":{"x":0.5,"y":0.5,"width":73,"height":73},"11/0_12":{"x":0.5,"y":0.5,"width":73,"height":73},"11/0_13":{"x":0.5,"y":0.5,"width":73,"height":73},"11/0_14":{"x":0.5,"y":0.5,"width":73,"height":73},"11/0_15":{"x":0.5,"y":0.5,"width":73,"height":73},"11/0_16":{"x":0.5,"y":0.5,"width":73,"height":73},"11/0_17":{"x":0.5,"y":0.5,"width":73,"height":73},"11/0_18":{"x":0.5,"y":0.5,"width":73,"height":73},"11/0_19":{"x":0.5,"y":0.5,"width":73,"height":73},"11/0_20":{"x":0.5,"y":0.5,"width":73,"height":73},"11/0_21":{"x":0.5,"y":0.5,"width":73,"height":73},"11/0_22":{"x":0.5,"y":0.5,"width":73,"height":73},"11/0_23":{"x":0.5,"y":0.5,"width":73,"height":73},"11/0_24":{"x":0.5,"y":0.5,"width":73,"height":73},"11/0_25":{"x":0.5,"y":0.5,"width":73,"height":73},"11/0_26":{"x":0.5,"y":0.5,"width":73,"height":73},"11/0_27":{"x":0.5,"y":0.5,"width":73,"height":73},"11/0_28":{"x":0.5,"y":0.5,"width":73,"height":73},"11/0_29":{"x":0.5,"y":0.5,"width":73,"height":73}},"11/0_2":{"11/0_01":{"x":0.5,"y":0.5,"width":73,"height":73},"11/0_02":{"x":0.5,"y":0.5,"width":73,"height":73},"11/0_03":{"x":0.5,"y":0.5,"width":73,"height":73},"11/0_04":{"x":0.5,"y":0.5,"width":73,"height":73},"11/0_05":{"x":0.5,"y":0.5,"width":73,"height":73},"11/0_06":{"x":0.5,"y":0.5,"width":73,"height":73},"11/0_07":{"x":0.5,"y":0.5,"width":73,"height":73},"11/0_08":{"x":0.5,"y":0.5,"width":73,"height":73},"11/0_09":{"x":0.5,"y":0.5,"width":73,"height":73},"11/0_10":{"x":0.5,"y":0.5,"width":73,"height":73},"11/0_11":{"x":0.5,"y":0.5,"width":73,"height":73},"11/0_12":{"x":0.5,"y":0.5,"width":73,"height":73},"11/0_13":{"x":0.5,"y":0.5,"width":73,"height":73},"11/0_14":{"x":0.5,"y":0.5,"width":73,"height":73},"11/0_15":{"x":0.5,"y":0.5,"width":73,"height":73},"11/0_16":{"x":0.5,"y":0.5,"width":73,"height":73},"11/0_17":{"x":0.5,"y":0.5,"width":73,"height":73},"11/0_18":{"x":0.5,"y":0.5,"width":73,"height":73},"11/0_19":{"x":0.5,"y":0.5,"width":73,"height":73},"11/0_20":{"x":0.5,"y":0.5,"width":73,"height":73},"11/0_21":{"x":0.5,"y":0.5,"width":73,"height":73},"11/0_22":{"x":0.5,"y":0.5,"width":73,"height":73},"11/0_23":{"x":0.5,"y":0.5,"width":73,"height":73},"11/0_24":{"x":0.5,"y":0.5,"width":73,"height":73},"11/0_25":{"x":0.5,"y":0.5,"width":73,"height":73},"11/0_26":{"x":0.5,"y":0.5,"width":73,"height":73},"11/0_27":{"x":0.5,"y":0.5,"width":73,"height":73},"11/0_28":{"x":0.5,"y":0.5,"width":73,"height":73},"11/0_29":{"x":0.5,"y":0.5,"width":73,"height":73}},"11/0_3":{"11/0_01":{"x":0.5,"y":0.5,"width":73,"height":73},"11/0_02":{"x":0.5,"y":0.5,"width":73,"height":73},"11/0_03":{"x":0.5,"y":0.5,"width":73,"height":73},"11/0_04":{"x":0.5,"y":0.5,"width":73,"height":73},"11/0_05":{"x":0.5,"y":0.5,"width":73,"height":73},"11/0_06":{"x":0.5,"y":0.5,"width":73,"height":73},"11/0_07":{"x":0.5,"y":0.5,"width":73,"height":73},"11/0_08":{"x":0.5,"y":0.5,"width":73,"height":73},"11/0_09":{"x":0.5,"y":0.5,"width":73,"height":73},"11/0_10":{"x":0.5,"y":0.5,"width":73,"height":73},"11/0_11":{"x":0.5,"y":0.5,"width":73,"height":73},"11/0_12":{"x":0.5,"y":0.5,"width":73,"height":73},"11/0_13":{"x":0.5,"y":0.5,"width":73,"height":73},"11/0_14":{"x":0.5,"y":0.5,"width":73,"height":73},"11/0_15":{"x":0.5,"y":0.5,"width":73,"height":73},"11/0_16":{"x":0.5,"y":0.5,"width":73,"height":73},"11/0_17":{"x":0.5,"y":0.5,"width":73,"height":73},"11/0_18":{"x":0.5,"y":0.5,"width":73,"height":73},"11/0_19":{"x":0.5,"y":0.5,"width":73,"height":73},"11/0_20":{"x":0.5,"y":0.5,"width":73,"height":73},"11/0_21":{"x":0.5,"y":0.5,"width":73,"height":73},"11/0_22":{"x":0.5,"y":0.5,"width":73,"height":73},"11/0_23":{"x":0.5,"y":0.5,"width":73,"height":73},"11/0_24":{"x":0.5,"y":0.5,"width":73,"height":73},"11/0_25":{"x":0.5,"y":0.5,"width":73,"height":73},"11/0_26":{"x":0.5,"y":0.5,"width":73,"height":73},"11/0_27":{"x":0.5,"y":0.5,"width":73,"height":73},"11/0_28":{"x":0.5,"y":0.5,"width":73,"height":73},"11/0_29":{"x":0.5,"y":0.5,"width":73,"height":73}},"z_1":{"z_1":{"x":-80.51,"y":112.91,"width":68,"height":69}},"z_2":{"z_2":{"x":-165.13,"y":113.38,"width":68,"height":69}},"z_3":{"z_3":{"x":3.87,"y":32.23,"width":68,"height":69}},"z_4":{"z_4":{"x":-166.02,"y":33.13,"width":68,"height":69}},"z_5":{"z_5":{"x":86.03,"y":32.35,"width":68,"height":69}},"z_6":{"z_6":{"x":166.17,"y":32.35,"width":68,"height":69}},"z_7":{"z_7":{"x":3.55,"y":-47.53,"width":68,"height":69}},"z_8":{"z_8":{"x":166.59,"y":-48.12,"width":68,"height":69}},"z_9":{"z_9":{"x":85.93,"y":-48.18,"width":68,"height":69}},"z_10":{"z_10":{"x":-164.94,"y":-48.37,"width":68,"height":69}},"z_11":{"z_11":{"x":-80.32,"y":-48.64,"width":68,"height":69}}}}],"animations":{"animation":{"slots":{"0":{"color":[{"color":"ffffff00","curve":"stepped"},{"time":2,"color":"ffffff00"},{"time":2.5,"color":"ffffffff","curve":"stepped"},{"time":3.1667,"color":"ffffffff"},{"time":3.3333,"color":"ffffff00"}]},"1":{"color":[{"color":"ffffff00","curve":"stepped"},{"time":2,"color":"ffffff00"},{"time":2.5,"color":"ffffffff","curve":"stepped"},{"time":3.5,"color":"ffffffff"},{"time":3.6667,"color":"ffffff00"}]},"6":{"color":[{"color":"ffffff00","curve":"stepped"},{"time":4,"color":"ffffff00"},{"time":4.5,"color":"ffffffff","curve":"stepped"},{"time":5.1667,"color":"ffffffff"},{"time":5.3333,"color":"ffffff00"}]},"9":{"color":[{"color":"ffffff00","curve":"stepped"},{"time":3.9667,"color":"ffffff00"},{"time":4.4667,"color":"ffffffff","curve":"stepped"},{"time":5.4667,"color":"ffffffff"},{"time":5.6333,"color":"ffffff00"}]},"11/0_01":{"attachment":[{"name":null},{"time":0.3667,"name":null},{"time":0.4,"name":"11/0_01"},{"time":0.4333,"name":"11/0_02"},{"time":0.4667,"name":"11/0_03"},{"time":0.5,"name":"11/0_04"},{"time":0.5333,"name":"11/0_05"},{"time":0.5667,"name":"11/0_06"},{"time":0.6,"name":"11/0_07"},{"time":0.6333,"name":"11/0_08"},{"time":0.6667,"name":"11/0_09"},{"time":0.7,"name":"11/0_10"},{"time":0.7333,"name":"11/0_11"},{"time":0.7667,"name":"11/0_12"},{"time":0.8,"name":"11/0_13"},{"time":0.8333,"name":"11/0_14"},{"time":0.8667,"name":"11/0_15"},{"time":0.9,"name":"11/0_16"},{"time":0.9333,"name":"11/0_17"},{"time":0.9667,"name":"11/0_18"},{"time":1,"name":"11/0_19"},{"time":1.0333,"name":"11/0_20"},{"time":1.0667,"name":"11/0_21"},{"time":1.1,"name":"11/0_22"},{"time":1.1333,"name":"11/0_23"},{"time":1.1667,"name":"11/0_24"},{"time":1.2,"name":"11/0_25"},{"time":1.2333,"name":"11/0_26"},{"time":1.2667,"name":"11/0_27"},{"time":1.3,"name":"11/0_28"},{"time":1.3333,"name":"11/0_29"},{"time":1.3667,"name":null},{"time":1.4,"name":"11/0_01"},{"time":1.4333,"name":"11/0_02"},{"time":1.4667,"name":"11/0_03"},{"time":1.5,"name":"11/0_04"},{"time":1.5333,"name":"11/0_05"},{"time":1.5667,"name":"11/0_06"},{"time":1.6,"name":"11/0_07"},{"time":1.6333,"name":"11/0_08"},{"time":1.6667,"name":"11/0_09"},{"time":1.7,"name":"11/0_10"},{"time":1.7333,"name":"11/0_11"},{"time":1.7667,"name":"11/0_12"},{"time":1.8,"name":"11/0_13"},{"time":1.8333,"name":"11/0_14"},{"time":1.8667,"name":"11/0_15"},{"time":1.9,"name":"11/0_16"},{"time":1.9333,"name":"11/0_17"},{"time":1.9667,"name":"11/0_18"},{"time":2,"name":null}]},"11/0_1":{"attachment":[{"name":null},{"time":1.3667,"name":null},{"time":1.4,"name":"11/0_01"},{"time":1.4333,"name":"11/0_02"},{"time":1.4667,"name":"11/0_03"},{"time":1.5,"name":"11/0_04"},{"time":1.5333,"name":"11/0_05"},{"time":1.5667,"name":"11/0_06"},{"time":1.6,"name":"11/0_07"},{"time":1.6333,"name":"11/0_08"},{"time":1.6667,"name":"11/0_09"},{"time":1.7,"name":"11/0_10"},{"time":1.7333,"name":"11/0_11"},{"time":1.7667,"name":"11/0_12"},{"time":1.8,"name":"11/0_13"},{"time":1.8333,"name":"11/0_14"},{"time":1.8667,"name":"11/0_15"},{"time":1.9,"name":"11/0_16"},{"time":1.9333,"name":"11/0_17"},{"time":1.9667,"name":"11/0_18"},{"time":2,"name":null}]},"11/0_2":{"attachment":[{"name":null},{"time":3.0667,"name":null},{"time":3.1,"name":"11/0_01"},{"time":3.1333,"name":"11/0_02"},{"time":3.1667,"name":"11/0_03"},{"time":3.2,"name":"11/0_04"},{"time":3.2333,"name":"11/0_05"},{"time":3.2667,"name":"11/0_06"},{"time":3.3,"name":"11/0_07"},{"time":3.3333,"name":"11/0_08"},{"time":3.3667,"name":"11/0_09"},{"time":3.4,"name":"11/0_10"},{"time":3.4333,"name":"11/0_11"},{"time":3.4667,"name":"11/0_12"},{"time":3.5,"name":"11/0_13"},{"time":3.5333,"name":"11/0_14"},{"time":3.5667,"name":"11/0_15"},{"time":3.6,"name":"11/0_16"},{"time":3.6333,"name":"11/0_17"},{"time":3.6667,"name":"11/0_18"},{"time":3.7,"name":"11/0_19"},{"time":3.7333,"name":"11/0_20"},{"time":3.7667,"name":"11/0_21"},{"time":3.8,"name":"11/0_22"},{"time":3.8333,"name":"11/0_23"},{"time":3.8667,"name":"11/0_24"},{"time":3.9,"name":"11/0_25"},{"time":3.9333,"name":"11/0_26"},{"time":3.9667,"name":"11/0_27"},{"time":4,"name":null}]},"11/0_3":{"attachment":[{"name":null},{"time":3.7333,"name":null},{"time":3.7667,"name":"11/0_01"},{"time":3.8,"name":"11/0_02"},{"time":3.8333,"name":"11/0_03"},{"time":3.8667,"name":"11/0_04"},{"time":3.9,"name":"11/0_05"},{"time":3.9333,"name":"11/0_06"},{"time":3.9667,"name":"11/0_07"},{"time":4,"name":null}]}},"bones":{"bone4":{"translate":[{"x":88.14,"y":302.8,"curve":"stepped"},{"time":0.3667,"x":88.14,"y":302.8}]},"bone3":{"translate":[{"x":-240.82,"y":-107.44},{"time":0.3333,"x":-316.16,"y":-9.88,"curve":"stepped"},{"time":0.5,"x":-316.16,"y":-9.88},{"time":1.3333,"x":-481.65,"y":-91.39,"curve":"stepped"},{"time":1.6,"x":-481.65,"y":-91.39},{"time":2.3333,"x":-180.16,"y":-54.49,"curve":"stepped"},{"time":2.7667,"x":-180.16,"y":-54.49},{"time":3,"x":-233.19,"y":-20.94,"curve":"stepped"},{"time":3.1667,"x":-233.19,"y":-20.94},{"time":3.6667,"x":-391.99,"y":-20.94,"curve":"stepped"},{"time":4,"x":-391.99,"y":-20.94},{"time":4.6667,"x":-122.84,"y":-108.94}],"scale":[{"curve":"stepped"},{"time":0.3333},{"time":0.3667,"x":0.866,"y":0.866},{"time":0.4,"curve":"stepped"},{"time":1.3333},{"time":1.3667,"x":0.866,"y":0.866},{"time":1.4,"curve":"stepped"},{"time":3},{"time":3.0333,"x":0.866,"y":0.866},{"time":3.0667,"curve":"stepped"},{"time":3.6667},{"time":3.7,"x":0.866,"y":0.866},{"time":3.7333}]},"bone7":{"scale":[{"time":0.3333},{"time":0.3667,"x":0.9,"y":0.9},{"time":0.4,"curve":"stepped"},{"time":2},{"time":2.5,"x":0,"y":0}]},"bone6":{"scale":[{"time":1.3333},{"time":1.3667,"x":0.9,"y":0.9},{"time":1.4,"curve":"stepped"},{"time":2},{"time":2.5,"x":0,"y":0}]},"bone5":{"translate":[{"x":-76.9,"y":224.84,"curve":"stepped"},{"time":1.3667,"x":-76.9,"y":224.84}]},"bone":{"translate":[{"time":2.5,"curve":0.299,"c2":0.04,"c3":0.75},{"time":3.1667,"x":114.17,"y":-287.12}],"scale":[{"x":0,"y":0,"curve":"stepped"},{"time":2,"x":0,"y":0},{"time":2.5}]},"bone2":{"rotate":[{"angle":41.25}],"translate":[{"time":2.8333,"curve":0.25,"c3":0.75},{"time":3.5,"x":282.01,"y":-205.33}],"scale":[{"x":0,"y":0,"curve":"stepped"},{"time":2,"x":0,"y":0},{"time":2.5}]},"bone8":{"scale":[{"time":3},{"time":3.0333,"x":0.9,"y":0.9},{"time":3.0667,"curve":"stepped"},{"time":4},{"time":4.5,"x":0,"y":0}]},"bone9":{"scale":[{"time":3.6667},{"time":3.7,"x":0.9,"y":0.9},{"time":3.7333,"curve":"stepped"},{"time":4},{"time":4.5,"x":0,"y":0}]},"bone10":{"translate":[{"x":168.81,"y":305.43,"curve":"stepped"},{"time":3.0667,"x":168.81,"y":305.43}]},"bone11":{"translate":[{"x":7.48,"y":304.3,"curve":"stepped"},{"time":3.7333,"x":7.48,"y":304.3}]},"bone12":{"translate":[{"time":4.5,"curve":0.299,"c2":0.04,"c3":0.75},{"time":5.1667,"x":33.17,"y":-287.12}],"scale":[{"x":0,"y":0,"curve":"stepped"},{"time":4,"x":0,"y":0},{"time":4.5}]},"bone13":{"rotate":[{"angle":41.25}],"translate":[{"time":4.8,"curve":0.25,"c3":0.75},{"time":5.4667,"x":195.62,"y":-289.22}],"scale":[{"x":0,"y":0,"curve":"stepped"},{"time":3.9667,"x":0,"y":0},{"time":4.4667}]}}}}},[0]]],0,0,[0],[-1],[0]]