[1,["57QiC/uHBBoaed/9hiz3og"],0,[["sp.SkeletonData",["_name","_atlasText","textureNames","_skeletonJson","textures"],-1,3]],[[0,0,1,2,3,4,5]],[[0,"dragonfly","\ndragonfly.png\nsize: 125,125\nformat: RGBA8888\nfilter: Linear,Linear\nrepeat: none\nqti\n  rotate: false\n  xy: 2, 2\n  size: 31, 39\n  orig: 31, 39\n  offset: 0, 0\n  index: -1\nzhuan\n  rotate: false\n  xy: 2, 43\n  size: 80, 80\n  orig: 80, 80\n  offset: 0, 0\n  index: -1\n",["dragonfly.png"],{"skeleton":{"hash":"uT9BS7RLWqZwyJ6Cj0++/jNQVkg","spine":"3.6.53","width":80.01,"height":39.16,"fps":50,"images":"./images/"},"bones":[{"name":"root"},{"name":"bone3","parent":"root"},{"name":"bone","parent":"bone3","y":1,"scaleY":0.466},{"name":"bone2","parent":"bone"}],"slots":[{"name":"zhuan","bone":"bone2","color":"ffffff00","attachment":"zhuan"},{"name":"qti","bone":"bone3","color":"ffffff00","attachment":"qti"}],"skins":{"default":{"qti":{"qti":{"width":31,"height":39}},"zhuan":{"zhuan":{"rotation":-0.01,"width":80,"height":80}}}},"animations":{"dragonfly":{"slots":{"qti":{"color":[{"time":0,"color":"ffffffff"}]},"zhuan":{"color":[{"time":0,"color":"ffffffff","curve":"stepped"},{"time":0.2,"color":"ffffffff"}]}},"bones":{"bone2":{"rotate":[{"time":0,"angle":0},{"time":0.04,"angle":-90},{"time":0.1,"angle":-180},{"time":0.14,"angle":90},{"time":0.2,"angle":0},{"time":0.24,"angle":-90},{"time":0.3,"angle":-180},{"time":0.34,"angle":90},{"time":0.4,"angle":1}],"translate":[{"time":0,"x":0,"y":0,"curve":"stepped"},{"time":0.2,"x":0,"y":0,"curve":"stepped"},{"time":0.4,"x":0,"y":0}],"scale":[{"time":0.2,"x":1,"y":1,"curve":"stepped"},{"time":0.4,"x":1,"y":1}]},"bone":{"translate":[{"time":0,"x":0.34,"y":14.87}],"scale":[{"time":0,"x":1,"y":0.696}]},"bone3":{"translate":[{"time":0,"x":0,"y":0,"curve":[0.25,0,0.75,1]},{"time":0.2,"x":0,"y":-5,"curve":[0.25,0,0.75,1]},{"time":0.4,"x":0,"y":0}]}}}}},[0]]],0,0,[0],[-1],[0]]