[1,["4dALoQgJNAD6NpOLbUTPET"],["_textureSetter"],["cc.SpriteFrame"],0,[[[{"name":"gradeicon9","rect":[71,697,186,237],"offset":[0,0],"originalSize":[186,237],"capInsets":[0,0,0,0]}],[0],0,[0],[0],[0]],[[{"name":"headbg1","rect":[71,238,231,231],"offset":[0,0],"originalSize":[231,231],"capInsets":[0,0,0,0]}],[0],0,[0],[0],[0]],[[{"name":"uparrows","rect":[732,536,140,134],"offset":[0,0],"originalSize":[140,134],"capInsets":[0,0,0,0]}],[0],0,[0],[0],[0]],[[{"name":"headbg2","rect":[71,3,231,231],"offset":[0,0],"originalSize":[231,231],"capInsets":[0,0,0,0]}],[0],0,[0],[0],[0]],[[{"name":"droparrows","rect":[876,536,140,134],"offset":[0,0],"originalSize":[140,134],"capInsets":[0,0,0,0]}],[0],0,[0],[0],[0]]]]