[1,["93/7ohd/lJmK/JRiOwlXdD"],["_textureSetter"],["cc.SpriteFrame"],0,[[[{"name":"star","rect":[366,649,53,51],"offset":[0,0],"originalSize":[53,51],"capInsets":[0,0,0,0]}],[0],0,[0],[0],[0]],[[{"name":"starNumBg","rect":[368,2,567,73],"offset":[0,0],"originalSize":[567,73],"rotated":1,"capInsets":[0,0,0,0]}],[0],0,[0],[0],[0]],[[{"name":"levelGiftBoxIcon","rect":[2,743,265,306],"offset":[0,0],"originalSize":[265,306],"rotated":1,"capInsets":[0,0,0,0]}],[0],0,[0],[0],[0]],[[{"name":"levelGiftBoxLight","rect":[2,2,364,361],"offset":[0,0],"originalSize":[364,361],"capInsets":[0,0,0,0]}],[0],0,[0],[0],[0]]]]