[1,["72FdiwewNO4I7QiShhj9Hn","841HkuPYlKW4ZwBwhxhKRD","e9hbCGRHhMFZyMyCiHYY7Q","af2JWf419AaLm4T8yTf1DI","4bjF9LZjRD+6BEPC67XgWj","6cXvi09ntH+5GZBYxS2ThJ","d6LcET2t1FKIUyh6j1E8pQ","b3jIVmMJJCzI4yxO2VEUuM","96pE3ev21P55dCvnGJhkTH","efbVPo83dEtq8Xuk3DcHZB","05rYLYzHlOkqJTIisjHuqE","5fUWcJN1tE97hJ/b+z+SqX","bdT5/gXmtI/Ib64x5SPL6y","88SY3ZhTBDuYhZQvNy4xmr","f0Ti7FJgZAwLLysM+KJ8WC","69RfWxViNPL6+xJiDD7f0L","7fw/RZSg5B054WUYSALMED","d5PR4/yZ1GbZu/hw/1IauP","d4PY/uETBNTJSJZWCK85hq","63rSCX1qJJAJfPMay6v6JZ","06CpU6uPNCarRe4ldZmWP7","88GDhmOjdLLIdxkl5ze2qe","504wfX0vhKf5KdJ3dQcpD0","92TSUqKi1GzagX1eELX1/L","4esTdjoJBFiIXjWSdTAAp4","bct2OjwB5Cz73Km3lVZzvw","53Km/ywvVKfrTEWSkWVg7J","f7N8f0O6VBlLSFIsAzkD4f","e2ecWhhwxNm5vFneGQNOQl","eag93/yJRMAYdmUtziCBww","5ajZofddBP36/kuHeTNiTE","8a1ZGhdsBE3LtCCbYSy76F","b5gRH/zJJKH4281p6RhUNf","cfE1WPljpHrIsJmXF+VuuO","0dVyWdt+VC0JYeHBO6t607","f9VyCi4LJCTLT1RIidNask","a6JjwOkT1Mrq4pZSV0qMGX","ff+k22xjhJab4fXsxBoJLA","8de5HPIiJO/6RFY3tS+24t","d1GaTaGQJJZowfuRrmB82x","3dqb4D5s1AOJAMl/8/nAWg","20TYGqDq5HibuZqkbXM5lF","76NN3/2RRKDrSrszrsL2Nq","7d2GG7RK1HFYLJDM38DBI5","89uDD1fPRLopLy4+BX5Fo3","2f++dYIFRGS4C2VMtAMLlq","9eBxvwzOROh4IwTNcoGZYf","6ag69crn9DjojZntWIOzTb","60bRBla6dApo1frVnGRzw2","1d7VVb2QtMXpzxsxN6GW2b","7d+1KPm0dI8qJIUw95xSWz","4cPtLlxHtFHq0jdqAqY6Eb","30ScnqqW1E/YedmHI4xasi","acWcuCMNxCXpNBwkN5qI4v","58szeGbPRC1KCYlR2RPfqa","6abzvZT61DYIIS9T4oFqrm","78PmdNqXdP+qdIHwT3wRJD","9cK8ZN/klGaoph8kwrTlYm","342RMJKrRKZ5plY6MUAkjc","65KI/4519F6qQk1ft8rSj+","1eQi/Ulf9DdKnkW8JBJaMl","7eyQ0FXd1Fop4eP+nF/un6","27OzND+klDE6+FPCUJ3xvT","42uURJAutE4qnC7iKy1WIw","f94w2/059PuYpv+pZDX78/","69RcGge3tLWK/V1Gdo86ef","17ZQzt14RCP7rGFKxHVwX5","19hZnO4oRMS4aSr1f5QiZE","f4R+q4LpFC76RSn3j3/4rn","cc5EXFn0JKFYeVZShCS6Tk","798lwF7JRK9I0b5OL4lvHY","8b5AZHiTdMWaS5WmEssV5B","59K6RE7PZNnJNHj/urzPu7","4590aU2GRKTqaHD3Aylflx","45yEKAOrBF0pvuK7p9CDXq","95eD6Uh7xGWY5c68GnnkfI","96BuCABtFOI46LSXU1TR7Q","63LiWbH3pB+5f7/Oj7ipnA","baDj7DoxhA6LTfemWUmBZb","2dgK5rIoNIGJrC8stUuxAF","74ZyU1Fe1JbbTA23KFfKc5","8628UxzrRILbc/LR6NKhnw","cb3z6qtERJBrmXvBFdDy6O","2aiSNG8yxNRbeA/k+tIfcZ","8dCbbt+C5HZZ36MF+zIAgQ","1e6Egcnu5CpJLazjHi3qE5","3dSQ36nJxKAoTn7eaJl5Ya","fal40b4+FNU5KiAhZytAsx"],["_textureSetter","firewood","gird_flower","grid_-10","grid_-11","grid_-12","grid_-4","grid_-5","grid_-6","grid_-7","grid_-8","grid_-9","grid_1","grid_10","grid_1001","grid_1002","grid_1003","grid_1004","grid_101","grid_102","grid_103","grid_104","grid_105","grid_106","grid_11","grid_12","grid_13","grid_14","grid_15","grid_16","grid_17","grid_18","grid_19","grid_2","grid_20","grid_2001","grid_2002","grid_2003","grid_2004","grid_2005","grid_2006","grid_2007","grid_2008","grid_2009","grid_2010","grid_2011","grid_2012","grid_2013","grid_2014","grid_2015","grid_2016","grid_2017","grid_2018","grid_2019","grid_2020","grid_21","grid_22","grid_23","grid_24","grid_25","grid_26","grid_27","grid_28","grid_29","grid_3","grid_30","grid_31","grid_32","grid_33","grid_34","grid_35","grid_36","grid_4","grid_5","grid_6","grid_7","grid_8","grid_9","grid_bird","gridbg_1","gridbg_2","gridbg_3","gridbg_4","gridbg_5","gridbg_6","gridbg_7","iceicon","question"],["cc.SpriteFrame",["cc.SpriteAtlas",["_name","_spriteFrames"],2,11]],[[1,0,1,2]],[[[{"name":"grid_-8","rect":[418,209,54,63],"offset":[0,0],"originalSize":[54,63],"rotated":1,"capInsets":[0,0,0,0]}],[0],0,[0],[0],[0]],[[{"name":"grid_103","rect":[446,487,59,52],"offset":[0,0],"originalSize":[59,52],"capInsets":[0,0,0,0]}],[0],0,[0],[0],[0]],[[{"name":"grid_20","rect":[132,387,61,53],"offset":[0,0],"originalSize":[61,53],"capInsets":[0,0,0,0]}],[0],0,[0],[0],[0]],[[{"name":"grid_31","rect":[225,600,50,52],"offset":[0,0],"originalSize":[50,52],"rotated":1,"capInsets":[0,0,0,0]}],[0],0,[0],[0],[0]],[[{"name":"grid_32","rect":[314,86,69,52],"offset":[0,0],"originalSize":[69,52],"capInsets":[0,0,0,0]}],[0],0,[0],[0],[0]],[[{"name":"grid_2015","rect":[202,306,62,62],"offset":[0,0],"originalSize":[62,62],"capInsets":[0,0,0,0]}],[0],0,[0],[0],[0]],[[{"name":"grid_26","rect":[119,499,56,48],"offset":[0,0],"originalSize":[56,48],"capInsets":[0,0,0,0]}],[0],0,[0],[0],[0]],[[{"name":"gridbg_7","rect":[2,2,82,82],"offset":[0,0],"originalSize":[82,82],"capInsets":[0,0,0,0]}],[0],0,[0],[0],[0]],[[{"name":"grid_2007","rect":[153,218,49,65],"offset":[0,0],"originalSize":[49,65],"rotated":1,"capInsets":[0,0,0,0]}],[0],0,[0],[0],[0]],[[{"name":"grid_28","rect":[279,635,47,52],"offset":[0,0],"originalSize":[47,52],"rotated":1,"capInsets":[0,0,0,0]}],[0],0,[0],[0],[0]],[[{"name":"gridbg_5","rect":[170,2,82,82],"offset":[0,0],"originalSize":[82,82],"capInsets":[0,0,0,0]}],[0],0,[0],[0],[0]],[[{"name":"grid_2011","rect":[66,388,61,52],"offset":[0,0],"originalSize":[61,52],"capInsets":[0,0,0,0]}],[0],0,[0],[0],[0]],[[{"name":"grid_2018","rect":[2,390,52,61],"offset":[0,0],"originalSize":[52,61],"rotated":1,"capInsets":[0,0,0,0]}],[0],0,[0],[0],[0]],[[{"name":"grid_24","rect":[386,649,50,49],"offset":[0,0],"originalSize":[50,49],"capInsets":[0,0,0,0]}],[0],0,[0],[0],[0]],[[{"name":"grid_2006","rect":[351,261,45,63],"offset":[0,0],"originalSize":[45,63],"rotated":1,"capInsets":[0,0,0,0]}],[0],0,[0],[0],[0]],[[{"name":"grid_29","rect":[453,149,58,57],"offset":[0,0],"originalSize":[58,57],"rotated":1,"capInsets":[0,0,0,0]}],[0],0,[0],[0],[0]],[[{"name":"grid_6","rect":[438,652,49,50],"offset":[0,0],"originalSize":[49,50],"rotated":1,"capInsets":[0,0,0,0]}],[0],0,[0],[0],[0]],[[{"name":"grid_5","rect":[329,361,55,60],"offset":[0,0],"originalSize":[55,60],"rotated":1,"capInsets":[0,0,0,0]}],[0],0,[0],[0],[0]],[[{"name":"grid_-11","rect":[297,523,55,54],"offset":[0,0],"originalSize":[57,58],"capInsets":[0,0,0,0]}],[0],0,[0],[0],[0]],[[{"name":"grid_2017","rect":[2,329,59,62],"offset":[0,0],"originalSize":[59,62],"rotated":1,"capInsets":[0,0,0,0]}],[0],0,[0],[0],[0]],[[{"name":"grid_11","rect":[65,442,53,57],"offset":[0,0],"originalSize":[53,57],"rotated":1,"capInsets":[0,0,0,0]}],[0],0,[0],[0],[0]],[[{"name":"grid_105","rect":[135,323,62,62],"offset":[0,0],"originalSize":[62,62],"capInsets":[0,0,0,0]}],[0],0,[0],[0],[0]],[[{"name":"grid_13","rect":[452,431,58,54],"offset":[0,0],"originalSize":[58,54],"capInsets":[0,0,0,0]}],[0],0,[0],[0],[0]],[[{"name":"grid_2020","rect":[86,163,59,65],"offset":[0,0],"originalSize":[59,65],"rotated":1,"capInsets":[0,0,0,0]}],[0],0,[0],[0],[0]],[[{"name":"grid_4","rect":[61,497,50,56],"offset":[0,0],"originalSize":[50,56],"rotated":1,"capInsets":[0,0,0,0]}],[0],0,[0],[0],[0]],[[{"name":"grid_17","rect":[2,589,51,53],"offset":[0,0],"originalSize":[51,53],"rotated":1,"capInsets":[0,0,0,0]}],[0],0,[0],[0],[0]],[[{"name":"grid_-9","rect":[69,274,51,64],"offset":[0,0],"originalSize":[51,64],"rotated":1,"capInsets":[0,0,0,0]}],[0],0,[0],[0],[0]],[[{"name":"grid_2014","rect":[353,200,59,63],"offset":[0,0],"originalSize":[59,63],"rotated":1,"capInsets":[0,0,0,0]}],[0],0,[0],[0],[0]],[[{"name":"grid_9","rect":[60,549,50,54],"offset":[0,0],"originalSize":[50,54],"rotated":1,"capInsets":[0,0,0,0]}],[0],0,[0],[0],[0]],[[{"name":"grid_102","rect":[124,442,55,56],"offset":[0,0],"originalSize":[55,56],"rotated":1,"capInsets":[0,0,0,0]}],[0],0,[0],[0],[0]],[[{"name":"grid_25","rect":[351,308,62,51],"offset":[0,0],"originalSize":[62,51],"capInsets":[0,0,0,0]}],[0],0,[0],[0],[0]],[[{"name":"grid_30","rect":[416,265,62,55],"offset":[0,0],"originalSize":[62,55],"capInsets":[0,0,0,0]}],[0],0,[0],[0],[0]],[[{"name":"grid_1002","rect":[324,418,59,56],"offset":[0,0],"originalSize":[59,56],"capInsets":[0,0,0,0]}],[0],0,[0],[0],[0]],[[{"name":"grid_21","rect":[291,579,54,54],"offset":[0,0],"originalSize":[54,54],"capInsets":[0,0,0,0]}],[0],0,[0],[0],[0]],[[{"name":"grid_2013","rect":[199,370,54,61],"offset":[0,0],"originalSize":[54,61],"rotated":1,"capInsets":[0,0,0,0]}],[0],0,[0],[0],[0]],[[{"name":"grid_-12","rect":[68,327,62,59],"offset":[0,0],"originalSize":[62,59],"capInsets":[0,0,0,0]}],[0],0,[0],[0],[0]],[[{"name":"gridbg_2","rect":[422,2,82,82],"offset":[0,0],"originalSize":[82,82],"capInsets":[0,0,0,0]}],[0],0,[0],[0],[0]],[[{"name":"grid_2008","rect":[242,148,46,66],"offset":[0,0],"originalSize":[46,66],"rotated":1,"capInsets":[0,0,0,0]}],[0],0,[0],[0],[0]],[[{"name":"grid_22","rect":[177,524,55,55],"offset":[0,0],"originalSize":[55,55],"capInsets":[0,0,0,0]}],[0],0,[0],[0],[0]],[[{"name":"grid_35","rect":[2,444,45,57],"offset":[0,0],"originalSize":[45,57],"rotated":1,"capInsets":[0,0,0,0]}],[0],0,[0],[0],[0]],[[{"name":"grid_2009","rect":[2,277,64,50],"offset":[0,0],"originalSize":[64,50],"capInsets":[0,0,0,0]}],[0],0,[0],[0],[0]],[[{"name":"grid_2016","rect":[286,261,52,63],"offset":[0,0],"originalSize":[52,63],"rotated":1,"capInsets":[0,0,0,0]}],[0],0,[0],[0],[0]],[[{"name":"grid_27","rect":[459,597,51,53],"offset":[0,0],"originalSize":[51,53],"capInsets":[0,0,0,0]}],[0],0,[0],[0],[0]],[[{"name":"grid_1003","rect":[262,377,60,53],"offset":[0,0],"originalSize":[60,53],"capInsets":[0,0,0,0]}],[0],0,[0],[0],[0]],[[{"name":"firewood","rect":[467,541,54,43],"offset":[0,-10],"originalSize":[54,63],"rotated":1,"capInsets":[0,0,0,0]}],[0],0,[0],[0],[0]],[[{"name":"gridbg_3","rect":[338,2,82,82],"offset":[0,0],"originalSize":[82,82],"capInsets":[0,0,0,0]}],[0],0,[0],[0],[0]],[[{"name":"grid_104","rect":[385,432,59,54],"offset":[0,0],"originalSize":[59,54],"capInsets":[0,0,0,0]}],[0],0,[0],[0],[0]],[[{"name":"grid_10","rect":[171,581,52,50],"offset":[0,0],"originalSize":[52,50],"capInsets":[0,0,0,0]}],[0],0,[0],[0],[0]],[[{"name":"grid_2010","rect":[287,200,64,59],"offset":[0,0],"originalSize":[64,59],"capInsets":[0,0,0,0]}],[0],0,[0],[0],[0]],[[{"name":"grid_18","rect":[257,432,59,54],"offset":[0,0],"originalSize":[59,54],"capInsets":[0,0,0,0]}],[0],0,[0],[0],[0]],[[{"name":"grid_36","rect":[391,374,59,56],"offset":[0,0],"originalSize":[59,56],"capInsets":[0,0,0,0]}],[0],0,[0],[0],[0]],[[{"name":"gridbg_6","rect":[86,2,82,82],"offset":[0,0],"originalSize":[82,82],"capInsets":[0,0,0,0]}],[0],0,[0],[0],[0]],[[{"name":"grid_2004","rect":[220,249,55,64],"offset":[0,0],"originalSize":[55,64],"rotated":1,"capInsets":[0,0,0,0]}],[0],0,[0],[0],[0]],[[{"name":"grid_106","rect":[415,322,50,61],"offset":[0,0],"originalSize":[50,61],"rotated":1,"capInsets":[0,0,0,0]}],[0],0,[0],[0],[0]],[[{"name":"grid_7","rect":[220,196,65,51],"offset":[0,0],"originalSize":[65,51],"capInsets":[0,0,0,0]}],[0],0,[0],[0],[0]],[[{"name":"grid_-6","rect":[318,476,59,45],"offset":[0,0],"originalSize":[59,45],"capInsets":[0,0,0,0]}],[0],0,[0],[0],[0]],[[{"name":"grid_23","rect":[195,426,45,60],"offset":[0,0],"originalSize":[45,60],"rotated":1,"capInsets":[0,0,0,0]}],[0],0,[0],[0],[0]],[[{"name":"grid_2012","rect":[385,86,46,67],"offset":[0,0],"originalSize":[46,67],"rotated":1,"capInsets":[0,0,0,0]}],[0],0,[0],[0],[0]],[[{"name":"grid_2002","rect":[385,134,64,66],"offset":[0,0],"originalSize":[64,66],"rotated":1,"capInsets":[0,0,0,0]}],[0],0,[0],[0],[0]],[[{"name":"grid_2019","rect":[454,86,56,61],"offset":[0,0],"originalSize":[56,61],"capInsets":[0,0,0,0]}],[0],0,[0],[0],[0]],[[{"name":"grid_-10","rect":[411,541,54,54],"offset":[0,0],"originalSize":[54,54],"capInsets":[0,0,0,0]}],[0],0,[0],[0],[0]],[[{"name":"grid_-5","rect":[2,227,65,48],"offset":[0,0],"originalSize":[65,48],"capInsets":[0,0,0,0]}],[0],0,[0],[0],[0]],[[{"name":"grid_19","rect":[379,488,47,58],"offset":[0,0],"originalSize":[47,58],"rotated":1,"capInsets":[0,0,0,0]}],[0],0,[0],[0],[0]],[[{"name":"grid_bird","rect":[2,642,38,34],"offset":[0,0],"originalSize":[38,34],"capInsets":[0,0,0,0]}],[0],0,[0],[0],[0]],[[{"name":"grid_12","rect":[2,537,50,56],"offset":[0,0],"originalSize":[50,56],"rotated":1,"capInsets":[0,0,0,0]}],[0],0,[0],[0],[0]],[[{"name":"grid_1","rect":[2,491,44,57],"offset":[0,0],"originalSize":[44,57],"rotated":1,"capInsets":[0,0,0,0]}],[0],0,[0],[0],[0]],[[{"name":"gridbg_4","rect":[254,2,82,82],"offset":[0,0],"originalSize":[82,82],"capInsets":[0,0,0,0]}],[0],0,[0],[0],[0]],[[{"name":"grid_34","rect":[69,224,65,48],"offset":[0,0],"originalSize":[65,48],"capInsets":[0,0,0,0]}],[0],0,[0],[0],[0]],[[{"name":"grid_2","rect":[452,374,58,55],"offset":[0,0],"originalSize":[58,55],"capInsets":[0,0,0,0]}],[0],0,[0],[0],[0]],[[{"name":"grid_2005","rect":[242,86,70,60],"offset":[0,0],"originalSize":[70,60],"capInsets":[0,0,0,0]}],[0],0,[0],[0],[0]],[[{"name":"grid_101","rect":[116,549,53,50],"offset":[0,0],"originalSize":[53,50],"capInsets":[0,0,0,0]}],[0],0,[0],[0],[0]],[[{"name":"grid_1004","rect":[266,315,60,61],"offset":[0,0],"originalSize":[60,61],"rotated":1,"capInsets":[0,0,0,0]}],[0],0,[0],[0],[0]],[[{"name":"grid_-4","rect":[347,590,54,53],"offset":[0,0],"originalSize":[54,53],"capInsets":[0,0,0,0]}],[0],0,[0],[0],[0]],[[{"name":"grid_15","rect":[403,597,54,50],"offset":[0,0],"originalSize":[54,50],"capInsets":[0,0,0,0]}],[0],0,[0],[0],[0]],[[{"name":"gird_flower","rect":[333,645,51,47],"offset":[0,0],"originalSize":[51,47],"capInsets":[0,0,0,0]}],[0],0,[0],[0],[0]],[[{"name":"grid_16","rect":[182,473,56,49],"offset":[0,0],"originalSize":[56,49],"capInsets":[0,0,0,0]}],[0],0,[0],[0],[0]],[[{"name":"grid_-7","rect":[57,601,46,44],"offset":[0,0],"originalSize":[46,44],"capInsets":[0,0,0,0]}],[0],0,[0],[0],[0]],[[{"name":"grid_1001","rect":[136,269,52,64],"offset":[0,0],"originalSize":[52,64],"rotated":1,"capInsets":[0,0,0,0]}],[0],0,[0],[0],[0]],[[{"name":"grid_33","rect":[240,488,55,55],"offset":[0,0],"originalSize":[55,55],"capInsets":[0,0,0,0]}],[0],0,[0],[0],[0]],[[[0,"fightimg1.plist",[{},"firewood",6,0,"gird_flower",6,1,"grid_-10",6,2,"grid_-11",6,3,"grid_-12",6,4,"grid_-4",6,5,"grid_-5",6,6,"grid_-6",6,7,"grid_-7",6,8,"grid_-8",6,9,"grid_-9",6,10,"grid_1",6,11,"grid_10",6,12,"grid_1001",6,13,"grid_1002",6,14,"grid_1003",6,15,"grid_1004",6,16,"grid_101",6,17,"grid_102",6,18,"grid_103",6,19,"grid_104",6,20,"grid_105",6,21,"grid_106",6,22,"grid_11",6,23,"grid_12",6,24,"grid_13",6,25,"grid_14",6,26,"grid_15",6,27,"grid_16",6,28,"grid_17",6,29,"grid_18",6,30,"grid_19",6,31,"grid_2",6,32,"grid_20",6,33,"grid_2001",6,34,"grid_2002",6,35,"grid_2003",6,36,"grid_2004",6,37,"grid_2005",6,38,"grid_2006",6,39,"grid_2007",6,40,"grid_2008",6,41,"grid_2009",6,42,"grid_2010",6,43,"grid_2011",6,44,"grid_2012",6,45,"grid_2013",6,46,"grid_2014",6,47,"grid_2015",6,48,"grid_2016",6,49,"grid_2017",6,50,"grid_2018",6,51,"grid_2019",6,52,"grid_2020",6,53,"grid_21",6,54,"grid_22",6,55,"grid_23",6,56,"grid_24",6,57,"grid_25",6,58,"grid_26",6,59,"grid_27",6,60,"grid_28",6,61,"grid_29",6,62,"grid_3",6,63,"grid_30",6,64,"grid_31",6,65,"grid_32",6,66,"grid_33",6,67,"grid_34",6,68,"grid_35",6,69,"grid_36",6,70,"grid_4",6,71,"grid_5",6,72,"grid_6",6,73,"grid_7",6,74,"grid_8",6,75,"grid_9",6,76,"grid_bird",6,77,"gridbg_1",6,78,"gridbg_2",6,79,"gridbg_3",6,80,"gridbg_4",6,81,"gridbg_5",6,82,"gridbg_6",6,83,"gridbg_7",6,84,"iceicon",6,85,"question",6,86]]],0,0,[0,0,0,0,0,0,0,0,0,0,0,0,0,0,0,0,0,0,0,0,0,0,0,0,0,0,0,0,0,0,0,0,0,0,0,0,0,0,0,0,0,0,0,0,0,0,0,0,0,0,0,0,0,0,0,0,0,0,0,0,0,0,0,0,0,0,0,0,0,0,0,0,0,0,0,0,0,0,0,0,0,0,0,0,0,0,0],[1,2,3,4,5,6,7,8,9,10,11,12,13,14,15,16,17,18,19,20,21,22,23,24,25,26,27,28,29,30,31,32,33,34,35,36,37,38,39,40,41,42,43,44,45,46,47,48,49,50,51,52,53,54,55,56,57,58,59,60,61,62,63,64,65,66,67,68,69,70,71,72,73,74,75,76,77,78,79,80,81,82,83,84,85,86,87],[1,2,3,4,5,6,7,8,9,10,11,12,13,14,15,16,17,18,19,20,21,22,23,24,25,26,27,28,29,30,31,32,33,34,35,36,37,38,39,40,41,42,43,44,45,46,47,48,49,50,51,52,53,54,55,56,57,58,59,60,61,62,63,64,65,66,67,68,69,70,71,72,73,74,75,76,77,78,79,80,81,82,83,84,85,86,87]],[[{"name":"grid_14","rect":[234,545,55,53],"offset":[0,0],"originalSize":[55,53],"capInsets":[0,0,0,0]}],[0],0,[0],[0],[0]],[[{"name":"grid_2001","rect":[2,170,55,65],"offset":[0,0],"originalSize":[55,65],"rotated":1,"capInsets":[0,0,0,0]}],[0],0,[0],[0],[0]],[[{"name":"grid_3","rect":[153,163,65,53],"offset":[0,0],"originalSize":[65,53],"capInsets":[0,0,0,0]}],[0],0,[0],[0],[0]],[[{"name":"question","rect":[86,86,76,75],"offset":[0,0],"originalSize":[76,75],"capInsets":[0,0,0,0]}],[0],0,[0],[0],[0]],[[{"name":"grid_2003","rect":[314,140,58,66],"offset":[0,0],"originalSize":[58,66],"rotated":1,"capInsets":[0,0,0,0]}],[0],0,[0],[0],[0]]]]