[1,["26hnPhSjNHuIbzafyqkAFa"],["_textureSetter"],["cc.SpriteFrame"],0,[[[{"name":"star_1","rect":[447,867,53,54],"offset":[0,0],"originalSize":[53,54],"capInsets":[0,0,0,0]}],[0],0,[0],[0],[0]],[[{"name":"fightbloodbg","rect":[50,453,247,40],"offset":[0,0],"originalSize":[247,40],"capInsets":[0,0,0,0]}],[0],0,[0],[0],[0]],[[{"name":"star_2","rect":[382,441,53,54],"offset":[0,0],"originalSize":[53,54],"capInsets":[0,0,0,0]}],[0],0,[0],[0],[0]],[[{"name":"fightblood1","rect":[355,987,37,34],"offset":[0,0],"originalSize":[37,34],"capInsets":[0,0,0,0]}],[0],0,[0],[0],[0]]]]