[1,["6anFqfMINARrkD9erwHN1O","fd2ZctRYhIk4p3SvjtU/Y7","45UVpL4L9OmrzlfV/lUNxl","95zcOYwRFEaoMrjfR0tcE7","460cTSAqNPR6Fy+oBO+84Y","327m0j4ixIxrfyPYSJsKjL","afj5vt6vpBSqwBnPE9xsKP","83VfwexoBMIYPxQQBpRLq4","9b9iDowxJNsYtbwXa+F6fG","43dMFtOK5Fm7M6c3Oo4ClF","07xZ3POHtB4L8MQ24ZknQu","873HSYvZZO0Y4OB9oZnc5d","21RMxyZnBLqowQOva3nkwt","fdJ/iU1ydJlY9r8VmWYP+d","7daYwioWdJz6uEy/K4AhaS","4ezKa68lZIdIhhM62UhDUQ","4cdUdBOGNCzLdE5FX1gOlM","cai/QzHr9Bj4HjUzni+2ke","33a8HyUZVLfqd3Klaopwi/","a1m4rlWqpF8bJMxH5uIHyq","6eWq289d9BdqZAsgrWu5vV","e7dMtntLlI55AFAocuxfe3","3dn4XOR3xEooD3qvQZJaLo","dcemu7A9lBWr2F912PW2U8","39uazXv1hJ87R1FPsoXQTV","baDEWUinhBWqhcdVszFec5","03OHvirQNC/pbAxd/SajSz","20Wwsz4AFMnaTpmg6cKDHW","6byi5h3t9BspNfa4CoXamn","90ERoFwChL+I+hnbnFFR/c","73Mf1B7FNKQKVMHKl+ugMe"],["_textureSetter","Jigsawpuzzle","Newchallenges","Waiting","You_Lost","You_win","achievement","activation1","activation2","bestcombo","combo","completed","congratulations","frindChallenge","game","great","level","life","logoimg","lv","nice","over","perfect","pk","ranking","rankup","stronger","tapgift","timeout","verygood","vs"],["cc.SpriteFrame",["cc.SpriteAtlas",["_name","_spriteFrames"],2,11]],[[1,0,1,2]],[[[{"name":"congratulations","rect":[2,2,665,101],"offset":[0,0],"originalSize":[665,101],"capInsets":[0,0,0,0]}],[0],0,[0],[0],[0]],[[{"name":"You_win","rect":[273,931,202,40],"offset":[0,0],"originalSize":[202,40],"capInsets":[0,0,0,0]}],[0],0,[0],[0],[0]],[[[0,"language1.plist",[{},"Jigsawpuzzle",6,0,"Newchallenges",6,1,"Waiting",6,2,"You_Lost",6,3,"You_win",6,4,"achievement",6,5,"activation1",6,6,"activation2",6,7,"bestcombo",6,8,"combo",6,9,"completed",6,10,"congratulations",6,11,"frindChallenge",6,12,"game",6,13,"great",6,14,"level",6,15,"life",6,16,"logoimg",6,17,"lv",6,18,"nice",6,19,"over",6,20,"perfect",6,21,"pk",6,22,"ranking",6,23,"rankup",6,24,"stronger",6,25,"tapgift",6,26,"timeout",6,27,"verygood",6,28,"vs",6,29]]],0,0,[0,0,0,0,0,0,0,0,0,0,0,0,0,0,0,0,0,0,0,0,0,0,0,0,0,0,0,0,0,0],[1,2,3,4,5,6,7,8,9,10,11,12,13,14,15,16,17,18,19,20,21,22,23,24,25,26,27,28,29,30],[1,2,3,4,5,6,7,8,9,10,11,12,13,14,15,16,17,18,19,20,21,22,23,24,25,26,27,28,29,30]],[[{"name":"perfect","rect":[669,2,328,82],"offset":[0,0],"originalSize":[328,82],"capInsets":[0,0,0,0]}],[0],0,[0],[0],[0]],[[{"name":"bestcombo","rect":[635,489,384,67],"offset":[0,0],"originalSize":[384,67],"capInsets":[0,0,0,0]}],[0],0,[0],[0],[0]],[[{"name":"great","rect":[721,228,259,81],"offset":[0,0],"originalSize":[259,81],"capInsets":[0,0,0,0]}],[0],0,[0],[0],[0]],[[{"name":"timeout","rect":[2,475,538,98],"offset":[0,0],"originalSize":[538,98],"rotated":1,"capInsets":[0,0,0,0]}],[0],0,[0],[0],[0]],[[{"name":"nice","rect":[580,105,214,85],"offset":[0,0],"originalSize":[214,85],"rotated":1,"capInsets":[0,0,0,0]}],[0],0,[0],[0],[0]],[[{"name":"verygood","rect":[332,475,447,96],"offset":[0,0],"originalSize":[447,96],"rotated":1,"capInsets":[0,0,0,0]}],[0],0,[0],[0],[0]],[[{"name":"activation2","rect":[580,321,113,24],"offset":[0,0],"originalSize":[113,24],"capInsets":[0,0,0,0]}],[0],0,[0],[0],[0]],[[{"name":"achievement","rect":[695,186,275,40],"offset":[0,0],"originalSize":[275,40],"capInsets":[0,0,0,0]}],[0],0,[0],[0],[0]],[[{"name":"Jigsawpuzzle","rect":[273,475,454,57],"offset":[0,0],"originalSize":[454,57],"rotated":1,"capInsets":[0,0,0,0]}],[0],0,[0],[0],[0]]]]