[1,["2fq0kZZrRFcJ0IlszO3E/d"],0,[["sp.SkeletonData",["_name","_atlasText","textureNames","_skeletonJson","textures"],-1,3]],[[0,0,1,2,3,4,5]],[[0,"rearrange","\nrearrange.png\nsize: 207,207\nformat: RGBA8888\nfilter: Linear,Linear\nrepeat: none\ncpdj\n  rotate: false\n  xy: 138, 75\n  size: 60, 61\n  orig: 60, 61\n  offset: 0, 0\n  index: -1\ndaoju0001\n  rotate: false\n  xy: 138, 138\n  size: 65, 67\n  orig: 65, 67\n  offset: 0, 0\n  index: -1\ndaoju0002\n  rotate: false\n  xy: 69, 2\n  size: 65, 67\n  orig: 65, 67\n  offset: 0, 0\n  index: -1\ndaoju0003\n  rotate: false\n  xy: 2, 2\n  size: 65, 67\n  orig: 65, 67\n  offset: 0, 0\n  index: -1\nxg_0000\n  rotate: false\n  xy: 2, 71\n  size: 134, 134\n  orig: 134, 134\n  offset: 0, 0\n  index: -1\n",["rearrange.png"],{"skeleton":{"hash":"DEPjUsRpjkfJVuOrnAPUmVTWF2k","spine":"3.6.53","width":174.2,"height":174.2,"fps":50,"images":"./images/"},"bones":[{"name":"root"},{"name":"cpdj","parent":"root","length":51.85,"rotation":138.16,"x":20.42,"y":114.02},{"name":"xg_0000","parent":"cpdj","rotation":-138.16,"x":33.9,"y":-2.53,"scaleX":1.3,"scaleY":1.3},{"name":"xg_0","parent":"cpdj","rotation":-138.16,"x":33.9,"y":-2.53,"scaleX":1.3,"scaleY":1.3}],"slots":[{"name":"xg_0","bone":"xg_0","color":"ffffff8b","attachment":"xg_0000","blend":"additive"},{"name":"xg_0000","bone":"xg_0000","color":"ffffff8b","attachment":"xg_0000","blend":"additive"},{"name":"cpdj","bone":"cpdj","attachment":"cpdj"}],"skins":{"default":{"cpdj":{"cpdj":{"x":31.37,"y":-1.08,"rotation":-138.16,"width":60,"height":61},"daoju0001":{"x":30.15,"y":-2.64,"rotation":-138.16,"width":65,"height":67},"daoju0002":{"x":29.64,"y":-3.1,"rotation":-138.16,"width":65,"height":67},"daoju0003":{"x":35.83,"y":-5.89,"rotation":-138.16,"width":65,"height":67}},"xg_0":{"xg_0000":{"x":2.23,"y":-3.17,"width":134,"height":134}},"xg_0000":{"xg_0000":{"x":2.23,"y":-3.17,"width":134,"height":134}}}},"animations":{"bomb":{"slots":{"cpdj":{"color":[{"time":0,"color":"ffffff00"},{"time":0.14,"color":"ffffffff","curve":"stepped"},{"time":0.54,"color":"ffffffff"},{"time":0.7,"color":"ffffff00"}],"attachment":[{"time":0,"name":"daoju0001"}]},"xg_0000":{"color":[{"time":0,"color":"ffffff00"},{"time":0.14,"color":"ffffffda","curve":"stepped"},{"time":0.54,"color":"ffffffda"},{"time":0.7,"color":"ffffff00"}]},"xg_0":{"color":[{"time":0,"color":"ffffff00"},{"time":0.14,"color":"ffffffce","curve":"stepped"},{"time":0.54,"color":"ffffffce"},{"time":0.7,"color":"ffffff00"}]}},"bones":{"root":{"rotate":[{"time":0,"angle":0,"curve":"stepped"},{"time":0.7,"angle":0}],"translate":[{"time":0,"x":0,"y":0,"curve":"stepped"},{"time":0.7,"x":0,"y":0}],"scale":[{"time":0,"x":1,"y":1,"curve":"stepped"},{"time":0.7,"x":1,"y":1}],"shear":[{"time":0,"x":0,"y":0,"curve":"stepped"},{"time":0.7,"x":0,"y":0}]},"cpdj":{"rotate":[{"time":0,"angle":0,"curve":"stepped"},{"time":0.7,"angle":0}],"translate":[{"time":0,"x":0,"y":0},{"time":0.22,"x":0,"y":-74},{"time":0.7,"x":0,"y":-132.14}],"scale":[{"time":0,"x":1,"y":1,"curve":"stepped"},{"time":0.7,"x":1,"y":1}],"shear":[{"time":0,"x":0,"y":0,"curve":"stepped"},{"time":0.7,"x":0,"y":0}]},"xg_0000":{"rotate":[{"time":0,"angle":0},{"time":0.7,"angle":-140.48}],"translate":[{"time":0,"x":0,"y":0,"curve":"stepped"},{"time":0.7,"x":0,"y":0}],"scale":[{"time":0,"x":1,"y":1,"curve":"stepped"},{"time":0.7,"x":1,"y":1}],"shear":[{"time":0,"x":0,"y":0,"curve":"stepped"},{"time":0.7,"x":0,"y":0}]},"xg_0":{"rotate":[{"time":0,"angle":-140.48},{"time":0.7,"angle":0}],"translate":[{"time":0,"x":0,"y":0,"curve":"stepped"},{"time":0.7,"x":0,"y":0}],"scale":[{"time":0,"x":1,"y":1,"curve":"stepped"},{"time":0.7,"x":1,"y":1}],"shear":[{"time":0,"x":0,"y":0,"curve":"stepped"},{"time":0.7,"x":0,"y":0}]}}},"rearrange":{"slots":{"cpdj":{"color":[{"time":0,"color":"ffffff00"},{"time":0.14,"color":"ffffffff","curve":"stepped"},{"time":0.54,"color":"ffffffff"},{"time":0.7,"color":"ffffff00"}]},"xg_0000":{"color":[{"time":0,"color":"ffffff00"},{"time":0.14,"color":"ffffffda","curve":"stepped"},{"time":0.54,"color":"ffffffda"},{"time":0.7,"color":"ffffff00"}]},"xg_0":{"color":[{"time":0,"color":"ffffff00"},{"time":0.14,"color":"ffffffce","curve":"stepped"},{"time":0.54,"color":"ffffffce"},{"time":0.7,"color":"ffffff00"}]}},"bones":{"root":{"rotate":[{"time":0,"angle":0,"curve":"stepped"},{"time":0.7,"angle":0}],"translate":[{"time":0,"x":0,"y":0,"curve":"stepped"},{"time":0.7,"x":0,"y":0}],"scale":[{"time":0,"x":1,"y":1,"curve":"stepped"},{"time":0.7,"x":1,"y":1}],"shear":[{"time":0,"x":0,"y":0,"curve":"stepped"},{"time":0.7,"x":0,"y":0}]},"cpdj":{"rotate":[{"time":0,"angle":0,"curve":"stepped"},{"time":0.7,"angle":0}],"translate":[{"time":0,"x":0,"y":0},{"time":0.22,"x":0,"y":-74},{"time":0.7,"x":0,"y":-132.14}],"scale":[{"time":0,"x":1,"y":1,"curve":"stepped"},{"time":0.7,"x":1,"y":1}],"shear":[{"time":0,"x":0,"y":0,"curve":"stepped"},{"time":0.7,"x":0,"y":0}]},"xg_0000":{"rotate":[{"time":0,"angle":0},{"time":0.7,"angle":-140.48}],"translate":[{"time":0,"x":0,"y":0,"curve":"stepped"},{"time":0.7,"x":0,"y":0}],"scale":[{"time":0,"x":1,"y":1,"curve":"stepped"},{"time":0.7,"x":1,"y":1}],"shear":[{"time":0,"x":0,"y":0,"curve":"stepped"},{"time":0.7,"x":0,"y":0}]},"xg_0":{"rotate":[{"time":0,"angle":-140.48},{"time":0.7,"angle":0}],"translate":[{"time":0,"x":0,"y":0,"curve":"stepped"},{"time":0.7,"x":0,"y":0}],"scale":[{"time":0,"x":1,"y":1,"curve":"stepped"},{"time":0.7,"x":1,"y":1}],"shear":[{"time":0,"x":0,"y":0,"curve":"stepped"},{"time":0.7,"x":0,"y":0}]}}},"search":{"slots":{"cpdj":{"color":[{"time":0,"color":"ffffff00"},{"time":0.14,"color":"ffffffff","curve":"stepped"},{"time":0.54,"color":"ffffffff"},{"time":0.7,"color":"ffffff00"}],"attachment":[{"time":0,"name":"daoju0002"},{"time":0.7,"name":"daoju0002"}]},"xg_0000":{"color":[{"time":0,"color":"ffffff00"},{"time":0.14,"color":"ffffffda","curve":"stepped"},{"time":0.54,"color":"ffffffda"},{"time":0.7,"color":"ffffff00"}]},"xg_0":{"color":[{"time":0,"color":"ffffff00"},{"time":0.14,"color":"ffffffce","curve":"stepped"},{"time":0.54,"color":"ffffffce"},{"time":0.7,"color":"ffffff00"}]}},"bones":{"root":{"rotate":[{"time":0,"angle":0,"curve":"stepped"},{"time":0.7,"angle":0}],"translate":[{"time":0,"x":0,"y":0,"curve":"stepped"},{"time":0.7,"x":0,"y":0}],"scale":[{"time":0,"x":1,"y":1,"curve":"stepped"},{"time":0.7,"x":1,"y":1}],"shear":[{"time":0,"x":0,"y":0,"curve":"stepped"},{"time":0.7,"x":0,"y":0}]},"cpdj":{"rotate":[{"time":0,"angle":0,"curve":"stepped"},{"time":0.7,"angle":0}],"translate":[{"time":0,"x":0,"y":0},{"time":0.22,"x":0,"y":-74},{"time":0.7,"x":0,"y":-132.14}],"scale":[{"time":0,"x":1,"y":1,"curve":"stepped"},{"time":0.7,"x":1,"y":1}],"shear":[{"time":0,"x":0,"y":0,"curve":"stepped"},{"time":0.7,"x":0,"y":0}]},"xg_0000":{"rotate":[{"time":0,"angle":0},{"time":0.7,"angle":-140.48}],"translate":[{"time":0,"x":0,"y":0,"curve":"stepped"},{"time":0.7,"x":0,"y":0}],"scale":[{"time":0,"x":1,"y":1,"curve":"stepped"},{"time":0.7,"x":1,"y":1}],"shear":[{"time":0,"x":0,"y":0,"curve":"stepped"},{"time":0.7,"x":0,"y":0}]},"xg_0":{"rotate":[{"time":0,"angle":-140.48},{"time":0.7,"angle":0}],"translate":[{"time":0,"x":0,"y":0,"curve":"stepped"},{"time":0.7,"x":0,"y":0}],"scale":[{"time":0,"x":1,"y":1,"curve":"stepped"},{"time":0.7,"x":1,"y":1}],"shear":[{"time":0,"x":0,"y":0,"curve":"stepped"},{"time":0.7,"x":0,"y":0}]}}},"time":{"slots":{"cpdj":{"color":[{"time":0,"color":"ffffff00"},{"time":0.14,"color":"ffffffff","curve":"stepped"},{"time":0.54,"color":"ffffffff"},{"time":0.7,"color":"ffffff00"}],"attachment":[{"time":0,"name":"daoju0003"},{"time":0.7,"name":"daoju0003"}]},"xg_0000":{"color":[{"time":0,"color":"ffffff00"},{"time":0.14,"color":"ffffffda","curve":"stepped"},{"time":0.54,"color":"ffffffda"},{"time":0.7,"color":"ffffff00"}]},"xg_0":{"color":[{"time":0,"color":"ffffff00"},{"time":0.14,"color":"ffffffce","curve":"stepped"},{"time":0.54,"color":"ffffffce"},{"time":0.7,"color":"ffffff00"}]}},"bones":{"root":{"rotate":[{"time":0,"angle":0,"curve":"stepped"},{"time":0.7,"angle":0}],"translate":[{"time":0,"x":0,"y":0,"curve":"stepped"},{"time":0.7,"x":0,"y":0}],"scale":[{"time":0,"x":1,"y":1,"curve":"stepped"},{"time":0.7,"x":1,"y":1}],"shear":[{"time":0,"x":0,"y":0,"curve":"stepped"},{"time":0.7,"x":0,"y":0}]},"cpdj":{"rotate":[{"time":0,"angle":0,"curve":"stepped"},{"time":0.7,"angle":0}],"translate":[{"time":0,"x":0,"y":0},{"time":0.22,"x":0,"y":-74},{"time":0.7,"x":0,"y":-132.14}],"scale":[{"time":0,"x":1,"y":1,"curve":"stepped"},{"time":0.7,"x":1,"y":1}],"shear":[{"time":0,"x":0,"y":0,"curve":"stepped"},{"time":0.7,"x":0,"y":0}]},"xg_0000":{"rotate":[{"time":0,"angle":0},{"time":0.7,"angle":-140.48}],"translate":[{"time":0,"x":0,"y":0,"curve":"stepped"},{"time":0.7,"x":0,"y":0}],"scale":[{"time":0,"x":1,"y":1,"curve":"stepped"},{"time":0.7,"x":1,"y":1}],"shear":[{"time":0,"x":0,"y":0,"curve":"stepped"},{"time":0.7,"x":0,"y":0}]},"xg_0":{"rotate":[{"time":0,"angle":-140.48},{"time":0.7,"angle":0}],"translate":[{"time":0,"x":0,"y":0,"curve":"stepped"},{"time":0.7,"x":0,"y":0}],"scale":[{"time":0,"x":1,"y":1,"curve":"stepped"},{"time":0.7,"x":1,"y":1}],"shear":[{"time":0,"x":0,"y":0,"curve":"stepped"},{"time":0.7,"x":0,"y":0}]}}}}},[0]]],0,0,[0],[-1],[0]]