[1,["ecpdLyjvZBwrvm+cedCcQy","38qBRf1OZG0JR3OSaC/tyS","1ff3e3010","034O71kf1DzZRj1bvKRkRG","7a/QZLET9IDreTiBfRn2PD","b8T+alRyRHcp+hhV0/tUuA","e3CN97yJdHALEGlcHG7Jal","58ICM11edC5pNjZ79Sh6jR","cb9v50AuJBdrdYSwnmV2z8","acWNzvKZpNmb2TN/Hwyvza","a7VJHJ37pLgLM2VnjTz5vx","739bg6cS1Iz60tFS/7UDd9","1c/chJsfJF14Q6tFJ5rjsx","22t3787vVF/LDWZnH/+f6C","baq0efs4ZOKalEsv+NSOp6","b1QROeNK5MwZqhB5W0cQcW","99hfAdYQFAC6kaN1I709Tj"],["node","_spriteFrame","_N$file","_textureSetter","_N$skeletonData","_N$font","root","data"],[["cc.Node",["_name","_prefab","_parent","_components","_contentSize","_trs","_children","_color","_eulerAngles"],2,4,1,9,5,7,2,5,5],"cc.SpriteFrame",["cc.Sprite",["_sizeMode","_type","_isTrimmedMode","node","_materials","_spriteFrame"],0,1,3,6],["cc.Label",["_string","_fontSize","_isSystemFontUsed","_N$verticalAlign","_N$horizontalAlign","_lineHeight","node","_materials","_N$file"],-3,1,3,6],["cc.PrefabInfo",["fileId","root"],2,1],["cc.Button",["_N$transition","zoomScale","node"],1,1],["cc.Prefab",["_name"],2],["cc.RichText",["_isSystemFontUsed","_N$string","_N$horizontalAlign","_N$fontSize","_N$lineHeight","node","_N$font"],-2,1,6],["cc.BlockInputEvents",["node"],3,1],["cc.LabelOutline",["_width","node","_color"],2,1,5],["cc.PrivateNode",["_name","_objFlags","_parent","_components","_prefab","_color","_contentSize","_anchorPoint","_trs"],1,1,9,4,5,5,5,7],["sp.Skeleton",["defaultSkin","defaultAnimation","_preCacheMode","_animationName","node","_materials","_N$skeletonData"],-1,1,3,6]],[[4,0,1,2],[0,0,2,3,1,4,5,2],[2,0,3,4,5,2],[2,1,0,3,4,5,3],[0,0,2,6,3,1,4,5,2],[2,3,4,5,1],[3,0,1,5,2,3,6,7,8,6],[10,0,1,2,3,4,5,6,7,8,3],[0,0,2,3,1,4,5,8,2],[11,0,1,2,3,4,5,6,5],[0,0,2,6,3,1,7,4,5,2],[5,0,2,2],[7,0,1,2,3,4,5,6,6],[3,0,1,2,4,3,6,7,8,6],[9,0,1,2,2],[6,0,2],[0,0,6,1,2],[0,0,2,6,1,2],[0,0,2,3,1,4,2],[0,0,2,3,1,7,4,5,2],[4,1,1],[2,0,2,3,4,5,3],[5,1,0,2,3],[8,0,1],[3,0,1,5,2,4,3,6,7,8,7]],[[[{"name":"line","rect":[932,198,43,8],"offset":[0,0],"originalSize":[43,8],"rotated":1,"capInsets":[0,0,0,0]}],[1],0,[0],[3],[2]],[[{"name":"title_qs","rect":[515,339,429,91],"offset":[0,0],"originalSize":[429,91],"capInsets":[0,0,0,0]}],[1],0,[0],[3],[2]],[[{"name":"title_zm","rect":[853,436,429,91],"offset":[0,0],"originalSize":[429,91],"rotated":1,"capInsets":[0,0,0,0]}],[1],0,[0],[3],[2]],[[{"name":"diamond","rect":[792,3,189,184],"offset":[0,0],"originalSize":[189,184],"rotated":1,"capInsets":[0,0,0,0]}],[1],0,[0],[3],[2]],[[{"name":"bg1","rect":[238,758,95,90],"offset":[0,0],"originalSize":[95,90],"capInsets":[41,40,41,40]}],[1],0,[0],[3],[2]],[[{"name":"bg","rect":[515,3,330,271],"offset":[0,0],"originalSize":[330,271],"rotated":1,"capInsets":[151,121,154,139]}],[1],0,[0],[3],[2]],[[[15,"smallgame_select_layer_prefab"],[16,"challenge_layer_prefab",[-2,-3,-4,-5,-6,-7,-8,-9],[20,-1]],[4,"zuma_panel",1,[-11,-12,-13,-14,-15,-16],[[3,1,0,-10,[42],43]],[0,"b10B1MJwlCa5eNxoADDwuk",1],[5,568,483],[0,-315.089,0,0,0,0,1,1,1,1]],[4,"qs_panel",1,[-18,-19,-20,-21,-22],[[3,1,0,-17,[23],24]],[0,"19TOKgVaZM6qE9N/rU7hrU",1],[5,568,483],[0,206.006,0,0,0,0,1,1,1,1]],[17,"lines",1,[-23,-24,-25,-26,-27,-28],[0,"86Zw+dFPdNw4v9Jt8YwL1q",1]],[4,"playbtn",3,[-31],[[3,1,0,-29,[14],15],[11,3,-30]],[0,"bdx/OUHJxBXKnGmF5n15vQ",1],[5,200,65],[0,-182.991,0,0,0,0,1,1,1,0]],[10,"times_rc",3,[-33,-34],[[12,false,"Receive rewards:<color=#7bc933>3/3</color>",1,22,50,-32,22]],[0,"40TxlsLD9JbbJmAQVyLl58",1],[4,4281888932],[5,234.39,63],[0,-132.185,0,0,0,0,1,1,1,1]],[4,"playbtn",2,[-37],[[3,1,0,-35,[31],32],[11,3,-36]],[0,"57XXljfVhI851WvsHeZyjQ",1],[5,200,65],[0,-182.743,0,0,0,0,1,1,1,0]],[10,"times_rc",2,[-39,-40],[[12,false,"Receive rewards:<color=#7bc933>3/3</color>",1,22,50,-38,41]],[0,"c8hNL3HNRLDbh7Xp3WpESM",1],[4,4281888932],[5,234.39,63],[0,-130.441,0,0,0,0,1,1,1,1]],[18,"bg",1,[[2,0,-41,[0],1],[23,-42]],[0,"abDWY0MdRLR7YB3IVPfvJM",1],[5,920,1480]],[4,"top_title",1,[-44],[[5,-43,[4],5]],[0,"37PFFNZyRH7YwaLFOa+dVb",1],[5,720,236],[0,621.378,0,0,0,0,1,1,1,1]],[1,"closeBtn",1,[[21,2,false,-45,[6],7],[22,1.1,3,-46]],[0,"79RSnSeHtG2rtLNSeeJIyf",1],[5,59,59],[318,598,0,0,0,0,1,1,1,0]],[1,"New Label",5,[[13,"PLAY",35,false,1,1,-47,[12],13],[14,2,-48,[4,4278224155]]],[0,"92S7b4n+BGwKHqBj5h5MRZ",1],[5,98.5,54.4],[0,4.021,0,0,0,0,1,1,1,1]],[1,"New Label",7,[[13,"PLAY",35,false,1,1,-49,[29],30],[14,2,-50,[4,4278224155]]],[0,"a9dW1Kv2xLSr/kCvnLuSC9",1],[5,98.5,54.4],[0,3.104,0,0,0,0,1,1,1,1]],[19,"New Label",10,[[24,"PLAYGROUND",60,100,false,1,1,-51,[2],3]],[0,"30lPywoZVMmZ0VNOH8wjCz",1],[4,4278989918],[5,433.68,126],[0,-24.471000000000004,0,0,0,0,1,1,1,1]],[1,"bg1",3,[[3,1,0,-52,[8],9]],[0,"25HVuGmrNGZJh3NFGPihOW",1],[5,497,329],[0,50.698,0,0,0,0,1,1,1,1]],[1,"title_zm",3,[[5,-53,[10],11]],[0,"8e/uGgRHVN0qkFhig8hlHQ",1],[5,429,91],[-9.171,218.606,0,0,0,0,1,1,1,1]],[1,"diamond",3,[[5,-54,[16],17]],[0,"09JvdEiwZJD6fmv7F2iX6D",1],[5,189,184],[204.895,-160.656,0,0,0,0,1,1,1,1]],[7,"RICHTEXT_CHILD",1024,6,[[6,"Receive rewards:",22,50,false,1,-55,[18],19]],[0,"cdm7G6RQVHe6orVQPsNrNp",1],[4,4281888932],[5,193.16,63],[0,0,0],[-117.195,-31.5,0,0,0,0,1,1,1,1]],[7,"RICHTEXT_CHILD",1024,6,[[6,"3/3",22,50,false,1,-56,[20],21]],[0,"3eYleHYcBI7blqaPLqgtxz",1],[4,4281583995],[5,41.23,63],[0,0,0],[75.965,-31.5,0,0,0,0,1,1,1,1]],[1,"bg1",2,[[3,1,0,-57,[25],26]],[0,"3b6cjg2PlIu6dUhVv492k4",1],[5,497,329],[0,50.698,0,0,0,0,1,1,1,1]],[1,"title_zm",2,[[5,-58,[27],28]],[0,"9bxg2DpgFGyIh/heZ4mQHH",1],[5,429,91],[-9.171,218.606,0,0,0,0,1,1,1,1]],[1,"diamond",2,[[5,-59,[33],34]],[0,"77dKx67ZJDu4btE90Rq5mj",1],[5,189,184],[204.895,-160.656,0,0,0,0,1,1,1,1]],[1,"zuma",2,[[9,"default","animation",0,"animation",-60,[35],36]],[0,"54nehWD9hK7ZT3woDx4D+F",1],[5,720,1280],[203.893,114.273,0,0,0,0,1,1,1,1]],[7,"RICHTEXT_CHILD",1024,8,[[6,"Receive rewards:",22,50,false,1,-61,[37],38]],[0,"29XNjlFGpKEKh8FT7b/Lk7",1],[4,4281888932],[5,193.16,63],[0,0,0],[-117.195,-31.5,0,0,0,0,1,1,1,1]],[7,"RICHTEXT_CHILD",1024,8,[[6,"3/3",22,50,false,1,-62,[39],40]],[0,"2fyTsmbZZF4Jv9JKeflmcH",1],[4,4281583995],[5,41.23,63],[0,0,0],[75.965,-31.5,0,0,0,0,1,1,1,1]],[1,"line",4,[[2,0,-63,[44],45]],[0,"89Xk04MjhLI7zUOIrgzkJW",1],[5,100,8],[-175.637,-377.723,0,0,0,0,1,1,1,1]],[1,"line",4,[[2,0,-64,[46],47]],[0,"3cy6Bz+GtNrY8Nr1O0bt8A",1],[5,150,8],[-57.652,-220.766,0,0,0,0,1,1,1,1]],[1,"line",4,[[2,0,-65,[48],49]],[0,"25PrOmHUlKJrsCuDNNjQDf",1],[5,195,8],[107.74,-375.842,0,0,0,0,1,1,1,1]],[8,"line",4,[[2,0,-66,[50],51]],[0,"a9MgIjGE5PQpWhqimSQf2w",1],[5,160,8],[-129.665,-297.123,0,0,0,0.7071067811865475,0.7071067811865476,1,1,1],[1,0,0,90]],[8,"line",4,[[2,0,-67,[52],53]],[0,"d4qZI+gH1KMIP4h2kunlkI",1],[5,160,8],[13.658,-298.609,0,0,0,0.7071067811865475,0.7071067811865476,1,1,1],[1,0,0,90]],[8,"line",4,[[2,0,-68,[54],55]],[0,"24beD4aWVADoTmStjvutur",1],[5,150,8],[201.132,-298.007,0,0,0,0.7071067811865475,0.7071067811865476,1,1,1],[1,0,0,90]],[1,"zhaocha_yanshi",1,[[9,"default","animation",0,"animation",-69,[56],57]],[0,"477PnyWQtEwooxzAJyt1WN",1],[5,670.81,231.02],[0,211.302,0,0,0,0,1,1,1,1]],[1,"zuma_yanshi",1,[[9,"default","animation",0,"animation",-70,[58],59]],[0,"67vkpJwP9JSavcZdm6St3J",1],[5,879.4,618.86],[6.483,-328.472,0,0,0,0,1,1,1,1]]],0,[0,6,1,0,-1,9,0,-2,10,0,-3,11,0,-4,3,0,-5,2,0,-6,4,0,-7,32,0,-8,33,0,0,2,0,-1,20,0,-2,21,0,-3,7,0,-4,22,0,-5,23,0,-6,8,0,0,3,0,-1,15,0,-2,16,0,-3,5,0,-4,17,0,-5,6,0,-1,26,0,-2,27,0,-3,28,0,-4,29,0,-5,30,0,-6,31,0,0,5,0,0,5,0,-1,12,0,0,6,0,-1,18,0,-2,19,0,0,7,0,0,7,0,-1,13,0,0,8,0,-1,24,0,-2,25,0,0,9,0,0,9,0,0,10,0,-1,14,0,0,11,0,0,11,0,0,12,0,0,12,0,0,13,0,0,13,0,0,14,0,0,15,0,0,16,0,0,17,0,0,18,0,0,19,0,0,20,0,0,21,0,0,22,0,0,23,0,0,24,0,0,25,0,0,26,0,0,27,0,0,28,0,0,29,0,0,30,0,0,31,0,0,32,0,0,33,0,7,1,70],[0,0,0,0,0,0,0,0,0,0,0,0,0,0,0,0,0,0,0,0,0,0,0,0,0,0,0,0,0,0,0,0,0,0,0,0,0,0,0,0,0,0,0,0,0,0,0,0,0,0,0,0,0,0,0,0,0,0,0,0],[-1,1,-1,2,-1,1,-1,1,-1,1,-1,1,-1,2,-1,1,-1,1,-1,2,-1,2,5,-1,1,-1,1,-1,1,-1,2,-1,1,-1,1,-1,4,-1,2,-1,2,5,-1,1,-1,1,-1,1,-1,1,-1,1,-1,1,-1,1,-1,4,-1,4],[0,9,0,1,0,10,0,11,0,5,0,12,0,1,0,6,0,7,0,1,0,1,1,0,8,0,5,0,13,0,1,0,6,0,7,4,14,0,1,0,1,1,0,8,0,3,0,3,0,3,0,3,0,3,0,3,4,15,4,16]]]]